"Path","Slice Name","Alias(s)","Label","Min","Max","Must Support?","Is Modifier?","Is Summary?","Type(s)","Short","Definition","Comments","Requirements","Default Value","Meaning When Missing","Fixed Value","Pattern","Example","Minimum Value","Maximum Value","Maximum Length","Binding Strength","Binding Description","Binding Value Set","Code","Slicing Discriminator","Slicing Description","Slicing Ordered","Slicing Rules","Base Path","Base Min","Base Max","Condition(s)","Constraint(s)","Mapping: Workflow Pattern","Mapping: RIM Mapping","Mapping: FiveWs Pattern Mapping","Mapping: Canadian Dental Association eclaims standard","Mapping: HL7 v2 Mapping","Mapping: Canadian Pharmacy Associaiton eclaims standard"
"Coverage","","","",0,*,"","","","","Insurance or medical plan or a payment agreement　保険または医療費支払いプラン、または合意された支払い方法","Financial instrument which may be used to reimburse or pay for health care products and services. Includes both insurance and self-payment.

ヘルスケア製品およびサービスの償還または支払いに使用される可能性のある金融商品。 保険と自己負担の両方が含まれる。","The Coverage resource contains the insurance card level information, which is customary to provide on claims and other communications between providers and insurers.

Coverageには、保険証レベルの情報が含まれている。これは、保険金請求やプロバイダーと保険会社間のその他の通信で提供するのが通例である。","","","","","","","","",,,,,"",,,,"Coverage",0,*,"","dom-2:If the resource is contained in another resource, it SHALL NOT contain nested Resources {contained.contained.empty()}
dom-3:If the resource is contained in another resource, it SHALL be referred to from elsewhere in the resource or SHALL refer to the containing resource {contained.where((('#'+id in (%resource.descendants().reference | %resource.descendants().as(canonical) | %resource.descendants().as(uri) | %resource.descendants().as(url))) or descendants().where(reference = '#').exists() or descendants().where(as(canonical) = '#').exists() or descendants().where(as(canonical) = '#').exists()).not()).trace('unmatched', id).empty()}dom-4:If a resource is contained in another resource, it SHALL NOT have a meta.versionId or a meta.lastUpdated {contained.meta.versionId.empty() and contained.meta.lastUpdated.empty()}dom-5:If a resource is contained in another resource, it SHALL NOT have a security label {contained.meta.security.empty()}dom-6:A resource should have narrative for robust management {text.`div`.exists()}","Event","Entity. Role, or Act","Coverage"
"Coverage.id","","","",0,1,"","","Y","string {[]} {[]}
","Logical id of this artifact","The logical id of the resource, as used in the URL for the resource. Once assigned, this value never changes.","The only time that a resource does not have an id is when it is being submitted to the server using a create operation.","","","","","","","","",,,,,"",,,,"Resource.id",0,1,"",""
"Coverage.meta","","","",0,1,"","","Y","Meta {[]} {[]}
","Metadata about the resource","The metadata about the resource. This is content that is maintained by the infrastructure. Changes to the content might not always be associated with version changes to the resource.","","","","","","","","","",,,,,"",,,,"Resource.meta",0,1,"","ele-1:All FHIR elements must have a @value or children {hasValue() or (children().count() > id.count())}
"
"Coverage.implicitRules","","","",0,1,"","Y","Y","uri {[]} {[]}
","A set of rules under which this content was created","A reference to a set of rules that were followed when the resource was constructed, and which must be understood when processing the content. Often, this is a reference to an implementation guide that defines the special rules along with other profiles etc.","Asserting this rule set restricts the content to be only understood by a limited set of trading partners. This inherently limits the usefulness of the data in the long term. However, the existing health eco-system is highly fractured, and not yet ready to define, collect, and exchange data in a generally computable sense. Wherever possible, implementers and/or specification writers should avoid using this element. Often, when used, the URL is a reference to an implementation guide that defines these special rules as part of it's narrative along with other profiles, value sets, etc.","","","","","","","","",,,,,"",,,,"Resource.implicitRules",0,1,"","ele-1:All FHIR elements must have a @value or children {hasValue() or (children().count() > id.count())}
"
"Coverage.language","","","",0,1,"","","","code {[]} {[]}
","Language of the resource content","The base language in which the resource is written.","Language is provided to support indexing and accessibility (typically, services such as text to speech use the language tag). The html language tag in the narrative applies  to the narrative. The language tag on the resource may be used to specify the language of other presentations generated from the data in the resource. Not all the content has to be in the base language. The Resource.language should not be assumed to apply to the narrative automatically. If a language is specified, it should it also be specified on the div element in the html (see rules in HTML5 for information about the relationship between xml:lang and the html lang attribute).","","","","","","","","",,"preferred","A human language.","http://hl7.org/fhir/ValueSet/languages","",,,,"Resource.language",0,1,"","ele-1:All FHIR elements must have a @value or children {hasValue() or (children().count() > id.count())}
"
"Coverage.text","","narrative
htmlxhtmldisplay","",0,1,"","","","Narrative {[]} {[]}
","このリソースのショートサマリーで人が読んでわかるテキスト表現","このリソースのショートサマリーで人が読んでわかるテキスト表現","Contained resources do not have narrative. Resources that are not contained SHOULD have a narrative. In some cases, a resource may only have text with little or no additional discrete data (as long as all minOccurs=1 elements are satisfied).  This may be necessary for data from legacy systems where information is captured as a ""text blob"" or where text is additionally entered raw or narrated and encoded information is added later.","","","","","","","","",,,,,"",,,,"DomainResource.text",0,1,"","ele-1:All FHIR elements must have a @value or children {hasValue() or (children().count() > id.count())}
","Act.text?"
"Coverage.text.id","","","",0,1,"","","","string {[]} {[]}
","Unique id for inter-element referencing","Unique id for the element within a resource (for internal references). This may be any string value that does not contain spaces.","","","","","","","","","",,,,,"",,,,"Element.id",0,1,"","","n/a"
"Coverage.text.extension","","extensions
user content","",0,*,"","","","Extension {[]} {[]}
","Additional content defined by implementations","May be used to represent additional information that is not part of the basic definition of the element. To make the use of extensions safe and manageable, there is a strict set of governance  applied to the definition and use of extensions. Though any implementer can define an extension, there is a set of requirements that SHALL be met as part of the definition of the extension.","There can be no stigma associated with the use of extensions by any application, project, or standard - regardless of the institution or jurisdiction that uses or defines the extensions.  The use of extensions is what allows the FHIR specification to retain a core level of simplicity for everyone.","","","","","","","","",,,,,"","value:url}
","Extensions are always sliced by (at least) url",,"open","Element.extension",0,*,"","ele-1:All FHIR elements must have a @value or children {hasValue() or (children().count() > id.count())}
ext-1:Must have either extensions or value[x], not both {extension.exists() != value.exists()}","n/a"
"Coverage.text.status","","","",1,1,"","","","code {[]} {[]}
","""テキスト内容の全てがリソースのコンテンツから生成されたことを示す。
generated　固定値","""テキスト内容の全てがリソースのコンテンツから生成されたことを示す。
generated　固定値","","","","","","","","","",,"required","The status of a resource narrative.","http://hl7.org/fhir/ValueSet/narrative-status|4.0.1","",,,,"Narrative.status",1,1,"","ele-1:All FHIR elements must have a @value or children {hasValue() or (children().count() > id.count())}
","N/A"
"Coverage.text.div","","","",1,1,"","","","xhtml {[]} {[]}
","本リソースの構造化情報から生成したテキスト表現\\r\\nXHTML形式。","本リソースの構造化情報から生成したテキスト表現をいれてもよい。\\r\\nXHTML形式。","The contents of the html element are an XHTML fragment containing only the basic html formatting elements described in chapters 7-11 and 15 of the HTML 4.0 standard, <a> elements (either name or href), images and internally contained stylesheets. The XHTML content SHALL NOT contain a head, a body, external stylesheet references, scripts, forms, base/link/xlink, frames, iframes and objects.","","","","","","","","",,,,,"",,,,"Narrative.div",1,1,"","ele-1:All FHIR elements must have a @value or children {hasValue() or (children().count() > id.count())}
txt-1:The narrative SHALL contain only the basic html formatting elements and attributes described in chapters 7-11 (except section 4 of chapter 9) and 15 of the HTML 4.0 standard, <a> elements (either name or href), images and internally contained style attributes {htmlChecks()}txt-2:The narrative SHALL have some non-whitespace content {htmlChecks()}","N/A"
"Coverage.contained","","inline resources
anonymous resourcescontained resources","",0,0,"","","","Resource {[]} {[]}
","Contained, inline Resources","These resources do not have an independent existence apart from the resource that contains them - they cannot be identified independently, and nor can they have their own independent transaction scope.","This should never be done when the content can be identified properly, as once identification is lost, it is extremely difficult (and context dependent) to restore it again. Contained resources may have profiles and tags In their meta elements, but SHALL NOT have security labels.","","","","","","","","",,,,,"",,,,"DomainResource.contained",0,*,"","","N/A"
"Coverage.extension","","extensions
user content","",0,*,"","","","Extension {[]} {[]}
","Additional content defined by implementations","May be used to represent additional information that is not part of the basic definition of the resource. To make the use of extensions safe and manageable, there is a strict set of governance  applied to the definition and use of extensions. Though any implementer can define an extension, there is a set of requirements that SHALL be met as part of the definition of the extension.","There can be no stigma associated with the use of extensions by any application, project, or standard - regardless of the institution or jurisdiction that uses or defines the extensions.  The use of extensions is what allows the FHIR specification to retain a core level of simplicity for everyone.","","","","","","","","",,,,,"","value:url}
","",,"open","DomainResource.extension",0,*,"","ele-1:All FHIR elements must have a @value or children {hasValue() or (children().count() > id.count())}
ext-1:Must have either extensions or value[x], not both {extension.exists() != value.exists()}","N/A"
"Coverage.extension","InsuredPersonSymbol","","",0,0,"","","","Extension {[CanonicalType[http://jpfhir.jp/fhir/core/Extension/StructureDefinition/JP_Coverage_InsuredPersonSymbol]]} {[]}
","健康保険における被保険者証記号","健康保険における被保険者証記号を示す拡張","健康保険における被保険者証記号を示す拡張","","","","","","","","",,,,,"",,,,"DomainResource.extension",0,*,"","ele-1:All FHIR elements must have a @value or children {hasValue() or (children().count() > id.count())}
ext-1:Must have either extensions or value[x], not both {extension.exists() != value.exists()}","n/a","N/A"
"Coverage.extension.id","","","",0,1,"","","","string {[]} {[]}
","Unique id for inter-element referencing","Unique id for the element within a resource (for internal references). This may be any string value that does not contain spaces.","","","","","","","","","",,,,,"",,,,"Element.id",0,1,"","","n/a"
"Coverage.extension.extension","","extensions
user content","",0,0,"","","","Extension {[]} {[]}
","Additional content defined by implementations","May be used to represent additional information that is not part of the basic definition of the element. To make the use of extensions safe and manageable, there is a strict set of governance  applied to the definition and use of extensions. Though any implementer can define an extension, there is a set of requirements that SHALL be met as part of the definition of the extension.","There can be no stigma associated with the use of extensions by any application, project, or standard - regardless of the institution or jurisdiction that uses or defines the extensions.  The use of extensions is what allows the FHIR specification to retain a core level of simplicity for everyone.","","","","","","","","",,,,,"","value:url}
","Extensions are always sliced by (at least) url",,"open","Element.extension",0,*,"","ele-1:All FHIR elements must have a @value or children {hasValue() or (children().count() > id.count())}
ext-1:Must have either extensions or value[x], not both {extension.exists() != value.exists()}","n/a"
"Coverage.extension.url","","","",1,1,"","","","uri {[]} {[]}
","identifies the meaning of the extension","Source of the definition for the extension code - a logical name or a URL.","The definition may point directly to a computable or human-readable definition of the extensibility codes, or it may be a logical URI as declared in some other specification. The definition SHALL be a URI for the Structure Definition defining the extension.","","","","<valueUri xmlns=""http://hl7.org/fhir"" value=""http://jpfhir.jp/fhir/core/Extension/StructureDefinition/JP_Coverage_InsuredPersonSymbol""/>","","","","",,,,,"",,,,"Extension.url",1,1,"","","N/A"
"Coverage.extension.value[x]","","","",0,1,"","","","string {[]} {[]}
","Value of extension","Value of extension - must be one of a constrained set of the data types (see [Extensibility](http://hl7.org/fhir/R4/extensibility.html) for a list).","A stream of bytes, base64 encoded

【JP-CORE】
被保険者記号の文字列。","","","","","","","","",,,,,"",,,,"Extension.value[x]",0,1,"","ele-1:All FHIR elements must have a @value or children {hasValue() or (children().count() > id.count())}
","N/A"
"Coverage.extension","InsuredPersonNumber","","",0,0,"","","","Extension {[CanonicalType[http://jpfhir.jp/fhir/core/Extension/StructureDefinition/JP_Coverage_InsuredPersonNumber]]} {[]}
","健康保険における被保険者証番号","健康保険における被保険者証番号を示す拡張","健康保険における被保険者証番号を示す拡張","","","","","","","","",,,,,"",,,,"DomainResource.extension",0,*,"","ele-1:All FHIR elements must have a @value or children {hasValue() or (children().count() > id.count())}
ext-1:Must have either extensions or value[x], not both {extension.exists() != value.exists()}","n/a","N/A"
"Coverage.extension.id","","","",0,1,"","","","string {[]} {[]}
","Unique id for inter-element referencing","Unique id for the element within a resource (for internal references). This may be any string value that does not contain spaces.","","","","","","","","","",,,,,"",,,,"Element.id",0,1,"","","n/a"
"Coverage.extension.extension","","extensions
user content","",0,0,"","","","Extension {[]} {[]}
","Additional content defined by implementations","May be used to represent additional information that is not part of the basic definition of the element. To make the use of extensions safe and manageable, there is a strict set of governance  applied to the definition and use of extensions. Though any implementer can define an extension, there is a set of requirements that SHALL be met as part of the definition of the extension.","There can be no stigma associated with the use of extensions by any application, project, or standard - regardless of the institution or jurisdiction that uses or defines the extensions.  The use of extensions is what allows the FHIR specification to retain a core level of simplicity for everyone.","","","","","","","","",,,,,"","value:url}
","Extensions are always sliced by (at least) url",,"open","Element.extension",0,*,"","ele-1:All FHIR elements must have a @value or children {hasValue() or (children().count() > id.count())}
ext-1:Must have either extensions or value[x], not both {extension.exists() != value.exists()}","n/a"
"Coverage.extension.url","","","",1,1,"","","","uri {[]} {[]}
","identifies the meaning of the extension","Source of the definition for the extension code - a logical name or a URL.","The definition may point directly to a computable or human-readable definition of the extensibility codes, or it may be a logical URI as declared in some other specification. The definition SHALL be a URI for the Structure Definition defining the extension.","","","","<valueUri xmlns=""http://hl7.org/fhir"" value=""http://jpfhir.jp/fhir/core/Extension/StructureDefinition/JP_Coverage_InsuredPersonNumber""/>","","","","",,,,,"",,,,"Extension.url",1,1,"","","N/A"
"Coverage.extension.value[x]","","","",0,1,"","","","string {[]} {[]}
","Value of extension","Value of extension - must be one of a constrained set of the data types (see [Extensibility](http://hl7.org/fhir/R4/extensibility.html) for a list).","A stream of bytes, base64 encoded

【JP-CORE】
被保険者番号","","","","","","","","",,,,,"",,,,"Extension.value[x]",0,1,"","ele-1:All FHIR elements must have a @value or children {hasValue() or (children().count() > id.count())}
","N/A"
"Coverage.extension","InsuredPersonSubNumber","","",0,0,"","","","Extension {[CanonicalType[http://jpfhir.jp/fhir/core/Extension/StructureDefinition/JP_Coverage_InsuredPersonSubNumber]]} {[]}
","健康保険における被保険者証番号の枝番","健康保険における被保険者証番号の枝番を示す拡張","健康保険における被保険者証番号の枝番を示す拡張","","","","","","","","",,,,,"",,,,"DomainResource.extension",0,*,"","ele-1:All FHIR elements must have a @value or children {hasValue() or (children().count() > id.count())}
ext-1:Must have either extensions or value[x], not both {extension.exists() != value.exists()}","n/a","N/A"
"Coverage.extension.id","","","",0,1,"","","","string {[]} {[]}
","Unique id for inter-element referencing","Unique id for the element within a resource (for internal references). This may be any string value that does not contain spaces.","","","","","","","","","",,,,,"",,,,"Element.id",0,1,"","","n/a"
"Coverage.extension.extension","","extensions
user content","",0,0,"","","","Extension {[]} {[]}
","Additional content defined by implementations","May be used to represent additional information that is not part of the basic definition of the element. To make the use of extensions safe and manageable, there is a strict set of governance  applied to the definition and use of extensions. Though any implementer can define an extension, there is a set of requirements that SHALL be met as part of the definition of the extension.","There can be no stigma associated with the use of extensions by any application, project, or standard - regardless of the institution or jurisdiction that uses or defines the extensions.  The use of extensions is what allows the FHIR specification to retain a core level of simplicity for everyone.","","","","","","","","",,,,,"","value:url}
","Extensions are always sliced by (at least) url",,"open","Element.extension",0,*,"","ele-1:All FHIR elements must have a @value or children {hasValue() or (children().count() > id.count())}
ext-1:Must have either extensions or value[x], not both {extension.exists() != value.exists()}","n/a"
"Coverage.extension.url","","","",1,1,"","","","uri {[]} {[]}
","identifies the meaning of the extension","Source of the definition for the extension code - a logical name or a URL.","The definition may point directly to a computable or human-readable definition of the extensibility codes, or it may be a logical URI as declared in some other specification. The definition SHALL be a URI for the Structure Definition defining the extension.","","","","<valueUri xmlns=""http://hl7.org/fhir"" value=""http://jpfhir.jp/fhir/core/Extension/StructureDefinition/JP_Coverage_InsuredPersonSubNumber""/>","","","","",,,,,"",,,,"Extension.url",1,1,"","","N/A"
"Coverage.extension.value[x]","","","",0,1,"","","","string {[]} {[]}
","Value of extension","Value of extension - must be one of a constrained set of the data types (see [Extensibility](http://hl7.org/fhir/R4/extensibility.html) for a list).","A stream of bytes, base64 encoded

【JP-CORE】
2桁の半角数字文字列。一桁の場合には先頭に０をつけて2桁にする。","","","","","","","","",,,,,"",,,,"Extension.value[x]",0,1,"","ele-1:All FHIR elements must have a @value or children {hasValue() or (children().count() > id.count())}
","N/A"
"Coverage.modifierExtension","","extensions
user content","",0,*,"","Y","","Extension {[]} {[]}
","Extensions that cannot be ignored","May be used to represent additional information that is not part of the basic definition of the resource and that modifies the understanding of the element that contains it and/or the understanding of the containing element's descendants. Usually modifier elements provide negation or qualification. To make the use of extensions safe and manageable, there is a strict set of governance applied to the definition and use of extensions. Though any implementer is allowed to define an extension, there is a set of requirements that SHALL be met as part of the definition of the extension. Applications processing a resource are required to check for modifier extensions.

Modifier extensions SHALL NOT change the meaning of any elements on Resource or DomainResource (including cannot change the meaning of modifierExtension itself).","There can be no stigma associated with the use of extensions by any application, project, or standard - regardless of the institution or jurisdiction that uses or defines the extensions.  The use of extensions is what allows the FHIR specification to retain a core level of simplicity for everyone.","Modifier extensions allow for extensions that *cannot* be safely ignored to be clearly distinguished from the vast majority of extensions which can be safely ignored.  This promotes interoperability by eliminating the need for implementers to prohibit the presence of extensions. For further information, see the [definition of modifier extensions](http://hl7.org/fhir/R4/extensibility.html#modifierExtension).","","","","","","","",,,,,"",,,,"DomainResource.modifierExtension",0,*,"","ele-1:All FHIR elements must have a @value or children {hasValue() or (children().count() > id.count())}
ext-1:Must have either extensions or value[x], not both {extension.exists() != value.exists()}","N/A"
"Coverage.identifier","","","",0,*,"","","Y","Identifier {[]} {[]}
","Business Identifier for the coverage　このカバレッジに割り当てられた一意の識別子。","A unique identifier assigned to this coverage.

このカバレッジに割り当てられた一意の識別子。","The main (and possibly only) identifier for the coverage - often referred to as a Member Id, Certificate number, Personal Health Number or Case ID. May be constructed as the concatenation of the Coverage.SubscriberID and the Coverage.dependant.

カバレッジのメイン（および場合によっては唯一の）識別子-多くの場合、メンバーID、証明書番号、個人の健康番号、またはケースIDと呼ばれます。 Coverage.SubscriberIDとCoverage.dependantの連結として構築できます","Allows coverages to be distinguished and referenced.


カバレッジを区別して参照できるようにします。","","","","","","","",,,,,"",,,,"Coverage.identifier",0,*,"","ele-1:All FHIR elements must have a @value or children {hasValue() or (children().count() > id.count())}
","Event.identifier",".id","FiveWs.identifier","C02","IN1-2","C.32, C.33, C.39"
"Coverage.status","","","",1,1,"","Y","Y","code {[]} {[]}
","リソースインスタンスのステータス","リソースインスタンスのステータス。固定値active。処方箋発行時に真に有効な保険かどうかは意味しない。","This element is labeled as a modifier because the status contains the code entered-in-error that marks the coverage as not currently valid.

ステータスには、カバレッジが現在無効であることを示すエラー入力されたコードが含まれているため、この要素は修飾子としてラベル付けされます。","Need to track the status of the resource as 'draft' resources may undergo further edits while 'active' resources are immutable and may only have their status changed to 'cancelled'.


「ドラフト」リソースはさらに編集される可能性があり、「アクティブ」リソースは不変であり、ステータスが「キャンセル」に変更されるだけである可能性があるため、リソースのステータスを追跡する必要があります。","","","<valueCode xmlns=""http://hl7.org/fhir"" value=""active""/>","","","","",,"required","A code specifying the state of the resource instance.","http://hl7.org/fhir/ValueSet/fm-status|4.0.1","",,,,"Coverage.status",1,1,"","ele-1:All FHIR elements must have a @value or children {hasValue() or (children().count() > id.count())}
","Event.status","Act.status","FiveWs.status"
"Coverage.type","","","",1,1,"Y","","Y","CodeableConcept {[]} {[]}
","保険種別コード","The type of coverage: social program, medical plan, accident coverage (workers compensation, auto), group health or payment by an individual or organization.

補償の種類：社会プログラム、医療計画、事故補償（労働者災害補償、自動車）、グループの健康、または個人または組織による支払い。","Not all terminology uses fit this general pattern. In some cases, models should not use CodeableConcept and use Coding directly and provide their own structure for managing text, codings, translations and the relationship between elements and pre- and post-coordination.

すべてのターミノロジーの使用がこの一般的なパターンに適合するわけではない。場合によっては、モデルはCodeableConceptを使用せず、コーディングを直接使用して、テキスト、コーディング、翻訳、および要素間の関係とpre-coordinationとpost-coordinationの用語関係を管理するための独自の構造を提供する必要がある。

【JP-CORE】
厚労省保険局の電子処方等で使用される保険種別コード（system=”urn:oid:1.2.392.100495.20.2.61”）として、https://www.mhlw.go.jp/content/10800000/000342368.pdf　の別表１１が使用できる。","The order of application of coverages is dependent on the types of coverage.

カバレッジの適用順序は、カバレッジのタイプによって異なります。","","","","","","","",,"preferred","The type of insurance: public health, worker compensation; private accident, auto, private health, etc.) or a direct payment by an individual or organization.","http://hl7.org/fhir/ValueSet/coverage-type","",,,,"Coverage.type",0,1,"","ele-1:All FHIR elements must have a @value or children {hasValue() or (children().count() > id.count())}
","FiveWs.class","IN1-15"
"Coverage.type.id","","","",0,1,"","","","string {[]} {[]}
","Unique id for inter-element referencing","Unique id for the element within a resource (for internal references). This may be any string value that does not contain spaces.","","","","","","","","","",,,,,"",,,,"Element.id",0,1,"","","n/a"
"Coverage.type.extension","","extensions
user content","",0,*,"","","","Extension {[]} {[]}
","Additional content defined by implementations","May be used to represent additional information that is not part of the basic definition of the element. To make the use of extensions safe and manageable, there is a strict set of governance  applied to the definition and use of extensions. Though any implementer can define an extension, there is a set of requirements that SHALL be met as part of the definition of the extension.","There can be no stigma associated with the use of extensions by any application, project, or standard - regardless of the institution or jurisdiction that uses or defines the extensions.  The use of extensions is what allows the FHIR specification to retain a core level of simplicity for everyone.","","","","","","","","",,,,,"","value:url}
","Extensions are always sliced by (at least) url",,"open","Element.extension",0,*,"","ele-1:All FHIR elements must have a @value or children {hasValue() or (children().count() > id.count())}
ext-1:Must have either extensions or value[x], not both {extension.exists() != value.exists()}","n/a"
"Coverage.type.coding","","","",1,1,"Y","","Y","Coding {[]} {[]}
","Code defined by a terminology system","A reference to a code defined by a terminology system.","Codes may be defined very casually in enumerations, or code lists, up to very formal definitions such as SNOMED CT - see the HL7 v3 Core Principles for more information.  Ordering of codings is undefined and SHALL NOT be used to infer meaning. Generally, at most only one of the coding values will be labeled as UserSelected = true.","Allows for alternative encodings within a code system, and translations to other code systems.","","","","","","","",,,,,"",,,,"CodeableConcept.coding",0,*,"","ele-1:All FHIR elements must have a @value or children {hasValue() or (children().count() > id.count())}
","union(., ./translation)","C*E.1-8, C*E.10-22"
"Coverage.type.coding.id","","","",0,1,"","","","string {[]} {[]}
","Unique id for inter-element referencing","Unique id for the element within a resource (for internal references). This may be any string value that does not contain spaces.","","","","","","","","","",,,,,"",,,,"Element.id",0,1,"","","n/a"
"Coverage.type.coding.extension","","extensions
user content","",0,*,"","","","Extension {[]} {[]}
","Additional content defined by implementations","May be used to represent additional information that is not part of the basic definition of the element. To make the use of extensions safe and manageable, there is a strict set of governance  applied to the definition and use of extensions. Though any implementer can define an extension, there is a set of requirements that SHALL be met as part of the definition of the extension.","There can be no stigma associated with the use of extensions by any application, project, or standard - regardless of the institution or jurisdiction that uses or defines the extensions.  The use of extensions is what allows the FHIR specification to retain a core level of simplicity for everyone.","","","","","","","","",,,,,"","value:url}
","Extensions are always sliced by (at least) url",,"open","Element.extension",0,*,"","ele-1:All FHIR elements must have a @value or children {hasValue() or (children().count() > id.count())}
ext-1:Must have either extensions or value[x], not both {extension.exists() != value.exists()}","n/a"
"Coverage.type.coding.system","","","",1,1,"Y","","Y","uri {[]} {[]}
","保険種別コード体系を識別するURI","保険種別コード　厚生労働省電子処方箋 CDA 記述仕様第１版　別表１１のOID","The URI may be an OID (urn:oid:...) or a UUID (urn:uuid:...).  OIDs and UUIDs SHALL be references to the HL7 OID registry. Otherwise, the URI should come from HL7's list of FHIR defined special URIs or it should reference to some definition that establishes the system clearly and unambiguously.","Need to be unambiguous about the source of the definition of the symbol.","","","<valueUri xmlns=""http://hl7.org/fhir"" value=""urn:oid:1.2.392.100495.20.2.61""/>","","","","",,,,,"",,,,"Coding.system",0,1,"","ele-1:All FHIR elements must have a @value or children {hasValue() or (children().count() > id.count())}
","./codeSystem","C*E.3"
"Coverage.type.coding.version","","","",0,1,"","","Y","string {[]} {[]}
","Version of the system - if relevant","The version of the code system which was used when choosing this code. Note that a well-maintained code system does not need the version reported, because the meaning of codes is consistent across versions. However this cannot consistently be assured, and when the meaning is not guaranteed to be consistent, the version SHOULD be exchanged.","Where the terminology does not clearly define what string should be used to identify code system versions, the recommendation is to use the date (expressed in FHIR date format) on which that version was officially published as the version date.","","","","","","","","",,,,,"",,,,"Coding.version",0,1,"","ele-1:All FHIR elements must have a @value or children {hasValue() or (children().count() > id.count())}
","./codeSystemVersion","C*E.7"
"Coverage.type.coding.code","","","",1,1,"Y","","Y","code {[]} {[]}
","保険種別コード 公費8","保険種別コード　厚生労働省電子処方箋 CDA 記述仕様第１版　別表１１のコード表に従う。
8で固定。
1 医保2 国保3 労災4 自賠責5 公害6 自費7 後期高齢者8 公費","","Need to refer to a particular code in the system.","","","<valueCode xmlns=""http://hl7.org/fhir"" value=""8""/>","","","","",,,,,"",,,,"Coding.code",0,1,"","ele-1:All FHIR elements must have a @value or children {hasValue() or (children().count() > id.count())}
","./code","C*E.1"
"Coverage.type.coding.display","","","",0,1,"","","Y","string {[]} {[]}
","Representation defined by the system","A representation of the meaning of the code in the system, following the rules of the system.","","Need to be able to carry a human-readable meaning of the code for readers that do not know  the system.","","","","","","","",,,,,"",,,,"Coding.display",0,1,"","ele-1:All FHIR elements must have a @value or children {hasValue() or (children().count() > id.count())}
","CV.displayName","C*E.2 - but note this is not well followed"
"Coverage.type.coding.userSelected","","","",0,0,"","","Y","boolean {[]} {[]}
","If this coding was chosen directly by the user","Indicates that this coding was chosen by a user directly - e.g. off a pick list of available items (codes or displays).","Amongst a set of alternatives, a directly chosen code is the most appropriate starting point for new translations. There is some ambiguity about what exactly 'directly chosen' implies, and trading partner agreement may be needed to clarify the use of this element and its consequences more completely.","This has been identified as a clinical safety criterium - that this exact system/code pair was chosen explicitly, rather than inferred by the system based on some rules or language processing.","","","","","","","",,,,,"",,,,"Coding.userSelected",0,1,"","ele-1:All FHIR elements must have a @value or children {hasValue() or (children().count() > id.count())}
","CD.codingRationale","Sometimes implied by being first"
"Coverage.type.text","","","",0,0,"","","Y","string {[]} {[]}
","Plain text representation of the concept","A human language representation of the concept as seen/selected/uttered by the user who entered the data and/or which represents the intended meaning of the user.","Very often the text is the same as a displayName of one of the codings.","The codes from the terminologies do not always capture the correct meaning with all the nuances of the human using them, or sometimes there is no appropriate code at all. In these cases, the text is used to capture the full meaning of the source.","","","","","","","",,,,,"",,,,"CodeableConcept.text",0,1,"","ele-1:All FHIR elements must have a @value or children {hasValue() or (children().count() > id.count())}
","./originalText[mediaType/code=""text/plain""]/data","C*E.9. But note many systems use C*E.2 for this"
"Coverage.policyHolder","","","",0,0,"","","Y","Reference {[]} {[CanonicalType[http://hl7.org/fhir/StructureDefinition/Patient], CanonicalType[http://hl7.org/fhir/StructureDefinition/RelatedPerson], CanonicalType[http://hl7.org/fhir/StructureDefinition/Organization]]}
","Owner of the policy　ポリシーの所有者","The party who 'owns' the insurance policy.

保険証券を「所有する」当事者。","For example: may be an individual, corporation or the subscriber's employer.

例：個人、企業、または加入者の雇用主である可能性があります。","This provides employer information in the case of Worker's Compensation and other policies.

これは、労働者災害補償およびその他のポリシーの場合に雇用者情報を提供します。","","","","","","","",,,,,"",,,,"Coverage.policyHolder",0,1,"","ele-1:All FHIR elements must have a @value or children {hasValue() or (children().count() > id.count())}
","FiveWs.subject[x]","FiveWs.subject","D01 through D09","IN1-16, 18,  19-name of insured, address, date of birth","C.35"
"Coverage.subscriber","","","",0,0,"","","Y","Reference {[]} {[CanonicalType[http://hl7.org/fhir/StructureDefinition/Patient], CanonicalType[http://hl7.org/fhir/StructureDefinition/RelatedPerson]]}
","Subscriber to the policy　契約当事者","The party who has signed-up for or 'owns' the contractual relationship to the policy or to whom the benefit of the policy for services rendered to them or their family is due.

ポリシーにサインアップした、またはポリシーとの契約関係を「所有」している当事者、またはポリシーの利益が彼らまたはその家族に提供されることになっている当事者。","May be self or a parent in the case of dependants.

扶養家族の場合、自己または親である可能性があります。","This is the party who is entitled to the benfits under the policy.

これは、ポリシーに基づいて給付を受ける権利を有する当事者です。

【JP-CORE】
公費情報で本リソースを使用する場合には、この要素に公費受給者番号を設定する。","","","","","","","",,,,,"",,,,"Coverage.subscriber",0,1,"","ele-1:All FHIR elements must have a @value or children {hasValue() or (children().count() > id.count())}
","FiveWs.subject[x]","FiveWs.subject","D01 through D09","IN1-16, 18,  19-name of insured, address, date of birth","C.35"
"Coverage.subscriberId","","","",1,1,"Y","","Y","string {[]} {[]}
","公費受給者番号","公費受給者番号。
医療券等に記載されている受給者番号７桁を半角数字で記録する。
受給者番号が７桁に満たない場合は、先頭から“0”を記録し、７桁で記録する。
医療観察法（法別３０）の場合は、記録を省略する。","","The insurer requires this identifier on correspondance and claims (digital and otherwise).

保険者は、連絡や請求（デジタルおよびその他）でこの識別子を要求する。
保険会社は、通信および請求（デジタルおよびその他）でこの識別子を要求します。


-----SWG3コメント--------
被保険者番号を全角で格納する","","","","","","","",,,,,"",,,,"Coverage.subscriberId",0,1,"","ele-1:All FHIR elements must have a @value or children {hasValue() or (children().count() > id.count())}
","FiveWs.subject[x]","FiveWs.subject","D01 through D09","IN1-16, 18,  19-name of insured, address, date of birth","C.35"
"Coverage.beneficiary","","","",1,1,"Y","","Y","Reference {[]} {[CanonicalType[http://hl7.org/fhir/StructureDefinition/Patient]]}
","被給付者情報","患者情報（Patientリソース）へのリテラル参照","References SHALL be a reference to an actual FHIR resource, and SHALL be resolveable (allowing for access control, temporary unavailability, etc.). Resolution can be either by retrieval from the URL, or, where applicable by resource type, by treating an absolute reference as a canonical URL and looking it up in a local registry/repository.

参照は、実際のFHIRリソースへの参照である必要があり、解決可能（内容に到達可能）である必要がある（アクセス制御、一時的な使用不可などを考慮に入れる）。解決は、URLから取得するか、リソースタイプによって該当する場合は、絶対参照を正規URLとして扱い、ローカルレジストリ/リポジトリで検索することによって行うことができる。

【JP_CORE】
患者Patientリソースへの参照。","This is the party who receives treatment for which the costs are reimbursed under the coverage.

これは、補償の下で費用が償還される治療を受ける側のことです。","","","","","","","",,,,,"",,,,"Coverage.beneficiary",1,1,"","ele-1:All FHIR elements must have a @value or children {hasValue() or (children().count() > id.count())}
","Event.subject","FiveWs.subject[x]","FiveWs.subject","D01 through D09","IN1-16, 18,  19-name of insured, address, date of birth","C.35"
"Coverage.beneficiary.id","","","",0,1,"","","","string {[]} {[]}
","Unique id for inter-element referencing","Unique id for the element within a resource (for internal references). This may be any string value that does not contain spaces.","","","","","","","","","",,,,,"",,,,"Element.id",0,1,"","","n/a"
"Coverage.beneficiary.extension","","extensions
user content","",0,*,"","","","Extension {[]} {[]}
","Additional content defined by implementations","May be used to represent additional information that is not part of the basic definition of the element. To make the use of extensions safe and manageable, there is a strict set of governance  applied to the definition and use of extensions. Though any implementer can define an extension, there is a set of requirements that SHALL be met as part of the definition of the extension.","There can be no stigma associated with the use of extensions by any application, project, or standard - regardless of the institution or jurisdiction that uses or defines the extensions.  The use of extensions is what allows the FHIR specification to retain a core level of simplicity for everyone.","","","","","","","","",,,,,"","value:url}
","Extensions are always sliced by (at least) url",,"open","Element.extension",0,*,"","ele-1:All FHIR elements must have a @value or children {hasValue() or (children().count() > id.count())}
ext-1:Must have either extensions or value[x], not both {extension.exists() != value.exists()}","n/a"
"Coverage.beneficiary.reference","","","",0,1,"Y","","Y","string {[]} {[]}
","PatientリソースのfullUrl要素に指定されるUUIDを指定","Budleリソースに記述されるPatientリソースのfullUrl要素に指定されるUUIDを指定","Using absolute URLs provides a stable scalable approach suitable for a cloud/web context, while using relative/logical references provides a flexible approach suitable for use when trading across closed eco-system boundaries.   Absolute URLs do not need to point to a FHIR RESTful server, though this is the preferred approach. If the URL conforms to the structure ""/[type]/[id]"" then it should be assumed that the reference is to a FHIR RESTful server.","","","","","","","","",,,,,"",,,,"Reference.reference",0,1,"ref-1
","ele-1:All FHIR elements must have a @value or children {hasValue() or (children().count() > id.count())}
","N/A"
"Coverage.beneficiary.type","","","",0,1,"","","Y","uri {[]} {[]}
","Type the reference refers to (e.g. ""Patient"")","The expected type of the target of the reference. If both Reference.type and Reference.reference are populated and Reference.reference is a FHIR URL, both SHALL be consistent.

The type is the Canonical URL of Resource Definition that is the type this reference refers to. References are URLs that are relative to http://hl7.org/fhir/StructureDefinition/ e.g. ""Patient"" is a reference to http://hl7.org/fhir/StructureDefinition/Patient. Absolute URLs are only allowed for logical models (and can only be used in references in logical models, not resources).","This element is used to indicate the type of  the target of the reference. This may be used which ever of the other elements are populated (or not). In some cases, the type of the target may be determined by inspection of the reference (e.g. a RESTful URL) or by resolving the target of the reference; if both the type and a reference is provided, the reference SHALL resolve to a resource of the same type as that specified.","","","","","","","","",,"extensible","Aa resource (or, for logical models, the URI of the logical model).","http://hl7.org/fhir/ValueSet/resource-types","",,,,"Reference.type",0,1,"","ele-1:All FHIR elements must have a @value or children {hasValue() or (children().count() > id.count())}
","N/A"
"Coverage.beneficiary.identifier","","","",0,1,"","","Y","Identifier {[]} {[]}
","Logical reference, when literal reference is not known","An identifier for the target resource. This is used when there is no way to reference the other resource directly, either because the entity it represents is not available through a FHIR server, or because there is no way for the author of the resource to convert a known identifier to an actual location. There is no requirement that a Reference.identifier point to something that is actually exposed as a FHIR instance, but it SHALL point to a business concept that would be expected to be exposed as a FHIR instance, and that instance would need to be of a FHIR resource type allowed by the reference.","When an identifier is provided in place of a reference, any system processing the reference will only be able to resolve the identifier to a reference if it understands the business context in which the identifier is used. Sometimes this is global (e.g. a national identifier) but often it is not. For this reason, none of the useful mechanisms described for working with references (e.g. chaining, includes) are possible, nor should servers be expected to be able resolve the reference. Servers may accept an identifier based reference untouched, resolve it, and/or reject it - see CapabilityStatement.rest.resource.referencePolicy. 

When both an identifier and a literal reference are provided, the literal reference is preferred. Applications processing the resource are allowed - but not required - to check that the identifier matches the literal reference

Applications converting a logical reference to a literal reference may choose to leave the logical reference present, or remove it.

Reference is intended to point to a structure that can potentially be expressed as a FHIR resource, though there is no need for it to exist as an actual FHIR resource instance - except in as much as an application wishes to actual find the target of the reference. The content referred to be the identifier must meet the logical constraints implied by any limitations on what resource types are permitted for the reference.  For example, it would not be legitimate to send the identifier for a drug prescription if the type were Reference(Observation|DiagnosticReport).  One of the use-cases for Reference.identifier is the situation where no FHIR representation exists (where the type is Reference (Any).","","","","","","","","",,,,,"",,,,"Reference.identifier",0,1,"","ele-1:All FHIR elements must have a @value or children {hasValue() or (children().count() > id.count())}
",".identifier"
"Coverage.beneficiary.display","","","",0,1,"","","Y","string {[]} {[]}
","Text alternative for the resource","Plain text narrative that identifies the resource in addition to the resource reference.","This is generally not the same as the Resource.text of the referenced resource.  The purpose is to identify what's being referenced, not to fully describe it.","","","","","","","","",,,,,"",,,,"Reference.display",0,1,"","ele-1:All FHIR elements must have a @value or children {hasValue() or (children().count() > id.count())}
","N/A"
"Coverage.dependent","","","",0,0,"","","Y","string {[]} {[]}
","Dependent number","A unique identifier for a dependent under the coverage.

補償対象の被扶養者の一意の識別子。","Periodically the member number is constructed from the subscriberId and the dependant number.

定期的に subscriberId と従属番号からメンバー番号を構築する。","For some coverages a single identifier is issued to the Subscriber and then a unique dependent number is issued to each beneficiary.

一部の補償では、単一の識別子が加入者に発行され、次に一意の従属番号が各受益者に発行される。
一部の保険では、単一の識別子が加入者に発行され、その後、各受益者に固有の扶養番号が発行される。

【JP-CORE】
医療保険で本リソースを使用する場合には、この要素に拡張 InsuredPersonSubNumberに設定した値と同じ、被保険者番号の枝番号2桁を設定する。","","","","","","","",,,,,"",,,,"Coverage.dependent",0,1,"","ele-1:All FHIR elements must have a @value or children {hasValue() or (children().count() > id.count())}
","C17","- No exact HL7 v2 equivalent concept seems to exist;"
"Coverage.relationship","","","",0,0,"","","","CodeableConcept {[]} {[]}
","Beneficiary relationship to the subscriber　加入者との受益者関係","The relationship of beneficiary (patient) to the subscriber.

受益者（患者）と加入者の関係。","Typically, an individual uses policies which are theirs (relationship='self') before policies owned by others.

一般的に、個人は、他人が所有するポリシーよりも、自分のポリシー（relationship='self'）を使用します。","To determine relationship between the patient and the subscriber to determine coordination of benefits.

患者と加入者の関係を決定し、給付の調整を決定する。

【JP-CORE】
厚労省保険局の電子処方等で使用される被保険者区分コード（system=”urn:oid:1.2.392.100495.20.2.62”）として、https://www.mhlw.go.jp/content/10800000/000342368.pdf　の別表１２が使用できる。
1　被保険者
2　被扶養者","","","","","","","",,"extensible","The relationship between the Subscriber and the Beneficiary (insured/covered party/patient).","http://hl7.org/fhir/ValueSet/subscriber-relationship","",,,,"Coverage.relationship",0,1,"","ele-1:All FHIR elements must have a @value or children {hasValue() or (children().count() > id.count())}
","C03"
"Coverage.period","","","",0,1,"Y","","Y","Period {[]} {[]}
","公費受給者証の有効期間","公費受給者証の有効期間。公費受給者証に明示的に記載がある場合、かつ、医療機関がその情報を把握している場合のみ記録する。","A Period specifies a range of time; the context of use will specify whether the entire range applies (e.g. ""the patient was an inpatient of the hospital for this time range"") or one value from the range applies (e.g. ""give to the patient between these two times"").
Period is not used for a duration (a measure of elapsed time). See [Duration](http://hl7.org/fhir/R4/datatypes.html#Duration).

Period（期間）は時間の範囲を指定します。使用状況は、範囲全体が適用されるか（たとえば、「患者はこの時間範囲で入院していた」）、範囲から1つの値が適用されるか（たとえば、「この2回の間に患者に投与する」）を指定する。
Period（期間）は、Duration（時間区間＝経過時間の測定値）には使用されない。 [Duration]（datatypes.html＃Duration）を参照のこと。
This is not a duration - that's a measure of time (a separate type), but a duration that occurs at a fixed value of time. A Period specifies a range of time; the context of use will specify whether the entire range applies (e.g. ""the patient was an inpatient of the hospital for this time range"") or one value from the range applies (e.g. ""give to the patient between these two times""). If duration is required, specify the type as Interval|Duration.

これはDuration（時間区間）ではない-　Durationは時間の尺度（別のタイプ）だが、時間の固定値で発生する時間区間です。Period（期間）は時間の範囲を指定します。使用状況は、範囲全体が適用されるか（たとえば、「患者はこの時間範囲で入院していた」）、範囲から1つの値が適用されるか（たとえば、「この2回の間に患者に投与する」）を指定する。もし、Duration（時間区間）が必要な場合は、タイプをInterval | Durationとして指定する。
これは期間ではありません-これは時間の尺度（別のタイプ）ですが、時間の固定値で発生する期間です。期間は時間の範囲を指定します。使用状況は、範囲全体が適用されるか（たとえば、「患者はこの時間範囲で入院していた」）、または範囲から1つの値が適用されるか（たとえば、「これら2回の間に患者に与える」）を指定します。期間が必要な場合は、タイプをInterval | Durationとして指定します。

【JP-CORE】
医療保険、公費で本リソースを使用する場合には、保険証または公費の有効期間の開始日、終了日をstart とendに yyyy-mm-dd形式で設定する。","Some insurers require the submission of the coverage term.

保険会社によっては、補償期間の提出を義務付けているところもあります。","","","","","","","",,,,,"",,,,"Coverage.period",0,1,"","ele-1:All FHIR elements must have a @value or children {hasValue() or (children().count() > id.count())}
","Event.occurrence[x]","Act.effectiveTime","FiveWs.done[x]","IN1-12 / IN1-13"
"Coverage.period.id","","","",0,1,"","","","string {[]} {[]}
","Unique id for inter-element referencing","Unique id for the element within a resource (for internal references). This may be any string value that does not contain spaces.","","","","","","","","","",,,,,"",,,,"Element.id",0,1,"","","n/a"
"Coverage.period.extension","","extensions
user content","",0,*,"","","","Extension {[]} {[]}
","Additional content defined by implementations","May be used to represent additional information that is not part of the basic definition of the element. To make the use of extensions safe and manageable, there is a strict set of governance  applied to the definition and use of extensions. Though any implementer can define an extension, there is a set of requirements that SHALL be met as part of the definition of the extension.","There can be no stigma associated with the use of extensions by any application, project, or standard - regardless of the institution or jurisdiction that uses or defines the extensions.  The use of extensions is what allows the FHIR specification to retain a core level of simplicity for everyone.","","","","","","","","",,,,,"","value:url}
","Extensions are always sliced by (at least) url",,"open","Element.extension",0,*,"","ele-1:All FHIR elements must have a @value or children {hasValue() or (children().count() > id.count())}
ext-1:Must have either extensions or value[x], not both {extension.exists() != value.exists()}","n/a"
"Coverage.period.start","","","",0,1,"Y","","Y","dateTime {[]} {[]}
","公費受給者証の有効期間の開始日","公費受給者証の有効期間の開始日。資格取得日。ISO8601に準拠してyyyy_mm_dd形式で指定する。","If the low element is missing, the meaning is that the low boundary is not known.","","","","","","","","",,,,,"",,,,"Period.start",0,1,"per-1
","ele-1:All FHIR elements must have a @value or children {hasValue() or (children().count() > id.count())}
","./low","DR.1"
"Coverage.period.end","","","",0,1,"Y","","Y","dateTime {[]} {[]}
","公費受給者証の有効期間の終了日","公費受給者証の有効期間の終了日。資格喪失日。ISO8601に準拠してyyyy_mm_dd形式で指定する。","The high value includes any matching date/time. i.e. 2012-02-03T10:00:00 is in a period that has an end value of 2012-02-03.","","","If the end of the period is missing, it means that the period is ongoing","","","","","",,,,,"",,,,"Period.end",0,1,"per-1
","ele-1:All FHIR elements must have a @value or children {hasValue() or (children().count() > id.count())}
","./high","DR.2"
"Coverage.payor","","","",1,1,"Y","","Y","Reference {[]} {[CanonicalType[http://jpfhir.jp/fhir/ePrescription/StructureDefinition/JP_Organization_ePrescriptionData_coveragePayer]]}
","公費負担者情報","公費負担者を表すOrganizationリソースへの参照","May provide multiple identifiers such as insurance company identifier or business identifier (BIN number).
For selfpay it may provide multiple paying persons and/or organizations.

保険会社の識別子や事業者の識別子（BIN番号）など、複数の識別子を提供してもよい。自己負担の場合は、複数の支払者および/または組織を提供してもよい。","Need to identify the issuer to target for claim processing and for coordination of benefit processing.

請求処理および給付処理の調整の対象となる発行者を特定する必要があります。

【JP-CORE】
医療保険で本リソースを使用する場合には、保険者組織Organizationリソースへの参照。自費の場合には、患者Patientリソースへの参照。公費の場合には、公費負担者組織Organizationリソースへの参照。","","","","","","","",,,,,"",,,,"Coverage.payor",1,*,"","ele-1:All FHIR elements must have a @value or children {hasValue() or (children().count() > id.count())}
","FiveWs.author","A05","IN1-3","C.30"
"Coverage.class","","","",0,0,"","","","BackboneElement {[]} {[]}
","Additional coverage classifications","A suite of underwriter specific classifiers.


保険事業者の分類子","For example may be used to identify a class of coverage or employer group, Policy, Plan.

例えば、保険の種類または雇用者グループ、保険契約、Planを識別するために使用することができます。","The codes provided on the health card which identify or confirm the specific policy for the insurer.

健康カードに記載されているコードで、保険者の特定の保険契約を識別または確認するもの。","","","","","","","",,,,,"",,,,"Coverage.class",0,*,"","ele-1:All FHIR elements must have a @value or children {hasValue() or (children().count() > id.count())}
"
"Coverage.class.id","","","",0,1,"","","","string {[]} {[]}
","Unique id for inter-element referencing","Unique id for the element within a resource (for internal references). This may be any string value that does not contain spaces.","","","","","","","","","",,,,,"",,,,"Element.id",0,1,"","","n/a"
"Coverage.class.extension","","extensions
user content","",0,*,"","","","Extension {[]} {[]}
","Additional content defined by implementations","May be used to represent additional information that is not part of the basic definition of the element. To make the use of extensions safe and manageable, there is a strict set of governance  applied to the definition and use of extensions. Though any implementer can define an extension, there is a set of requirements that SHALL be met as part of the definition of the extension.","There can be no stigma associated with the use of extensions by any application, project, or standard - regardless of the institution or jurisdiction that uses or defines the extensions.  The use of extensions is what allows the FHIR specification to retain a core level of simplicity for everyone.","","","","","","","","",,,,,"",,,,"Element.extension",0,*,"","ele-1:All FHIR elements must have a @value or children {hasValue() or (children().count() > id.count())}
ext-1:Must have either extensions or value[x], not both {extension.exists() != value.exists()}","n/a"
"Coverage.class.modifierExtension","","extensions
user contentmodifiers","",0,*,"","Y","Y","Extension {[]} {[]}
","Extensions that cannot be ignored even if unrecognized","May be used to represent additional information that is not part of the basic definition of the element and that modifies the understanding of the element in which it is contained and/or the understanding of the containing element's descendants. Usually modifier elements provide negation or qualification. To make the use of extensions safe and manageable, there is a strict set of governance applied to the definition and use of extensions. Though any implementer can define an extension, there is a set of requirements that SHALL be met as part of the definition of the extension. Applications processing a resource are required to check for modifier extensions.

Modifier extensions SHALL NOT change the meaning of any elements on Resource or DomainResource (including cannot change the meaning of modifierExtension itself).","There can be no stigma associated with the use of extensions by any application, project, or standard - regardless of the institution or jurisdiction that uses or defines the extensions.  The use of extensions is what allows the FHIR specification to retain a core level of simplicity for everyone.","Modifier extensions allow for extensions that *cannot* be safely ignored to be clearly distinguished from the vast majority of extensions which can be safely ignored.  This promotes interoperability by eliminating the need for implementers to prohibit the presence of extensions. For further information, see the [definition of modifier extensions](http://hl7.org/fhir/R4/extensibility.html#modifierExtension).","","","","","","","",,,,,"",,,,"BackboneElement.modifierExtension",0,*,"","ele-1:All FHIR elements must have a @value or children {hasValue() or (children().count() > id.count())}
ext-1:Must have either extensions or value[x], not both {extension.exists() != value.exists()}","N/A"
"Coverage.class.type","","","",1,1,"","","Y","CodeableConcept {[]} {[]}
","Type of class such as 'group' or 'plan'","The type of classification for which an insurer-specific class label or number and optional name is provided, for example may be used to identify a class of coverage or employer group, Policy, Plan.


保険者固有のクラスラベルまたは番号、任意の名前が提供されている分類のタイプを表す。例えば、保険のクラスまたは雇用者グループ、保険契約、Planを識別するために使用することができます。","Not all terminology uses fit this general pattern. In some cases, models should not use CodeableConcept and use Coding directly and provide their own structure for managing text, codings, translations and the relationship between elements and pre- and post-coordination.



すべての用語の使用がこの一般的なパターンに適合するわけではない。いくつかのケースでは、モデルはCodeableConceptを使用せず、Codingを直接使用し、テキスト、コーディング、翻訳、要素間の関係、および前後の調整を管理するための独自の構造を提供することが望ましい。","The insurer issued label for a specific health card value.


保険者が発行した特定の健康カード番号のラベル。","","","","","","","",,"extensible","The policy classifications, eg. Group, Plan, Class, etc.","http://hl7.org/fhir/ValueSet/coverage-class","",,,,"Coverage.class.type",1,1,"","ele-1:All FHIR elements must have a @value or children {hasValue() or (children().count() > id.count())}
"
"Coverage.class.value","","","",1,1,"","","Y","string {[]} {[]}
","Value associated with the type","The alphanumeric string value associated with the insurer issued label.


保険者が発行したラベルに関連付けられた英数字の文字列値。","For example, the Group or Plan number.


例えば、グループ番号やプラン番号など。","The insurer issued label and value are necessary to identify the specific policy.


保険者が発行したラベルと値は、特定の保険契約を識別するために必要なものです。","","","","","","","",,,,,"",,,,"Coverage.class.value",1,1,"","ele-1:All FHIR elements must have a @value or children {hasValue() or (children().count() > id.count())}
","C11 (Division,Section)","IN1-8","C.31"
"Coverage.class.name","","","",0,1,"","","Y","string {[]} {[]}
","Human readable description of the type and value","A short description for the class.


保険種類の簡単な説明。","","Used to provide a meaningful description in correspondence to the patient.


患者に対応するのに意味のある説明をするために使用します。","","","","","","","",,,,,"",,,,"Coverage.class.name",0,1,"","ele-1:All FHIR elements must have a @value or children {hasValue() or (children().count() > id.count())}
","C11 (Division,Section)","IN1-8","C.31"
"Coverage.order","","","",0,1,"","","Y","positiveInt {[]} {[]}
","Relative order of the coverage","The order of applicability of this coverage relative to other coverages which are currently in force. Note, there may be gaps in the numbering and this does not imply primary, secondary etc. as the specific positioning of coverages depends upon the episode of care.

現在適用されている他の保障と比較して、この保障の適用可能性が高い順に記載されています。なお、ナンバリングにギャップがある場合があり、カバーの具体的な位置づけはケアのエピソードに依存するため、一次、二次などを意味するものではありません。","32 bit number; for values larger than this, use decimal

32 ビットの数値、これより大きい値の場合は 10 進数を使用します。","Used in managing the coordination of benefits.

保険給付の調整管理に使用します。

【JP-CORE】
公費情報で本リソースを使用する場合で、複数の公費負担情報がある場合に、その適用順序番号を示す１，２，３．．．を設定する。","","","","","","","",,,,,"",,,,"Coverage.order",0,1,"","ele-1:All FHIR elements must have a @value or children {hasValue() or (children().count() > id.count())}
","- No exact HL7 v2 equivalent concept seems to exist;"
"Coverage.network","","","",0,0,"","","Y","string {[]} {[]}
","Insurer network","The insurer-specific identifier for the insurer-defined network of providers to which the beneficiary may seek treatment which will be covered at the 'in-network' rate, otherwise 'out of network' terms and conditions apply.

保険者が定義したプロバイダーの保険者定義ネットワークの保険者固有の識別子で、被保険者が「ネットワーク内」の料金でカバーされる治療を受けることができるが、そうでなければ「ネットワーク外」の条件が適用される。","","Used in referral for treatment and in claims processing.


治療のための紹介や請求処理の際に使用します。","","","","","","","",,,,,"",,,,"Coverage.network",0,1,"","ele-1:All FHIR elements must have a @value or children {hasValue() or (children().count() > id.count())}
","D10"
"Coverage.costToBeneficiary","","CoPay
DeductibleExceptions","",0,*,"Y","","","BackboneElement {[]} {[]}
","保険の自己負担率","保険の自己負担率。記録が可能な場合にのみ記録する。

ポリシーに詳細が記載されており、ヘルスカードに含まれている可能性のあるコストカテゴリと関連する金額を示す一連のコード。","For example by knowing the patient visit co-pay, the provider can collect the amount prior to undertaking treatment.

例えば、患者の訪問時の自己負担額を知ることで、医療提供者は治療を行う前にその金額を回収することができる。

【JP-CORE】
公費の場合には自己負担率。判明している場合のみ設定する。","Required by providers to manage financial transaction with the patient.

事業者が患者との金銭的な取引を管理するために必要となる。","","","","","","","",,,,,"",,,,"Coverage.costToBeneficiary",0,*,"","ele-1:All FHIR elements must have a @value or children {hasValue() or (children().count() > id.count())}
"
"Coverage.costToBeneficiary.id","","","",0,1,"","","","string {[]} {[]}
","Unique id for inter-element referencing","Unique id for the element within a resource (for internal references). This may be any string value that does not contain spaces.","","","","","","","","","",,,,,"",,,,"Element.id",0,1,"","","n/a"
"Coverage.costToBeneficiary.extension","","extensions
user content","",0,*,"","","","Extension {[]} {[]}
","Additional content defined by implementations","May be used to represent additional information that is not part of the basic definition of the element. To make the use of extensions safe and manageable, there is a strict set of governance  applied to the definition and use of extensions. Though any implementer can define an extension, there is a set of requirements that SHALL be met as part of the definition of the extension.","There can be no stigma associated with the use of extensions by any application, project, or standard - regardless of the institution or jurisdiction that uses or defines the extensions.  The use of extensions is what allows the FHIR specification to retain a core level of simplicity for everyone.","","","","","","","","",,,,,"",,,,"Element.extension",0,*,"","ele-1:All FHIR elements must have a @value or children {hasValue() or (children().count() > id.count())}
ext-1:Must have either extensions or value[x], not both {extension.exists() != value.exists()}","n/a"
"Coverage.costToBeneficiary.modifierExtension","","extensions
user contentmodifiers","",0,*,"","Y","Y","Extension {[]} {[]}
","Extensions that cannot be ignored even if unrecognized","May be used to represent additional information that is not part of the basic definition of the element and that modifies the understanding of the element in which it is contained and/or the understanding of the containing element's descendants. Usually modifier elements provide negation or qualification. To make the use of extensions safe and manageable, there is a strict set of governance applied to the definition and use of extensions. Though any implementer can define an extension, there is a set of requirements that SHALL be met as part of the definition of the extension. Applications processing a resource are required to check for modifier extensions.

Modifier extensions SHALL NOT change the meaning of any elements on Resource or DomainResource (including cannot change the meaning of modifierExtension itself).","There can be no stigma associated with the use of extensions by any application, project, or standard - regardless of the institution or jurisdiction that uses or defines the extensions.  The use of extensions is what allows the FHIR specification to retain a core level of simplicity for everyone.","Modifier extensions allow for extensions that *cannot* be safely ignored to be clearly distinguished from the vast majority of extensions which can be safely ignored.  This promotes interoperability by eliminating the need for implementers to prohibit the presence of extensions. For further information, see the [definition of modifier extensions](http://hl7.org/fhir/R4/extensibility.html#modifierExtension).","","","","","","","",,,,,"",,,,"BackboneElement.modifierExtension",0,*,"","ele-1:All FHIR elements must have a @value or children {hasValue() or (children().count() > id.count())}
ext-1:Must have either extensions or value[x], not both {extension.exists() != value.exists()}","N/A"
"Coverage.costToBeneficiary.type","","","",1,1,"Y","","Y","CodeableConcept {[]} {[]}
","公費の自己負担率を表すことを示すタイプ情報","The category of patient centric costs associated with treatment.


治療に伴う患者中心の費用のカテゴリー。","For example visit, specialist visits, emergency, inpatient care, etc.


例えば、訪問診療、専門医の訪問診療、救急診療、入院診療など。","Needed to identify the category associated with the amount for the patient.


患者さんの金額に関連するカテゴリーを特定する必要がありました。","","","","","","","",,"extensible","The types of services to which patient copayments are specified.","http://hl7.org/fhir/ValueSet/coverage-copay-type","",,,,"Coverage.costToBeneficiary.type",0,1,"","ele-1:All FHIR elements must have a @value or children {hasValue() or (children().count() > id.count())}
"
"Coverage.costToBeneficiary.type.id","","","",0,1,"","","","string {[]} {[]}
","Unique id for inter-element referencing","Unique id for the element within a resource (for internal references). This may be any string value that does not contain spaces.","","","","","","","","","",,,,,"",,,,"Element.id",0,1,"","","n/a"
"Coverage.costToBeneficiary.type.extension","","extensions
user content","",0,*,"","","","Extension {[]} {[]}
","Additional content defined by implementations","May be used to represent additional information that is not part of the basic definition of the element. To make the use of extensions safe and manageable, there is a strict set of governance  applied to the definition and use of extensions. Though any implementer can define an extension, there is a set of requirements that SHALL be met as part of the definition of the extension.","There can be no stigma associated with the use of extensions by any application, project, or standard - regardless of the institution or jurisdiction that uses or defines the extensions.  The use of extensions is what allows the FHIR specification to retain a core level of simplicity for everyone.","","","","","","","","",,,,,"","value:url}
","Extensions are always sliced by (at least) url",,"open","Element.extension",0,*,"","ele-1:All FHIR elements must have a @value or children {hasValue() or (children().count() > id.count())}
ext-1:Must have either extensions or value[x], not both {extension.exists() != value.exists()}","n/a"
"Coverage.costToBeneficiary.type.coding","","","",1,1,"Y","","Y","Coding {[]} {[]}
","Code defined by a terminology system","A reference to a code defined by a terminology system.","Codes may be defined very casually in enumerations, or code lists, up to very formal definitions such as SNOMED CT - see the HL7 v3 Core Principles for more information.  Ordering of codings is undefined and SHALL NOT be used to infer meaning. Generally, at most only one of the coding values will be labeled as UserSelected = true.","Allows for alternative encodings within a code system, and translations to other code systems.","","","","","","","",,,,,"",,,,"CodeableConcept.coding",0,*,"","ele-1:All FHIR elements must have a @value or children {hasValue() or (children().count() > id.count())}
","union(., ./translation)","C*E.1-8, C*E.10-22"
"Coverage.costToBeneficiary.type.coding.id","","","",0,1,"","","","string {[]} {[]}
","Unique id for inter-element referencing","Unique id for the element within a resource (for internal references). This may be any string value that does not contain spaces.","","","","","","","","","",,,,,"",,,,"Element.id",0,1,"","","n/a"
"Coverage.costToBeneficiary.type.coding.extension","","extensions
user content","",0,*,"","","","Extension {[]} {[]}
","Additional content defined by implementations","May be used to represent additional information that is not part of the basic definition of the element. To make the use of extensions safe and manageable, there is a strict set of governance  applied to the definition and use of extensions. Though any implementer can define an extension, there is a set of requirements that SHALL be met as part of the definition of the extension.","There can be no stigma associated with the use of extensions by any application, project, or standard - regardless of the institution or jurisdiction that uses or defines the extensions.  The use of extensions is what allows the FHIR specification to retain a core level of simplicity for everyone.","","","","","","","","",,,,,"","value:url}
","Extensions are always sliced by (at least) url",,"open","Element.extension",0,*,"","ele-1:All FHIR elements must have a @value or children {hasValue() or (children().count() > id.count())}
ext-1:Must have either extensions or value[x], not both {extension.exists() != value.exists()}","n/a"
"Coverage.costToBeneficiary.type.coding.system","","","",1,1,"Y","","Y","uri {[]} {[]}
","保険における自己負担の種別を識別するコードのコード体系を識別するURI","保険における自己負担の種別を識別するコードのコード体系を識別するURI。固定値。","The URI may be an OID (urn:oid:...) or a UUID (urn:uuid:...).  OIDs and UUIDs SHALL be references to the HL7 OID registry. Otherwise, the URI should come from HL7's list of FHIR defined special URIs or it should reference to some definition that establishes the system clearly and unambiguously.

【JP-CORE】
保険や公費における自己負担率の種別を識別するコード体系のコード。
""http://terminology.hl7.org/CodeSystem/coverage-copay-type""","Need to be unambiguous about the source of the definition of the symbol.","","","<valueUri xmlns=""http://hl7.org/fhir"" value=""http://terminology.hl7.org/CodeSystem/coverage-copay-type""/>","","","","",,,,,"",,,,"Coding.system",0,1,"","ele-1:All FHIR elements must have a @value or children {hasValue() or (children().count() > id.count())}
","./codeSystem","C*E.3"
"Coverage.costToBeneficiary.type.coding.version","","","",0,1,"","","Y","string {[]} {[]}
","Version of the system - if relevant","The version of the code system which was used when choosing this code. Note that a well-maintained code system does not need the version reported, because the meaning of codes is consistent across versions. However this cannot consistently be assured, and when the meaning is not guaranteed to be consistent, the version SHOULD be exchanged.","Where the terminology does not clearly define what string should be used to identify code system versions, the recommendation is to use the date (expressed in FHIR date format) on which that version was officially published as the version date.","","","","","","","","",,,,,"",,,,"Coding.version",0,1,"","ele-1:All FHIR elements must have a @value or children {hasValue() or (children().count() > id.count())}
","./codeSystemVersion","C*E.7"
"Coverage.costToBeneficiary.type.coding.code","","","",1,1,"Y","","Y","code {[]} {[]}
","自己負担率を表すコード","固定値　copaypct","Note that FHIR strings SHALL NOT exceed 1MB in size

【JP-CORE】
自己負担率を表すコード　""copaypct""","Need to refer to a particular code in the system.","","","<valueCode xmlns=""http://hl7.org/fhir"" value=""copaypct""/>","","","","",,,,,"",,,,"Coding.code",0,1,"","ele-1:All FHIR elements must have a @value or children {hasValue() or (children().count() > id.count())}
","./code","C*E.1"
"Coverage.costToBeneficiary.type.coding.display","","","",0,1,"Y","","Y","string {[]} {[]}
","コードの表示名","A representation of the meaning of the code in the system, following the rules of the system.","","Need to be able to carry a human-readable meaning of the code for readers that do not know  the system.","","","<valueString xmlns=""http://hl7.org/fhir"" value=""負担率""/>","","","","",,,,,"",,,,"Coding.display",0,1,"","ele-1:All FHIR elements must have a @value or children {hasValue() or (children().count() > id.count())}
","CV.displayName","C*E.2 - but note this is not well followed"
"Coverage.costToBeneficiary.type.coding.userSelected","","","",0,1,"","","Y","boolean {[]} {[]}
","If this coding was chosen directly by the user","Indicates that this coding was chosen by a user directly - e.g. off a pick list of available items (codes or displays).","Amongst a set of alternatives, a directly chosen code is the most appropriate starting point for new translations. There is some ambiguity about what exactly 'directly chosen' implies, and trading partner agreement may be needed to clarify the use of this element and its consequences more completely.","This has been identified as a clinical safety criterium - that this exact system/code pair was chosen explicitly, rather than inferred by the system based on some rules or language processing.","","","","","","","",,,,,"",,,,"Coding.userSelected",0,1,"","ele-1:All FHIR elements must have a @value or children {hasValue() or (children().count() > id.count())}
","CD.codingRationale","Sometimes implied by being first"
"Coverage.costToBeneficiary.type.text","","","",0,0,"","","Y","string {[]} {[]}
","Plain text representation of the concept","A human language representation of the concept as seen/selected/uttered by the user who entered the data and/or which represents the intended meaning of the user.","Very often the text is the same as a displayName of one of the codings.","The codes from the terminologies do not always capture the correct meaning with all the nuances of the human using them, or sometimes there is no appropriate code at all. In these cases, the text is used to capture the full meaning of the source.","","","","","","","",,,,,"",,,,"CodeableConcept.text",0,1,"","ele-1:All FHIR elements must have a @value or children {hasValue() or (children().count() > id.count())}
","./originalText[mediaType/code=""text/plain""]/data","C*E.9. But note many systems use C*E.2 for this"
"Coverage.costToBeneficiary.value[x]","","","",1,1,"Y","","","Quantity {[CanonicalType[http://hl7.org/fhir/StructureDefinition/SimpleQuantity]]} {[]}
","自己負担割合","自己負担割合","The context of use may frequently define what kind of quantity this is and therefore what kind of units can be used. The context of use may also restrict the values for the comparator.","Needed to identify the amount for the patient associated with the category.


カテゴリーに関連する患者の支払い金額を特定する必要がありました。","","","","","","","",,,,,"",,,,"Coverage.costToBeneficiary.value[x]",1,1,"ele-1
","ele-1:All FHIR elements must have a @value or children {hasValue() or (children().count() > id.count())}
qty-3:If a code for the unit is present, the system SHALL also be present {code.empty() or system.exists()}sqty-1:The comparator is not used on a SimpleQuantity {comparator.empty()}","n/a","PQ, IVL<PQ>, MO, CO, depending on the values","SN (see also Range) or CQ"
"Coverage.costToBeneficiary.value[x].id","","","",0,1,"","","","string {[]} {[]}
","Unique id for inter-element referencing","Unique id for the element within a resource (for internal references). This may be any string value that does not contain spaces.","","","","","","","","","",,,,,"",,,,"Element.id",0,1,"","","n/a"
"Coverage.costToBeneficiary.value[x].extension","","extensions
user content","",0,*,"","","","Extension {[]} {[]}
","Additional content defined by implementations","May be used to represent additional information that is not part of the basic definition of the element. To make the use of extensions safe and manageable, there is a strict set of governance  applied to the definition and use of extensions. Though any implementer can define an extension, there is a set of requirements that SHALL be met as part of the definition of the extension.","There can be no stigma associated with the use of extensions by any application, project, or standard - regardless of the institution or jurisdiction that uses or defines the extensions.  The use of extensions is what allows the FHIR specification to retain a core level of simplicity for everyone.","","","","","","","","",,,,,"","value:url}
","Extensions are always sliced by (at least) url",,"open","Element.extension",0,*,"","ele-1:All FHIR elements must have a @value or children {hasValue() or (children().count() > id.count())}
ext-1:Must have either extensions or value[x], not both {extension.exists() != value.exists()}","n/a"
"Coverage.costToBeneficiary.value[x].value","","","",1,1,"Y","","Y","decimal {[]} {[]}
","自己負担割合","自己負担割合を%で指定する。","The implicit precision in the value should always be honored. Monetary values have their own rules for handling precision (refer to standard accounting text books).","Precision is handled implicitly in almost all cases of measurement.","","","","","","","",,,,,"",,,,"Quantity.value",0,1,"","ele-1:All FHIR elements must have a @value or children {hasValue() or (children().count() > id.count())}
","PQ.value, CO.value, MO.value, IVL.high or IVL.low depending on the value","SN.2  / CQ - N/A"
"Coverage.costToBeneficiary.value[x].comparator","","","",0,0,"","Y","Y","code {[]} {[]}
","< | <= | >= | > - how to understand the value","Not allowed to be used in this context","","Need a framework for handling measures where the value is <5ug/L or >400mg/L due to the limitations of measuring methodology.","","If there is no comparator, then there is no modification of the value","","","","","",,"required","How the Quantity should be understood and represented.","http://hl7.org/fhir/ValueSet/quantity-comparator|4.0.1","",,,,"Quantity.comparator",0,1,"","ele-1:All FHIR elements must have a @value or children {hasValue() or (children().count() > id.count())}
","IVL properties","SN.1  / CQ.1"
"Coverage.costToBeneficiary.value[x].unit","","","",1,1,"Y","","Y","string {[]} {[]}
","単位","人が解釈可能な単位文字列。固定値","","There are many representations for units of measure and in many contexts, particular representations are fixed and required. I.e. mcg for micrograms.","","","<valueString xmlns=""http://hl7.org/fhir"" value=""%""/>","","","","",,,,,"",,,,"Quantity.unit",0,1,"","ele-1:All FHIR elements must have a @value or children {hasValue() or (children().count() > id.count())}
","PQ.unit","(see OBX.6 etc.) / CQ.2"
"Coverage.costToBeneficiary.value[x].system","","","",1,1,"Y","","Y","uri {[]} {[]}
","単位コード","UCUMを識別するURI。","","Need to know the system that defines the coded form of the unit.","","","<valueUri xmlns=""http://hl7.org/fhir"" value=""http://unitsofmeasure.org""/>","","","","",,,,,"",,,,"Quantity.system",0,1,"qty-3
","ele-1:All FHIR elements must have a @value or children {hasValue() or (children().count() > id.count())}
","CO.codeSystem, PQ.translation.codeSystem","(see OBX.6 etc.) / CQ.2"
"Coverage.costToBeneficiary.value[x].code","","","",1,1,"Y","","Y","code {[]} {[]}
","パーセントを表すUCUMコード","固定値","The preferred system is UCUM, but SNOMED CT can also be used (for customary units) or ISO 4217 for currency.  The context of use may additionally require a code from a particular system.","Need a computable form of the unit that is fixed across all forms. UCUM provides this for quantities, but SNOMED CT provides many units of interest.","","","<valueCode xmlns=""http://hl7.org/fhir"" value=""%""/>","","","","",,,,,"",,,,"Quantity.code",0,1,"","ele-1:All FHIR elements must have a @value or children {hasValue() or (children().count() > id.count())}
","PQ.code, MO.currency, PQ.translation.code","(see OBX.6 etc.) / CQ.2"
"Coverage.costToBeneficiary.exception","","","",0,0,"","","","BackboneElement {[]} {[]}
","Exceptions for patient payments","A suite of codes indicating exceptions or reductions to patient costs and their effective periods.


患者費用の例外または削減を示すコードとその有効期間を示すコード群。","","Required by providers to manage financial transaction with the patient.


事業者が患者との金銭的な取引を管理するために必要となる。","","","","","","","",,,,,"",,,,"Coverage.costToBeneficiary.exception",0,*,"","ele-1:All FHIR elements must have a @value or children {hasValue() or (children().count() > id.count())}
"
"Coverage.costToBeneficiary.exception.id","","","",0,1,"","","","string {[]} {[]}
","Unique id for inter-element referencing","Unique id for the element within a resource (for internal references). This may be any string value that does not contain spaces.","","","","","","","","","",,,,,"",,,,"Element.id",0,1,"","","n/a"
"Coverage.costToBeneficiary.exception.extension","","extensions
user content","",0,*,"","","","Extension {[]} {[]}
","Additional content defined by implementations","May be used to represent additional information that is not part of the basic definition of the element. To make the use of extensions safe and manageable, there is a strict set of governance  applied to the definition and use of extensions. Though any implementer can define an extension, there is a set of requirements that SHALL be met as part of the definition of the extension.","There can be no stigma associated with the use of extensions by any application, project, or standard - regardless of the institution or jurisdiction that uses or defines the extensions.  The use of extensions is what allows the FHIR specification to retain a core level of simplicity for everyone.","","","","","","","","",,,,,"",,,,"Element.extension",0,*,"","ele-1:All FHIR elements must have a @value or children {hasValue() or (children().count() > id.count())}
ext-1:Must have either extensions or value[x], not both {extension.exists() != value.exists()}","n/a"
"Coverage.costToBeneficiary.exception.modifierExtension","","extensions
user contentmodifiers","",0,*,"","Y","Y","Extension {[]} {[]}
","Extensions that cannot be ignored even if unrecognized","May be used to represent additional information that is not part of the basic definition of the element and that modifies the understanding of the element in which it is contained and/or the understanding of the containing element's descendants. Usually modifier elements provide negation or qualification. To make the use of extensions safe and manageable, there is a strict set of governance applied to the definition and use of extensions. Though any implementer can define an extension, there is a set of requirements that SHALL be met as part of the definition of the extension. Applications processing a resource are required to check for modifier extensions.

Modifier extensions SHALL NOT change the meaning of any elements on Resource or DomainResource (including cannot change the meaning of modifierExtension itself).","There can be no stigma associated with the use of extensions by any application, project, or standard - regardless of the institution or jurisdiction that uses or defines the extensions.  The use of extensions is what allows the FHIR specification to retain a core level of simplicity for everyone.","Modifier extensions allow for extensions that *cannot* be safely ignored to be clearly distinguished from the vast majority of extensions which can be safely ignored.  This promotes interoperability by eliminating the need for implementers to prohibit the presence of extensions. For further information, see the [definition of modifier extensions](http://hl7.org/fhir/R4/extensibility.html#modifierExtension).","","","","","","","",,,,,"",,,,"BackboneElement.modifierExtension",0,*,"","ele-1:All FHIR elements must have a @value or children {hasValue() or (children().count() > id.count())}
ext-1:Must have either extensions or value[x], not both {extension.exists() != value.exists()}","N/A"
"Coverage.costToBeneficiary.exception.type","","","",1,1,"","","Y","CodeableConcept {[]} {[]}
","Exception category","The code for the specific exception.


特定の例外のコード。","","Needed to identify the exception associated with the amount for the patient.


患者の金額に関連する例外を特定する必要があった。","","","","","","","",,"example","The types of exceptions from the part or full value of financial obligations such as copays.","http://hl7.org/fhir/ValueSet/coverage-financial-exception","",,,,"Coverage.costToBeneficiary.exception.type",1,1,"","ele-1:All FHIR elements must have a @value or children {hasValue() or (children().count() > id.count())}
"
"Coverage.costToBeneficiary.exception.period","","","",0,1,"","","Y","Period {[]} {[]}
","The effective period of the exception","The timeframe during when the exception is in force.


例外が発生している間の時間枠。","","Needed to identify the applicable timeframe for the exception for the correct calculation of patient costs.


患者の費用を正しく計算するための例外の適用時期を特定する必要があった。","","","","","","","",,,,,"",,,,"Coverage.costToBeneficiary.exception.period",0,1,"","ele-1:All FHIR elements must have a @value or children {hasValue() or (children().count() > id.count())}
"
"Coverage.subrogation","","","",0,0,"","","","boolean {[]} {[]}
","Reimbursement to insurer　保険者への償還","When 'subrogation=true' this insurance instance has been included not for adjudication but to provide insurers with the details to recover costs.

subrogation=trueの場合、この保険インスタンスは裁定のためではなく、保険者に費用回収のための詳細を提供するために含まれている。 (subrogation=代位、subrogation payment=代位納付)","Typically, automotive and worker's compensation policies would be flagged with 'subrogation=true' to enable healthcare payors to collect against accident claims.

一般的に、自動車保険や労災保険では、医療費支払い者が事故請求に対して回収できるように、subrogation＝true というフラグが立てられている。","See definition for when to be used.


使用時期については定義を参照してください。","","","","","","","",,,,,"",,,,"Coverage.subrogation",0,1,"","ele-1:All FHIR elements must have a @value or children {hasValue() or (children().count() > id.count())}
"
"Coverage.contract","","","",0,0,"","","","Reference {[]} {[CanonicalType[http://hl7.org/fhir/StructureDefinition/Contract]]}
","Contract details　契約の詳細","The policy(s) which constitute this insurance coverage.

この保険の適用範囲を構成するポリシー。","References SHALL be a reference to an actual FHIR resource, and SHALL be resolveable (allowing for access control, temporary unavailability, etc.). Resolution can be either by retrieval from the URL, or, where applicable by resource type, by treating an absolute reference as a canonical URL and looking it up in a local registry/repository.

参照は、実際のFHIRリソースへの参照である必要があり、解決可能（内容に到達可能）である必要がある（アクセス制御、一時的な使用不可などを考慮に入れる）。解決は、URLから取得するか、リソースタイプによって該当する場合は、絶対参照を正規URLとして扱い、ローカルレジストリ/リポジトリで検索することによって行うことができる。","To reference the legally binding contract between the policy holder and the insurer.

契約者と保険者との間の法的拘束力のある契約を参照するため。","","","","","","","",,,,,"",,,,"Coverage.contract",0,*,"","ele-1:All FHIR elements must have a @value or children {hasValue() or (children().count() > id.count())}
","n/a","D01 through D09","IN1-16, 18,  19","C.35"
