{
  "resourceType" : "Bundle",
  "id" : "6e35dd84-a2d5-4734-9fb5-4d957e742783",
  "meta" : {
    "lastUpdated" : "2022-05-26T10:25:08.289+00:00"
  },
  "type" : "collection",
  "entry" : [{
    "fullUrl" : "http://jpfhir.jp/fhir/ePrescription/ValueSet/jami-ePreDispenseInstruction",
    "resource" : {
      "resourceType" : "ValueSet",
      "id" : "jami-valueSet-ePreDispenseInstruction",
      "text" : {
        "status" : "generated",
        "div" : "<div xmlns=\"http://www.w3.org/1999/xhtml\"><p>This value set contains 4 concepts</p><p style=\"border: black 1px dotted; background-color: #EEEEEE; padding: 8px; margin-bottom: 8px\">Expansion based on <a href=\"CodeSystem-jami-codeSystem-ePreDispenseInstruction.html\">JAMI_codeSystem_ePreDispenseInstruction v1.0.0 (CodeSystem)</a></p><p>All codes in this table are from the system <a href=\"CodeSystem-jami-codeSystem-ePreDispenseInstruction.html\"><code>urn:oid:1.2.392.200250.2.2.30.10</code></a></p><table class=\"codes\"><tr><td style=\"white-space:nowrap\"><b>Code</b></td><td><b>Display</b></td></tr><tr><td style=\"white-space:nowrap\"><a name=\"urn-oid-1.2.392.200250.2.2.30.10-C\"> </a>  <a href=\"CodeSystem-jami-codeSystem-ePreDispenseInstruction.html#jami-codeSystem-ePreDispenseInstruction-C\">C</a></td><td>粉砕指示</td></tr><tr><td style=\"white-space:nowrap\"><a name=\"urn-oid-1.2.392.200250.2.2.30.10-OP\"> </a>  <a href=\"CodeSystem-jami-codeSystem-ePreDispenseInstruction.html#jami-codeSystem-ePreDispenseInstruction-OP\">OP</a></td><td>一包化指示</td></tr><tr><td style=\"white-space:nowrap\"><a name=\"urn-oid-1.2.392.200250.2.2.30.10-SP\"> </a>  <a href=\"CodeSystem-jami-codeSystem-ePreDispenseInstruction.html#jami-codeSystem-ePreDispenseInstruction-SP\">SP</a></td><td>別包化指示</td></tr><tr><td style=\"white-space:nowrap\"><a name=\"urn-oid-1.2.392.200250.2.2.30.10-MX\"> </a>  <a href=\"CodeSystem-jami-codeSystem-ePreDispenseInstruction.html#jami-codeSystem-ePreDispenseInstruction-MX\">MX</a></td><td>混合指示</td></tr></table></div>"
      },
      "url" : "http://jpfhir.jp/fhir/ePrescription/ValueSet/jami-ePreDispenseInstruction",
      "version" : "1.0.0",
      "name" : "JAMI_valueSet_ePreDispenseInstruction",
      "status" : "active",
      "date" : "2022-05-26T10:25:08+00:00",
      "publisher" : "KOhe",
      "contact" : [{
        "name" : "KOhe",
        "telecom" : [{
          "system" : "url",
          "value" : "http://jpfhir.jp"
        }]
      }],
      "description" : "調剤指示コード（備考欄）",
      "expansion" : {
        "identifier" : "urn:uuid:851a7e7a-eeab-47b2-9898-a997e4a63be6",
        "timestamp" : "2022-05-26T10:28:10+00:00",
        "total" : 4,
        "parameter" : [{
          "name" : "excludeNested",
          "valueBoolean" : false
        },
        {
          "name" : "version",
          "valueUri" : "urn:oid:1.2.392.200250.2.2.30.10|1.0.0"
        }],
        "contains" : [{
          "system" : "urn:oid:1.2.392.200250.2.2.30.10",
          "code" : "C",
          "display" : "粉砕指示"
        },
        {
          "system" : "urn:oid:1.2.392.200250.2.2.30.10",
          "code" : "OP",
          "display" : "一包化指示"
        },
        {
          "system" : "urn:oid:1.2.392.200250.2.2.30.10",
          "code" : "SP",
          "display" : "別包化指示"
        },
        {
          "system" : "urn:oid:1.2.392.200250.2.2.30.10",
          "code" : "MX",
          "display" : "混合指示"
        }]
      }
    }
  },
  {
    "fullUrl" : "http://jpfhir.jp/fhir/Common/ValueSet/doc-typecodes",
    "resource" : {
      "resourceType" : "ValueSet",
      "id" : "jp-valueSet-documentTypeCode",
      "text" : {
        "status" : "generated",
        "div" : "<div xmlns=\"http://www.w3.org/1999/xhtml\"><p>This value set contains 5 concepts</p><p style=\"border: black 1px dotted; background-color: #EEEEEE; padding: 8px; margin-bottom: 8px\">Expansion based on <a href=\"CodeSystem-jp-codeSystem-documentTypeCode.html\">JP_codeSystem_documentTypeCode v1.0.0 (CodeSystem)</a></p><p>All codes in this table are from the system <a href=\"CodeSystem-jp-codeSystem-documentTypeCode.html\"><code>http://jpfhir.jp/fhir/Common/CodeSystem/doc-typecodes</code></a></p><table class=\"codes\"><tr><td style=\"white-space:nowrap\"><b>Code</b></td><td><b>Display</b></td></tr><tr><td style=\"white-space:nowrap\"><a name=\"http---jpfhir.jp-fhir-Common-CodeSystem-doc-typecodes-JPGCHKUP01\"> </a>  <a href=\"CodeSystem-jp-codeSystem-documentTypeCode.html#jp-codeSystem-documentTypeCode-JPGCHKUP01\">JPGCHKUP01</a></td><td>健診結果報告書</td></tr><tr><td style=\"white-space:nowrap\"><a name=\"http---jpfhir.jp-fhir-Common-CodeSystem-doc-typecodes-JPMCHKUP01\"> </a>  <a href=\"CodeSystem-jp-codeSystem-documentTypeCode.html#jp-codeSystem-documentTypeCode-JPMCHKUP01\">JPMCHKUP01</a></td><td>自治体検診結果報告書</td></tr><tr><td style=\"white-space:nowrap\"><a name=\"http---jpfhir.jp-fhir-Common-CodeSystem-doc-typecodes-18842-5\"> </a>  <a href=\"CodeSystem-jp-codeSystem-documentTypeCode.html#jp-codeSystem-documentTypeCode-18842-5\">18842-5</a></td><td>退院時サマリー</td></tr><tr><td style=\"white-space:nowrap\"><a name=\"http---jpfhir.jp-fhir-Common-CodeSystem-doc-typecodes-57133-1\"> </a>  <a href=\"CodeSystem-jp-codeSystem-documentTypeCode.html#jp-codeSystem-documentTypeCode-57133-1\">57133-1</a></td><td>診療情報提供書</td></tr><tr><td style=\"white-space:nowrap\"><a name=\"http---jpfhir.jp-fhir-Common-CodeSystem-doc-typecodes-57833-6\"> </a>  <a href=\"CodeSystem-jp-codeSystem-documentTypeCode.html#jp-codeSystem-documentTypeCode-57833-6\">57833-6</a></td><td>処方箋</td></tr></table></div>"
      },
      "url" : "http://jpfhir.jp/fhir/Common/ValueSet/doc-typecodes",
      "version" : "1.0.0",
      "name" : "JP_valueSet_documentTypeCode",
      "title" : "doc-typecodes",
      "status" : "active",
      "date" : "2022-05-26T10:25:08+00:00",
      "publisher" : "KOhe",
      "contact" : [{
        "name" : "KOhe",
        "telecom" : [{
          "system" : "url",
          "value" : "http://jpfhir.jp"
        }]
      }],
      "description" : "FHIR文書の文書区分（医療文書全般）",
      "expansion" : {
        "identifier" : "urn:uuid:a6f5e037-876a-4e69-9877-996e9dd29df2",
        "timestamp" : "2022-05-26T10:28:27+00:00",
        "total" : 5,
        "parameter" : [{
          "name" : "excludeNested",
          "valueBoolean" : false
        },
        {
          "name" : "version",
          "valueUri" : "http://jpfhir.jp/fhir/Common/CodeSystem/doc-typecodes|1.0.0"
        }],
        "contains" : [{
          "system" : "http://jpfhir.jp/fhir/Common/CodeSystem/doc-typecodes",
          "code" : "JPGCHKUP01",
          "display" : "健診結果報告書"
        },
        {
          "system" : "http://jpfhir.jp/fhir/Common/CodeSystem/doc-typecodes",
          "code" : "JPMCHKUP01",
          "display" : "自治体検診結果報告書"
        },
        {
          "system" : "http://jpfhir.jp/fhir/Common/CodeSystem/doc-typecodes",
          "code" : "18842-5",
          "display" : "退院時サマリー"
        },
        {
          "system" : "http://jpfhir.jp/fhir/Common/CodeSystem/doc-typecodes",
          "code" : "57133-1",
          "display" : "診療情報提供書"
        },
        {
          "system" : "http://jpfhir.jp/fhir/Common/CodeSystem/doc-typecodes",
          "code" : "57833-6",
          "display" : "処方箋"
        }]
      }
    }
  },
  {
    "fullUrl" : "http://jpfhir.jp/fhir/Common/ValueSet/mhlw-ePreCDA-insuranceCategory",
    "resource" : {
      "resourceType" : "ValueSet",
      "id" : "mhlw-valueSet-ePreCDA-insuranceCategory-tbl11",
      "text" : {
        "status" : "generated",
        "div" : "<div xmlns=\"http://www.w3.org/1999/xhtml\"><p>This value set contains 8 concepts</p><p style=\"border: black 1px dotted; background-color: #EEEEEE; padding: 8px; margin-bottom: 8px\">Expansion based on <a href=\"CodeSystem-mhlw-codeSystem-ePreCDA-insuranceCategory-tbl11.html\">MHLW_codeSystem_ePreCDA_insuranceCategory_tbl11 v1.0.0 (CodeSystem)</a></p><p>All codes in this table are from the system <a href=\"CodeSystem-mhlw-codeSystem-ePreCDA-insuranceCategory-tbl11.html\"><code>urn:oid:1.2.392.100495.20.2.61</code></a></p><table class=\"codes\"><tr><td style=\"white-space:nowrap\"><b>Code</b></td><td><b>Display</b></td></tr><tr><td style=\"white-space:nowrap\"><a name=\"urn-oid-1.2.392.100495.20.2.61-1\"> </a>  <a href=\"CodeSystem-mhlw-codeSystem-ePreCDA-insuranceCategory-tbl11.html#mhlw-codeSystem-ePreCDA-insuranceCategory-tbl11-1\">1</a></td><td>医保</td></tr><tr><td style=\"white-space:nowrap\"><a name=\"urn-oid-1.2.392.100495.20.2.61-2\"> </a>  <a href=\"CodeSystem-mhlw-codeSystem-ePreCDA-insuranceCategory-tbl11.html#mhlw-codeSystem-ePreCDA-insuranceCategory-tbl11-2\">2</a></td><td>国保</td></tr><tr><td style=\"white-space:nowrap\"><a name=\"urn-oid-1.2.392.100495.20.2.61-3\"> </a>  <a href=\"CodeSystem-mhlw-codeSystem-ePreCDA-insuranceCategory-tbl11.html#mhlw-codeSystem-ePreCDA-insuranceCategory-tbl11-3\">3</a></td><td>労災</td></tr><tr><td style=\"white-space:nowrap\"><a name=\"urn-oid-1.2.392.100495.20.2.61-4\"> </a>  <a href=\"CodeSystem-mhlw-codeSystem-ePreCDA-insuranceCategory-tbl11.html#mhlw-codeSystem-ePreCDA-insuranceCategory-tbl11-4\">4</a></td><td>自賠責</td></tr><tr><td style=\"white-space:nowrap\"><a name=\"urn-oid-1.2.392.100495.20.2.61-5\"> </a>  <a href=\"CodeSystem-mhlw-codeSystem-ePreCDA-insuranceCategory-tbl11.html#mhlw-codeSystem-ePreCDA-insuranceCategory-tbl11-5\">5</a></td><td>公害</td></tr><tr><td style=\"white-space:nowrap\"><a name=\"urn-oid-1.2.392.100495.20.2.61-6\"> </a>  <a href=\"CodeSystem-mhlw-codeSystem-ePreCDA-insuranceCategory-tbl11.html#mhlw-codeSystem-ePreCDA-insuranceCategory-tbl11-6\">6</a></td><td>自費</td></tr><tr><td style=\"white-space:nowrap\"><a name=\"urn-oid-1.2.392.100495.20.2.61-7\"> </a>  <a href=\"CodeSystem-mhlw-codeSystem-ePreCDA-insuranceCategory-tbl11.html#mhlw-codeSystem-ePreCDA-insuranceCategory-tbl11-7\">7</a></td><td>後期高齢者</td></tr><tr><td style=\"white-space:nowrap\"><a name=\"urn-oid-1.2.392.100495.20.2.61-8\"> </a>  <a href=\"CodeSystem-mhlw-codeSystem-ePreCDA-insuranceCategory-tbl11.html#mhlw-codeSystem-ePreCDA-insuranceCategory-tbl11-8\">8</a></td><td>公費</td></tr></table></div>"
      },
      "url" : "http://jpfhir.jp/fhir/Common/ValueSet/mhlw-ePreCDA-insuranceCategory",
      "version" : "1.0.0",
      "name" : "MHLW_valueSet_ePreCDA_insuranceCategory_tbl11",
      "status" : "active",
      "date" : "2022-05-26T10:25:08+00:00",
      "publisher" : "KOhe",
      "contact" : [{
        "name" : "KOhe",
        "telecom" : [{
          "system" : "url",
          "value" : "http://jpfhir.jp"
        }]
      }],
      "description" : "厚労省電子処方CDA規格別表11 保険種別コード",
      "expansion" : {
        "identifier" : "urn:uuid:2f901005-7618-4c5c-9b40-cbec1fc50f25",
        "timestamp" : "2022-05-26T10:28:34+00:00",
        "total" : 8,
        "parameter" : [{
          "name" : "excludeNested",
          "valueBoolean" : false
        },
        {
          "name" : "version",
          "valueUri" : "urn:oid:1.2.392.100495.20.2.61|1.0.0"
        }],
        "contains" : [{
          "system" : "urn:oid:1.2.392.100495.20.2.61",
          "code" : "1",
          "display" : "医保"
        },
        {
          "system" : "urn:oid:1.2.392.100495.20.2.61",
          "code" : "2",
          "display" : "国保"
        },
        {
          "system" : "urn:oid:1.2.392.100495.20.2.61",
          "code" : "3",
          "display" : "労災"
        },
        {
          "system" : "urn:oid:1.2.392.100495.20.2.61",
          "code" : "4",
          "display" : "自賠責"
        },
        {
          "system" : "urn:oid:1.2.392.100495.20.2.61",
          "code" : "5",
          "display" : "公害"
        },
        {
          "system" : "urn:oid:1.2.392.100495.20.2.61",
          "code" : "6",
          "display" : "自費"
        },
        {
          "system" : "urn:oid:1.2.392.100495.20.2.61",
          "code" : "7",
          "display" : "後期高齢者"
        },
        {
          "system" : "urn:oid:1.2.392.100495.20.2.61",
          "code" : "8",
          "display" : "公費"
        }]
      }
    }
  }]
}