{
  "resourceType" : "Bundle",
  "id" : "53494ce5-e5c5-4127-81d3-86d5ea393bad",
  "meta" : {
    "lastUpdated" : "2022-03-24T23:22:35.292+00:00"
  },
  "type" : "collection",
  "entry" : [{
    "fullUrl" : "https://hl7fhir.jp/fhir/ImplementationGuide/jp-core-work-valueset-EventStatus",
    "resource" : {
      "resourceType" : "ValueSet",
      "id" : "jp-core-work-valueset-EventStatus",
      "text" : {
        "status" : "generated",
        "div" : "<div xmlns=\"http://www.w3.org/1999/xhtml\"><p>This value set contains 8 concepts</p><p style=\"border: black 1px dotted; background-color: #EEEEEE; padding: 8px; margin-bottom: 8px\">Expansion based on <a href=\"CodeSystem-jp-core-work-codesystem-EventStatus.html\">Procedureの状態 v1.1.0a (CodeSystem)</a></p><p>All codes in this table are from the system <a href=\"CodeSystem-jp-core-work-codesystem-EventStatus.html\"><code>https://hl7fhir.jp/fhir/ImplementationGuide/jp-core-work-codesystem-EventStatus</code></a></p><table class=\"codes\"><tr><td style=\"white-space:nowrap\"><b>Code</b></td><td><b>Display</b></td><td><b>Definition</b></td></tr><tr><td style=\"white-space:nowrap\"><a name=\"https---hl7fhir.jp-fhir-ImplementationGuide-jp-core-work-codesystem-EventStatus-preparation\"> </a>  <a href=\"CodeSystem-jp-core-work-codesystem-EventStatus.html#jp-core-work-codesystem-EventStatus-preparation\">preparation</a></td><td>Preparation</td><td>コアイベントはまだ開始されていませんが、一部のステージングアクティビティが開始されています(e.gです。手術室準備)。準備段階は、請求目的のために追跡できます。</td></tr><tr><td style=\"white-space:nowrap\"><a name=\"https---hl7fhir.jp-fhir-ImplementationGuide-jp-core-work-codesystem-EventStatus-in-progress\"> </a>  <a href=\"CodeSystem-jp-core-work-codesystem-EventStatus.html#jp-core-work-codesystem-EventStatus-in-progress\">in-progress</a></td><td>In Progress</td><td>イベントは現在発生中です。</td></tr><tr><td style=\"white-space:nowrap\"><a name=\"https---hl7fhir.jp-fhir-ImplementationGuide-jp-core-work-codesystem-EventStatus-not-done\"> </a>  <a href=\"CodeSystem-jp-core-work-codesystem-EventStatus.html#jp-core-work-codesystem-EventStatus-not-done\">not-done</a></td><td>Not Done</td><td>イベントは準備ができないアクティビティの前に終了しました。I.eです。「メイン 」アクティビティはまだ開始されていません。準備活動と「メイン 」活動の境界は、状況に応じて異なります。</td></tr><tr><td style=\"white-space:nowrap\"><a name=\"https---hl7fhir.jp-fhir-ImplementationGuide-jp-core-work-codesystem-EventStatus-on-hold\"> </a>  <a href=\"CodeSystem-jp-core-work-codesystem-EventStatus.html#jp-core-work-codesystem-EventStatus-on-hold\">on-hold</a></td><td>On Hold</td><td>イベントは一時停止されていますが、今後再開される予定です。</td></tr><tr><td style=\"white-space:nowrap\"><a name=\"https---hl7fhir.jp-fhir-ImplementationGuide-jp-core-work-codesystem-EventStatus-stopped\"> </a>  <a href=\"CodeSystem-jp-core-work-codesystem-EventStatus.html#jp-core-work-codesystem-EventStatus-stopped\">stopped</a></td><td>Stopped</td><td>イベントは、意図したアクティビティーが完全に完了する前に終了しましたが、少なくとも一部の「メイン 」アクティビティー(準備ができていない)が発生した後に終了しました。</td></tr><tr><td style=\"white-space:nowrap\"><a name=\"https---hl7fhir.jp-fhir-ImplementationGuide-jp-core-work-codesystem-EventStatus-completed\"> </a>  <a href=\"CodeSystem-jp-core-work-codesystem-EventStatus.html#jp-core-work-codesystem-EventStatus-completed\">completed</a></td><td>Completed</td><td>イベントは終了しました。</td></tr><tr><td style=\"white-space:nowrap\"><a name=\"https---hl7fhir.jp-fhir-ImplementationGuide-jp-core-work-codesystem-EventStatus-entered-in-error\"> </a>  <a href=\"CodeSystem-jp-core-work-codesystem-EventStatus.html#jp-core-work-codesystem-EventStatus-entered-in-error\">entered-in-error</a></td><td>Entered in Error</td><td>この電子記録は存在すべきではなかったが、現実世界の決定がそれに基づいていた可能性はある。(実世界の活動が発生した場合、ステータスは「エラー入力」ではなく「停止」でなければなりません。)。</td></tr><tr><td style=\"white-space:nowrap\"><a name=\"https---hl7fhir.jp-fhir-ImplementationGuide-jp-core-work-codesystem-EventStatus-unknown\"> </a>  <a href=\"CodeSystem-jp-core-work-codesystem-EventStatus.html#jp-core-work-codesystem-EventStatus-unknown\">unknown</a></td><td>Unknown</td><td>オーサリング/ソースシステムでは、このイベントに現在適用されているステータス値がわかりません。注記:この概念は「その他」には使用されません。リストされているステータスのいずれかが適用されると想定されますが、オーサリングシステムとソースシステムはどちらに該当するかわかりません。</td></tr></table></div>"
      },
      "url" : "https://hl7fhir.jp/fhir/ImplementationGuide/jp-core-work-valueset-EventStatus",
      "version" : "1.1.0a",
      "name" : "EventStatus",
      "title" : "Procedureの状態",
      "status" : "draft",
      "date" : "2022-03-24T23:22:35+00:00",
      "publisher" : "FHIR Japanese implementation research working group in Japan Association of Medical Informatics (JAMI)",
      "contact" : [{
        "name" : "FHIR Japanese implementation research working group in Japan Association of Medical Informatics (JAMI)",
        "telecom" : [{
          "system" : "url",
          "value" : "http://jpfhir.jp"
        },
        {
          "system" : "email",
          "value" : "office@hlfhir.jp"
        }]
      }],
      "jurisdiction" : [{
        "coding" : [{
          "system" : "urn:iso:std:iso:3166",
          "code" : "JP"
        }]
      }],
      "copyright" : "FHIR Japanese implementation research working group in Japan Association of Medical Informatics (JAMI)",
      "expansion" : {
        "identifier" : "urn:uuid:13d0674e-8c35-4b50-a670-6a13f523fa57",
        "timestamp" : "2022-03-24T23:23:08+00:00",
        "total" : 8,
        "parameter" : [{
          "name" : "excludeNested",
          "valueBoolean" : false
        },
        {
          "name" : "version",
          "valueUri" : "https://hl7fhir.jp/fhir/ImplementationGuide/jp-core-work-codesystem-EventStatus|1.1.0a"
        }],
        "contains" : [{
          "system" : "https://hl7fhir.jp/fhir/ImplementationGuide/jp-core-work-codesystem-EventStatus",
          "code" : "preparation",
          "display" : "Preparation"
        },
        {
          "system" : "https://hl7fhir.jp/fhir/ImplementationGuide/jp-core-work-codesystem-EventStatus",
          "code" : "in-progress",
          "display" : "In Progress"
        },
        {
          "system" : "https://hl7fhir.jp/fhir/ImplementationGuide/jp-core-work-codesystem-EventStatus",
          "code" : "not-done",
          "display" : "Not Done"
        },
        {
          "system" : "https://hl7fhir.jp/fhir/ImplementationGuide/jp-core-work-codesystem-EventStatus",
          "code" : "on-hold",
          "display" : "On Hold"
        },
        {
          "system" : "https://hl7fhir.jp/fhir/ImplementationGuide/jp-core-work-codesystem-EventStatus",
          "code" : "stopped",
          "display" : "Stopped"
        },
        {
          "system" : "https://hl7fhir.jp/fhir/ImplementationGuide/jp-core-work-codesystem-EventStatus",
          "code" : "completed",
          "display" : "Completed"
        },
        {
          "system" : "https://hl7fhir.jp/fhir/ImplementationGuide/jp-core-work-codesystem-EventStatus",
          "code" : "entered-in-error",
          "display" : "Entered in Error"
        },
        {
          "system" : "https://hl7fhir.jp/fhir/ImplementationGuide/jp-core-work-codesystem-EventStatus",
          "code" : "unknown",
          "display" : "Unknown"
        }]
      }
    }
  },
  {
    "fullUrl" : "https://hl7fhir.jp/fhir/ImplementationGuide/jp-core-work-valueset-ProcedureCodes",
    "resource" : {
      "resourceType" : "ValueSet",
      "id" : "jp-core-work-valueset-ProcedureCodes",
      "text" : {
        "status" : "generated",
        "div" : "<div xmlns=\"http://www.w3.org/1999/xhtml\"><p>This value set contains 0 concepts</p><p style=\"border: black 1px dotted; background-color: #EEEEEE; padding: 8px; margin-bottom: 8px\">Expansion based on <a href=\"CodeSystem-jp-core-work-codesystem-ProcedureCodes.html\">Procedureコード v1.1.0a (CodeSystem)</a></p><table class=\"codes\"><tr><td style=\"white-space:nowrap\"><b>Code</b></td><td><b>System</b></td><td><b>Display</b></td></tr></table></div>"
      },
      "url" : "https://hl7fhir.jp/fhir/ImplementationGuide/jp-core-work-valueset-ProcedureCodes",
      "version" : "1.1.0a",
      "name" : "ProcedureCodes",
      "title" : "Procedureコード",
      "status" : "draft",
      "date" : "2022-03-24T23:22:35+00:00",
      "publisher" : "FHIR Japanese implementation research working group in Japan Association of Medical Informatics (JAMI)",
      "contact" : [{
        "name" : "FHIR Japanese implementation research working group in Japan Association of Medical Informatics (JAMI)",
        "telecom" : [{
          "system" : "url",
          "value" : "http://jpfhir.jp"
        },
        {
          "system" : "email",
          "value" : "office@hlfhir.jp"
        }]
      }],
      "jurisdiction" : [{
        "coding" : [{
          "system" : "urn:iso:std:iso:3166",
          "code" : "JP"
        }]
      }],
      "copyright" : "FHIR Japanese implementation research working group in Japan Association of Medical Informatics (JAMI)",
      "expansion" : {
        "identifier" : "urn:uuid:c7c5a154-63d4-4f17-99ae-da339b59830b",
        "timestamp" : "2022-03-24T23:23:22+00:00",
        "parameter" : [{
          "name" : "excludeNested",
          "valueBoolean" : false
        },
        {
          "name" : "version",
          "valueUri" : "https://hl7fhir.jp/fhir/ImplementationGuide/jp-core-work-codesystem-ProcedureCodes|1.1.0a"
        }]
      }
    }
  }]
}