<?xml version="1.0" encoding="UTF-8"?>

<Bundle xmlns="http://hl7.org/fhir">
  <id value="abfaf0a8-8196-490d-8702-8beab7ab732a"/>
  <meta>
    <lastUpdated value="2022-05-19T22:22:45.242+00:00"/>
  </meta>
  <type value="collection"/>
  <entry>
    <fullUrl value="http://jpfhir.jp/fhir/ePrescription/ValueSet/jami-ePreDispenseInstruction"/>
    <resource>
      <ValueSet>
        <id value="jami-valueSet-ePreDispenseInstruction"/>
        <text>
          <status value="generated"/>
          <div xmlns="http://www.w3.org/1999/xhtml">
            <p>This value set contains 4 concepts</p>
            <p style="border: black 1px dotted; background-color: #EEEEEE; padding: 8px; margin-bottom: 8px">Expansion based on 
              <a href="CodeSystem-jami-codeSystem-ePreDispenseInstruction.html">JAMI_codeSystem_ePreDispenseInstruction v1.0.0 (CodeSystem)</a>
            </p>
            <p>All codes in this table are from the system 
              <a href="CodeSystem-jami-codeSystem-ePreDispenseInstruction.html">
                <code>urn:oid:1.2.392.200250.2.2.30.10</code>
              </a>
            </p>
            <table class="codes">
              <tr>
                <td style="white-space:nowrap">
                  <b>Code</b>
                </td>
                <td>
                  <b>Display</b>
                </td>
              </tr>
              <tr>
                <td style="white-space:nowrap">
                  <a name="urn-oid-1.2.392.200250.2.2.30.10-C"> </a>  
                  <a href="CodeSystem-jami-codeSystem-ePreDispenseInstruction.html#jami-codeSystem-ePreDispenseInstruction-C">C</a>
                </td>
                <td>粉砕指示</td>
              </tr>
              <tr>
                <td style="white-space:nowrap">
                  <a name="urn-oid-1.2.392.200250.2.2.30.10-OP"> </a>  
                  <a href="CodeSystem-jami-codeSystem-ePreDispenseInstruction.html#jami-codeSystem-ePreDispenseInstruction-OP">OP</a>
                </td>
                <td>一包化指示</td>
              </tr>
              <tr>
                <td style="white-space:nowrap">
                  <a name="urn-oid-1.2.392.200250.2.2.30.10-SP"> </a>  
                  <a href="CodeSystem-jami-codeSystem-ePreDispenseInstruction.html#jami-codeSystem-ePreDispenseInstruction-SP">SP</a>
                </td>
                <td>別包化指示</td>
              </tr>
              <tr>
                <td style="white-space:nowrap">
                  <a name="urn-oid-1.2.392.200250.2.2.30.10-MX"> </a>  
                  <a href="CodeSystem-jami-codeSystem-ePreDispenseInstruction.html#jami-codeSystem-ePreDispenseInstruction-MX">MX</a>
                </td>
                <td>混合指示</td>
              </tr>
            </table>
          </div>
        </text>
        <url value="http://jpfhir.jp/fhir/ePrescription/ValueSet/jami-ePreDispenseInstruction"/>
        <version value="1.0.0"/>
        <name value="JAMI_valueSet_ePreDispenseInstruction"/>
        <status value="active"/>
        <date value="2022-05-19T22:22:45+00:00"/>
        <publisher value="KOhe"/>
        <contact>
          <name value="KOhe"/>
          <telecom>
            <system value="url"/>
            <value value="http://jpfhir.jp"/>
          </telecom>
        </contact>
        <description value="調剤指示コード（備考欄）"/>
        <expansion>
          <identifier value="urn:uuid:9e6471f0-139c-4ef4-b548-1064296e57e6"/>
          <timestamp value="2022-05-19T22:26:02+00:00"/>
          <total value="4"/>
          <parameter>
            <name value="excludeNested"/>
            <valueBoolean value="false"/>
          </parameter>
          <parameter>
            <name value="version"/>
            <valueUri value="urn:oid:1.2.392.200250.2.2.30.10|1.0.0"/>
          </parameter>
          <contains>
            <system value="urn:oid:1.2.392.200250.2.2.30.10"/>
            <code value="C"/>
            <display value="粉砕指示"/>
          </contains>
          <contains>
            <system value="urn:oid:1.2.392.200250.2.2.30.10"/>
            <code value="OP"/>
            <display value="一包化指示"/>
          </contains>
          <contains>
            <system value="urn:oid:1.2.392.200250.2.2.30.10"/>
            <code value="SP"/>
            <display value="別包化指示"/>
          </contains>
          <contains>
            <system value="urn:oid:1.2.392.200250.2.2.30.10"/>
            <code value="MX"/>
            <display value="混合指示"/>
          </contains>
        </expansion>
      </ValueSet>
    </resource>
  </entry>
  <entry>
    <fullUrl value="http://jpfhir.jp/fhir/Common/ValueSet/doc-typecodes"/>
    <resource>
      <ValueSet>
        <id value="jp-valueSet-documentTypeCode"/>
        <text>
          <status value="generated"/>
          <div xmlns="http://www.w3.org/1999/xhtml">
            <p>This value set contains 4 concepts</p>
            <p style="border: black 1px dotted; background-color: #EEEEEE; padding: 8px; margin-bottom: 8px">Expansion based on 
              <a href="CodeSystem-jp-codeSystem-documentTypeCode.html">JP_codeSystem_documentTypeCode v1.0.0 (CodeSystem)</a>
            </p>
            <p>All codes in this table are from the system 
              <a href="CodeSystem-jp-codeSystem-documentTypeCode.html">
                <code>http://jpfhir.jp/fhir/Common/CodeSystem/doc-typecodes</code>
              </a>
            </p>
            <table class="codes">
              <tr>
                <td style="white-space:nowrap">
                  <b>Code</b>
                </td>
                <td>
                  <b>Display</b>
                </td>
              </tr>
              <tr>
                <td style="white-space:nowrap">
                  <a name="http---jpfhir.jp-fhir-Common-CodeSystem-doc-typecodes-01"> </a>  
                  <a href="CodeSystem-jp-codeSystem-documentTypeCode.html#jp-codeSystem-documentTypeCode-01">01</a>
                </td>
                <td>健診結果報告書</td>
              </tr>
              <tr>
                <td style="white-space:nowrap">
                  <a name="http---jpfhir.jp-fhir-Common-CodeSystem-doc-typecodes-18842-5"> </a>  
                  <a href="CodeSystem-jp-codeSystem-documentTypeCode.html#jp-codeSystem-documentTypeCode-18842-5">18842-5</a>
                </td>
                <td>退院時サマリー</td>
              </tr>
              <tr>
                <td style="white-space:nowrap">
                  <a name="http---jpfhir.jp-fhir-Common-CodeSystem-doc-typecodes-57133-1"> </a>  
                  <a href="CodeSystem-jp-codeSystem-documentTypeCode.html#jp-codeSystem-documentTypeCode-57133-1">57133-1</a>
                </td>
                <td>診療情報提供書</td>
              </tr>
              <tr>
                <td style="white-space:nowrap">
                  <a name="http---jpfhir.jp-fhir-Common-CodeSystem-doc-typecodes-57833-6"> </a>  
                  <a href="CodeSystem-jp-codeSystem-documentTypeCode.html#jp-codeSystem-documentTypeCode-57833-6">57833-6</a>
                </td>
                <td>処方箋</td>
              </tr>
            </table>
          </div>
        </text>
        <url value="http://jpfhir.jp/fhir/Common/ValueSet/doc-typecodes"/>
        <version value="1.0.0"/>
        <name value="JP_valueSet_documentTypeCode"/>
        <title value="doc-typecodes"/>
        <status value="active"/>
        <date value="2022-05-19T22:22:45+00:00"/>
        <publisher value="KOhe"/>
        <contact>
          <name value="KOhe"/>
          <telecom>
            <system value="url"/>
            <value value="http://jpfhir.jp"/>
          </telecom>
        </contact>
        <description value="FHIR文書の文書区分（医療文書全般）"/>
        <expansion>
          <identifier value="urn:uuid:363957b9-1b09-4c08-b200-b12a05a9fcec"/>
          <timestamp value="2022-05-19T22:26:26+00:00"/>
          <total value="4"/>
          <parameter>
            <name value="excludeNested"/>
            <valueBoolean value="false"/>
          </parameter>
          <parameter>
            <name value="version"/>
            <valueUri value="http://jpfhir.jp/fhir/Common/CodeSystem/doc-typecodes|1.0.0"/>
          </parameter>
          <contains>
            <system value="http://jpfhir.jp/fhir/Common/CodeSystem/doc-typecodes"/>
            <code value="01"/>
            <display value="健診結果報告書"/>
          </contains>
          <contains>
            <system value="http://jpfhir.jp/fhir/Common/CodeSystem/doc-typecodes"/>
            <code value="18842-5"/>
            <display value="退院時サマリー"/>
          </contains>
          <contains>
            <system value="http://jpfhir.jp/fhir/Common/CodeSystem/doc-typecodes"/>
            <code value="57133-1"/>
            <display value="診療情報提供書"/>
          </contains>
          <contains>
            <system value="http://jpfhir.jp/fhir/Common/CodeSystem/doc-typecodes"/>
            <code value="57833-6"/>
            <display value="処方箋"/>
          </contains>
        </expansion>
      </ValueSet>
    </resource>
  </entry>
  <entry>
    <fullUrl value="http://jpfhir.jp/fhir/Common/ValueSet/mhlw-ePreCDA-insuranceCategory"/>
    <resource>
      <ValueSet>
        <id value="mhlw-valueSet-ePreCDA-insuranceCategory-tbl11"/>
        <text>
          <status value="generated"/>
          <div xmlns="http://www.w3.org/1999/xhtml">
            <p>This value set contains 8 concepts</p>
            <p style="border: black 1px dotted; background-color: #EEEEEE; padding: 8px; margin-bottom: 8px">Expansion based on 
              <a href="CodeSystem-mhlw-codeSystem-ePreCDA-insuranceCategory-tbl11.html">MHLW_codeSystem_ePreCDA_insuranceCategory_tbl11 v1.0.0 (CodeSystem)</a>
            </p>
            <p>All codes in this table are from the system 
              <a href="CodeSystem-mhlw-codeSystem-ePreCDA-insuranceCategory-tbl11.html">
                <code>urn:oid:1.2.392.100495.20.2.61</code>
              </a>
            </p>
            <table class="codes">
              <tr>
                <td style="white-space:nowrap">
                  <b>Code</b>
                </td>
                <td>
                  <b>Display</b>
                </td>
              </tr>
              <tr>
                <td style="white-space:nowrap">
                  <a name="urn-oid-1.2.392.100495.20.2.61-1"> </a>  
                  <a href="CodeSystem-mhlw-codeSystem-ePreCDA-insuranceCategory-tbl11.html#mhlw-codeSystem-ePreCDA-insuranceCategory-tbl11-1">1</a>
                </td>
                <td>医保</td>
              </tr>
              <tr>
                <td style="white-space:nowrap">
                  <a name="urn-oid-1.2.392.100495.20.2.61-2"> </a>  
                  <a href="CodeSystem-mhlw-codeSystem-ePreCDA-insuranceCategory-tbl11.html#mhlw-codeSystem-ePreCDA-insuranceCategory-tbl11-2">2</a>
                </td>
                <td>国保</td>
              </tr>
              <tr>
                <td style="white-space:nowrap">
                  <a name="urn-oid-1.2.392.100495.20.2.61-3"> </a>  
                  <a href="CodeSystem-mhlw-codeSystem-ePreCDA-insuranceCategory-tbl11.html#mhlw-codeSystem-ePreCDA-insuranceCategory-tbl11-3">3</a>
                </td>
                <td>労災</td>
              </tr>
              <tr>
                <td style="white-space:nowrap">
                  <a name="urn-oid-1.2.392.100495.20.2.61-4"> </a>  
                  <a href="CodeSystem-mhlw-codeSystem-ePreCDA-insuranceCategory-tbl11.html#mhlw-codeSystem-ePreCDA-insuranceCategory-tbl11-4">4</a>
                </td>
                <td>自賠責</td>
              </tr>
              <tr>
                <td style="white-space:nowrap">
                  <a name="urn-oid-1.2.392.100495.20.2.61-5"> </a>  
                  <a href="CodeSystem-mhlw-codeSystem-ePreCDA-insuranceCategory-tbl11.html#mhlw-codeSystem-ePreCDA-insuranceCategory-tbl11-5">5</a>
                </td>
                <td>公害</td>
              </tr>
              <tr>
                <td style="white-space:nowrap">
                  <a name="urn-oid-1.2.392.100495.20.2.61-6"> </a>  
                  <a href="CodeSystem-mhlw-codeSystem-ePreCDA-insuranceCategory-tbl11.html#mhlw-codeSystem-ePreCDA-insuranceCategory-tbl11-6">6</a>
                </td>
                <td>自費</td>
              </tr>
              <tr>
                <td style="white-space:nowrap">
                  <a name="urn-oid-1.2.392.100495.20.2.61-7"> </a>  
                  <a href="CodeSystem-mhlw-codeSystem-ePreCDA-insuranceCategory-tbl11.html#mhlw-codeSystem-ePreCDA-insuranceCategory-tbl11-7">7</a>
                </td>
                <td>後期高齢者</td>
              </tr>
              <tr>
                <td style="white-space:nowrap">
                  <a name="urn-oid-1.2.392.100495.20.2.61-8"> </a>  
                  <a href="CodeSystem-mhlw-codeSystem-ePreCDA-insuranceCategory-tbl11.html#mhlw-codeSystem-ePreCDA-insuranceCategory-tbl11-8">8</a>
                </td>
                <td>公費</td>
              </tr>
            </table>
          </div>
        </text>
        <url value="http://jpfhir.jp/fhir/Common/ValueSet/mhlw-ePreCDA-insuranceCategory"/>
        <version value="1.0.0"/>
        <name value="MHLW_valueSet_ePreCDA_insuranceCategory_tbl11"/>
        <status value="active"/>
        <date value="2022-05-19T22:22:45+00:00"/>
        <publisher value="KOhe"/>
        <contact>
          <name value="KOhe"/>
          <telecom>
            <system value="url"/>
            <value value="http://jpfhir.jp"/>
          </telecom>
        </contact>
        <description value="厚労省電子処方CDA規格別表11 保険種別コード"/>
        <expansion>
          <identifier value="urn:uuid:87b6f174-2d63-4c4f-be95-50d8c436b9e0"/>
          <timestamp value="2022-05-19T22:26:34+00:00"/>
          <total value="8"/>
          <parameter>
            <name value="excludeNested"/>
            <valueBoolean value="false"/>
          </parameter>
          <parameter>
            <name value="version"/>
            <valueUri value="urn:oid:1.2.392.100495.20.2.61|1.0.0"/>
          </parameter>
          <contains>
            <system value="urn:oid:1.2.392.100495.20.2.61"/>
            <code value="1"/>
            <display value="医保"/>
          </contains>
          <contains>
            <system value="urn:oid:1.2.392.100495.20.2.61"/>
            <code value="2"/>
            <display value="国保"/>
          </contains>
          <contains>
            <system value="urn:oid:1.2.392.100495.20.2.61"/>
            <code value="3"/>
            <display value="労災"/>
          </contains>
          <contains>
            <system value="urn:oid:1.2.392.100495.20.2.61"/>
            <code value="4"/>
            <display value="自賠責"/>
          </contains>
          <contains>
            <system value="urn:oid:1.2.392.100495.20.2.61"/>
            <code value="5"/>
            <display value="公害"/>
          </contains>
          <contains>
            <system value="urn:oid:1.2.392.100495.20.2.61"/>
            <code value="6"/>
            <display value="自費"/>
          </contains>
          <contains>
            <system value="urn:oid:1.2.392.100495.20.2.61"/>
            <code value="7"/>
            <display value="後期高齢者"/>
          </contains>
          <contains>
            <system value="urn:oid:1.2.392.100495.20.2.61"/>
            <code value="8"/>
            <display value="公費"/>
          </contains>
        </expansion>
      </ValueSet>
    </resource>
  </entry>
</Bundle>