<?xml version="1.0" encoding="UTF-8"?>

<Bundle xmlns="http://hl7.org/fhir">
  <id value="Bundle-for-JP-MedReq-ePreBundleExample01"/>
  <meta>
    <profile value="http://jpfhir.jp/fhir/ePrescription/StructureDefinition/JP_Bundle_ePrescriptionData"/>
  </meta>
  <identifier>
    <system value="urn:ietf:rfc:3986"/>
    <value value="urn:uuid:0c3151bd-1cbf-4d64-b04d-cd9187a4c6e0"/>
  </identifier>
  <type value="document"/>
  <timestamp value="2020-08-21T12:12:21+09:00"/>
  <entry>
    <fullUrl value="urn:uuid:20ade057-b106-9223-585e-20aa8d1635af"/>
    <resource>
      <Composition>
        <id value="JP-Composition-ePreBundleExample01"/>
        <meta>
          <profile value="http://jpfhir.jp/fhir/ePrescription/StructureDefinition/JP_Composition_ePrescriptionData"/>
        </meta>
        <language value="ja"/>
        <text>
          <status value="generated"/><div xmlns="http://www.w3.org/1999/xhtml" lang="ja" xml:lang="ja"><p>自治体検診結果報告書</p></div>
        </text>
        <extension url="http://hl7.org/fhir/StructureDefinition/composition-clinicaldocument-versionNumber">
          <valueString value="1"/>
        </extension>
        <identifier>
          <system value="http://jpfhir.jp/fhir/Common/IdSystem/resourceInstance-identifier"/>
          <value value="34875506"/>
        </identifier>
        <status value="final"/>
        <type>
          <coding>
            <system value="http://jpfhir.jp/fhir/Common/CodeSystem/doc-typecodes"/>
            <code value="57833-6"/>
            <display value="処方箋"/>
          </coding>
        </type>
        <category>
          <coding>
            <system value="http://jpfhir.jp/fhir/ePrescription/CodeSystem/prescription-category"/>
            <code value="01"/>
            <display value="一般処方箋"/>
          </coding>
        </category>
        <subject>
          <reference value="urn:uuid:e22017ff-4c65-649c-2dfe-c6676b654be5"/>
          <display value="患者リソースPatient"/>
        </subject>
        <encounter>
          <reference value="urn:uuid:d151a740-d8a1-9c19-29f0-f52476e619d7"/>
          <display value="受診Encounterリソース"/>
        </encounter>
        <date value="2020-08-21T12:12:20+09:00"/>
        <author>
          <reference value="urn:uuid:2e61a47b-a7fa-1d23-ebbf-eade736e9b00"/>
          <display value="処方作成者PractitionerRoleリソース"/>
        </author>
        <author>
          <reference value="urn:uuid:51c6333d-92ff-0113-56cd-a1f566f43a09"/>
          <display value="処方作成機関Organaizationリソース"/>
        </author>
        <title value="処方箋"/>
        <custodian>
          <reference value="urn:uuid:51c6333d-92ff-0113-56cd-a1f566f43a09"/>
          <display value="処方箋交付責任機関Organaizationリソース"/>
        </custodian>
        <event>
          <code>
            <text value="処方箋交付"/>
          </code>
          <period>
            <start value="2020-08-21"/>
          </period>
        </event>
        <section>
          <title value="処方情報"/>
          <code>
            <coding>
              <system value="http://jpfhir.jp/fhir/ePrescription/CodeSystem/prescription-section"/>
              <code value="01"/>
              <display value="処方情報セクション"/>
            </coding>
          </code>
          <entry>
            <reference value="urn:uuid:9b4e6a12-7bb3-5d46-a126-31b33410f796"/>
            <display value="健康保険Coverage"/>
          </entry>
          <entry>
            <reference value="urn:uuid:a1ae0c57-d89f-3757-081d-05466134481d"/>
            <display value="健康保険者Organaization"/>
          </entry>
          <entry>
            <reference value="urn:uuid:32326e64-2e22-2ea9-06e8-460ce4b70593"/>
            <display value="公費負担Coverage"/>
          </entry>
          <entry>
            <reference value="urn:uuid:73e9e96a-3c8b-1125-937b-06639ed865c1"/>
            <display value="公費負担者Organaization"/>
          </entry>
          <entry>
            <reference value="urn:uuid:a58040b7-6283-fb0c-4b25-a17dca08cc3d"/>
            <display value="処方指示 内服処方7日分MedicationRequestリソース"/>
          </entry>
          <entry>
            <reference value="urn:uuid:632cdb4b-36fe-05fb-9a3d-b4230cb7e608"/>
            <display value="処方指示 外用MedicationRequestリソース"/>
          </entry>
          <entry>
            <reference value="urn:uuid:499f7db1-b4c2-3d01-b1a0-dfdb502977ab"/>
            <display value="調剤者への指示"/>
          </entry>
        </section>
      </Composition>
    </resource>
  </entry>
  <entry>
    <fullUrl value="urn:uuid:e22017ff-4c65-649c-2dfe-c6676b654be5"/>
    <resource>
      <Patient>
        <id value="JP-Patient-ePreData-Example"/>
        <meta>
          <profile value="http://jpfhir.jp/fhir/ePrescription/StructureDefinition/JP_Patient_ePrescriptionData"/>
        </meta>
        <text>
          <status value="generated"/><div xmlns="http://www.w3.org/1999/xhtml"><p><b>Generated Narrative</b></p><div style="display: inline-block; background-color: #d9e0e7; padding: 6px; margin: 4px; border: 1px solid #8da1b4; border-radius: 5px; line-height: 60%"><p style="margin-bottom: 0px">Resource "JP-Patient-ePreData-Example" </p><p style="margin-bottom: 0px">Profile: <a href="StructureDefinition-JP-Patient-ePrescriptionData.html">JP_Patient_ePrescriptionData</a></p></div><p><b>identifier</b>: id: 00000010</p><p><b>name</b>: 東京　太郎(OFFICIAL), トウキョウ　タロウ(OFFICIAL)</p><p><b>gender</b>: male</p><p><b>birthDate</b>: 1920-02-11</p><p><b>address</b>: 神奈川県横浜市港区１－２－３</p></div>
        </text>
        <identifier>
          <system value="urn:oid:1.2.392.100495.20.3.51.11311234567"/>
          <value value="00000010"/>
        </identifier>
        <name>
          <extension url="http://hl7.org/fhir/StructureDefinition/iso21090-EN-representation">
            <valueCode value="IDE"/>
          </extension>
          <use value="official"/>
          <text value="東京　太郎"/>
          <family value="東京"/>
          <given value="太郎"/>
        </name>
        <name>
          <extension url="http://hl7.org/fhir/StructureDefinition/iso21090-EN-representation">
            <valueCode value="SYL"/>
          </extension>
          <use value="official"/>
          <text value="トウキョウ　タロウ"/>
          <family value="トウキョウ"/>
          <given value="タロウ"/>
        </name>
        <gender value="male"/>
        <birthDate value="1920-02-11"/>
        <address>
          <text value="神奈川県横浜市港区１－２－３"/>
          <postalCode value="123-4567"/>
          <country value="JP"/>
        </address>
      </Patient>
    </resource>
  </entry>
  <entry>
    <fullUrl value="urn:uuid:d151a740-d8a1-9c19-29f0-f52476e619d7"/>
    <resource>
      <Encounter>
        <id value="JP-Encounter-ePreData-Example"/>
        <meta>
          <profile value="http://jpfhir.jp/fhir/ePrescription/StructureDefinition/JP_Encounter_ePrescriptionData"/>
        </meta>
        <text>
          <status value="generated"/><div xmlns="http://www.w3.org/1999/xhtml"><p><b>Generated Narrative</b></p><div style="display: inline-block; background-color: #d9e0e7; padding: 6px; margin: 4px; border: 1px solid #8da1b4; border-radius: 5px; line-height: 60%"><p style="margin-bottom: 0px">Resource "JP-Encounter-ePreData-Example" </p><p style="margin-bottom: 0px">Profile: <a href="StructureDefinition-JP-Encounter-ePrescriptionData.html">JP_Encounter_ePrescriptionData</a></p></div><p><b>status</b>: finished</p><p><b>class</b>: 外来 (Details: http://terminology.hl7.org/CodeSystem/v3-ActCode code AMB = 'ambulatory', stated as '外来')</p></div>
        </text>
        <status value="finished"/>
        <class>
          <system value="http://terminology.hl7.org/CodeSystem/v3-ActCode"/>
          <code value="AMB"/>
          <display value="外来"/>
        </class>
      </Encounter>
    </resource>
  </entry>
  <entry>
    <fullUrl value="urn:uuid:9b4e6a12-7bb3-5d46-a126-31b33410f796"/>
    <resource>
      <Coverage>
        <id value="JP-Coverage-ePreData-insurance-Example"/>
        <meta>
          <profile value="http://jpfhir.jp/fhir/ePrescription/StructureDefinition/JP_Coverage_ePrescriptionData_insurance"/>
        </meta>
        <text>
          <status value="extensions"/><div xmlns="http://www.w3.org/1999/xhtml"><p><b>Generated Narrative</b></p><div style="display: inline-block; background-color: #d9e0e7; padding: 6px; margin: 4px; border: 1px solid #8da1b4; border-radius: 5px; line-height: 60%"><p style="margin-bottom: 0px">Resource "JP-Coverage-ePreData-insurance-Example" </p><p style="margin-bottom: 0px">Profile: <a href="StructureDefinition-JP-Coverage-ePrescriptionData-insurance.html">JP_Coverage_ePrescriptionData_insurance</a></p></div><p><b>JP Core Coverage InsuredPersonSymbol Extension</b>: 12345</p><p><b>JP Core Coverage InsuredPersonNumber Extension</b>: ６７８９０</p><p><b>JP Core Coverage InsuredPersonSubNumber Extension</b>: 01</p><p><b>status</b>: active</p><p><b>type</b>: 医保 <span style="background: LightGoldenRodYellow; margin: 4px; border: 1px solid khaki"> (<a href="CodeSystem-mhlw-codeSystem-ePreCDA-insuranceCategory-tbl11.html">MHLW_codeSystem_ePreCDA_insuranceCategory_tbl11</a>#1)</span></p><p><b>beneficiary</b>: <a href="#Patient_JP-Patient-ePreData-Example">See above (Patient/JP-Patient-ePreData-Example)</a></p><p><b>dependent</b>: 01</p><p><b>relationship</b>: 被保険者 <span style="background: LightGoldenRodYellow; margin: 4px; border: 1px solid khaki"> (<a href="CodeSystem-mhlw-codeSystem-ePreCDA-insuredRelationship-tbl12.html">MHLW_codeSystem_ePreCDA_insuredRelationship_tbl12</a>#1)</span></p><p><b>period</b>: 2018-04-01 --&gt; (ongoing)</p><p><b>payor</b>: <a href="#Organization_JP-Organization-ePreData-coveragePayer-Example">See above (Organization/JP-Organization-ePreData-coveragePayer-Example)</a></p><h3>CostToBeneficiaries</h3><table class="grid"><tr><td>-</td><td><b>Type</b></td><td><b>Value[x]</b></td></tr><tr><td>*</td><td>負担率 <span style="background: LightGoldenRodYellow; margin: 4px; border: 1px solid khaki"> (<a href="http://terminology.hl7.org/3.1.0/CodeSystem-coverage-copay-type.html">Coverage Copay Type Codes</a>#copaypct)</span></td><td>30 %<span style="background: LightGoldenRodYellow"> (Details: UCUM code % = '%')</span></td></tr></table></div>
        </text>
        <extension url="http://jpfhir.jp/fhir/core/Extension/StructureDefinition/JP_Coverage_InsuredPersonSymbol">
          <valueString value="12345"/>
        </extension>
        <extension url="http://jpfhir.jp/fhir/core/Extension/StructureDefinition/JP_Coverage_InsuredPersonNumber">
          <valueString value="６７８９０"/>
        </extension>
        <extension url="http://jpfhir.jp/fhir/core/Extension/StructureDefinition/JP_Coverage_InsuredPersonSubNumber">
          <valueString value="01"/>
        </extension>
        <status value="active"/>
        <type>
          <coding>
            <system value="urn:oid:1.2.392.100495.20.2.61"/>
            <code value="1"/>
          </coding>
        </type>
        <beneficiary>
          <reference value="Patient/JP-Patient-ePreData-Example"/>
        </beneficiary>
        <dependent value="01"/>
        <relationship>
          <coding>
            <system value="urn:oid:1.2.392.100495.20.2.62"/>
            <code value="1"/>
            <display value="被保険者"/>
          </coding>
        </relationship>
        <period>
          <start value="2018-04-01"/>
        </period>
        <payor>
          <reference value="Organization/JP-Organization-ePreData-coveragePayer-Example"/>
        </payor>
        <costToBeneficiary>
          <type>
            <coding>
              <system value="http://terminology.hl7.org/CodeSystem/coverage-copay-type"/>
              <code value="copaypct"/>
              <display value="負担率"/>
            </coding>
          </type>
          <valueQuantity>
            <value value="30"/>
            <unit value="%"/>
            <system value="http://unitsofmeasure.org"/>
            <code value="%"/>
          </valueQuantity>
        </costToBeneficiary>
      </Coverage>
    </resource>
  </entry>
  <entry>
    <fullUrl value="urn:uuid:32326e64-2e22-2ea9-06e8-460ce4b70593"/>
    <resource>
      <Coverage>
        <id value="JP-Coverage-ePreData-publicPayment-Example"/>
        <meta>
          <profile value="http://jpfhir.jp/fhir/ePrescription/StructureDefinition/JP_Coverage_ePrescriptionData_publicPayment"/>
        </meta>
        <text>
          <status value="generated"/><div xmlns="http://www.w3.org/1999/xhtml"><p><b>Generated Narrative</b></p><div style="display: inline-block; background-color: #d9e0e7; padding: 6px; margin: 4px; border: 1px solid #8da1b4; border-radius: 5px; line-height: 60%"><p style="margin-bottom: 0px">Resource "JP-Coverage-ePreData-publicPayment-Example" </p><p style="margin-bottom: 0px">Profile: <a href="StructureDefinition-JP-Coverage-ePrescriptionData-publicPayment.html">JP_Coverage_ePrescriptionData_publicPayment</a></p></div><p><b>status</b>: active</p><p><b>type</b>: 公費 <span style="background: LightGoldenRodYellow; margin: 4px; border: 1px solid khaki"> (<a href="CodeSystem-mhlw-codeSystem-ePreCDA-insuranceCategory-tbl11.html">MHLW_codeSystem_ePreCDA_insuranceCategory_tbl11</a>#8)</span></p><p><b>subscriberId</b>: 12345678</p><p><b>beneficiary</b>: <a href="#Patient_JP-Patient-ePreData-Example">See above (Patient/JP-Patient-ePreData-Example)</a></p><p><b>period</b>: 2020-01-01 --&gt; 2020-12-31</p><p><b>payor</b>: <a href="#Organization_JP-Organization-ePreData-publicPayer-Example">See above (Organization/JP-Organization-ePreData-publicPayer-Example)</a></p><p><b>order</b>: 1</p><h3>CostToBeneficiaries</h3><table class="grid"><tr><td>-</td><td><b>Type</b></td><td><b>Value[x]</b></td></tr><tr><td>*</td><td>負担率 <span style="background: LightGoldenRodYellow; margin: 4px; border: 1px solid khaki"> (<a href="http://terminology.hl7.org/3.1.0/CodeSystem-coverage-copay-type.html">Coverage Copay Type Codes</a>#copaypct)</span></td><td>10 %<span style="background: LightGoldenRodYellow"> (Details: UCUM code % = '%')</span></td></tr></table></div>
        </text>
        <status value="active"/>
        <type>
          <coding>
            <system value="urn:oid:1.2.392.100495.20.2.61"/>
            <code value="8"/>
          </coding>
        </type>
        <subscriberId value="12345678"/>
        <beneficiary>
          <reference value="Patient/JP-Patient-ePreData-Example"/>
        </beneficiary>
        <period>
          <start value="2020-01-01"/>
          <end value="2020-12-31"/>
        </period>
        <payor>
          <reference value="Organization/JP-Organization-ePreData-publicPayer-Example"/>
        </payor>
        <order value="1"/>
        <costToBeneficiary>
          <type>
            <coding>
              <system value="http://terminology.hl7.org/CodeSystem/coverage-copay-type"/>
              <code value="copaypct"/>
              <display value="負担率"/>
            </coding>
          </type>
          <valueQuantity>
            <value value="10"/>
            <unit value="%"/>
            <system value="http://unitsofmeasure.org"/>
            <code value="%"/>
          </valueQuantity>
        </costToBeneficiary>
      </Coverage>
    </resource>
  </entry>
  <entry>
    <fullUrl value="urn:uuid:a1ae0c57-d89f-3757-081d-05466134481d"/>
    <resource>
      <Organization>
        <id value="JP-Organization-ePreData-coveragePayer-Example"/>
        <meta>
          <profile value="http://jpfhir.jp/fhir/ePrescription/StructureDefinition/JP_Organization_ePrescriptionData_coveragePayer"/>
        </meta>
        <text>
          <status value="generated"/><div xmlns="http://www.w3.org/1999/xhtml"><p><b>Generated Narrative</b></p><div style="display: inline-block; background-color: #d9e0e7; padding: 6px; margin: 4px; border: 1px solid #8da1b4; border-radius: 5px; line-height: 60%"><p style="margin-bottom: 0px">Resource "JP-Organization-ePreData-coveragePayer-Example" </p><p style="margin-bottom: 0px">Profile: <a href="StructureDefinition-JP-Organization-ePrescriptionData-coveragePayer.html">JP_Organization_ePrescriptionData_coveragePayer</a></p></div><p><b>identifier</b>: id: 06123456</p><p><b>type</b>: Insurance Company <span style="background: LightGoldenRodYellow; margin: 4px; border: 1px solid khaki"> (<a href="http://terminology.hl7.org/3.1.0/CodeSystem-organization-type.html">Organization type</a>#ins)</span></p><p><b>name</b>: サンプル健康保険組合</p></div>
        </text>
        <identifier>
          <system value="urn:oid:1.2.392.100495.20.3.61"/>
          <value value="06123456"/>
        </identifier>
        <type>
          <coding>
            <system value="http://terminology.hl7.org/CodeSystem/organization-type"/>
            <code value="ins"/>
          </coding>
        </type>
        <name value="サンプル健康保険組合"/>
      </Organization>
    </resource>
  </entry>
  <entry>
    <fullUrl value="urn:uuid:73e9e96a-3c8b-1125-937b-06639ed865c1"/>
    <resource>
      <Organization>
        <id value="JP-Organization-ePreData-publicPayer-Example"/>
        <meta>
          <profile value="http://jpfhir.jp/fhir/ePrescription/StructureDefinition/JP_Organization_ePrescriptionData_coveragePayer"/>
        </meta>
        <text>
          <status value="generated"/><div xmlns="http://www.w3.org/1999/xhtml"><p><b>Generated Narrative</b></p><div style="display: inline-block; background-color: #d9e0e7; padding: 6px; margin: 4px; border: 1px solid #8da1b4; border-radius: 5px; line-height: 60%"><p style="margin-bottom: 0px">Resource "JP-Organization-ePreData-publicPayer-Example" </p><p style="margin-bottom: 0px">Profile: <a href="StructureDefinition-JP-Organization-ePrescriptionData-coveragePayer.html">JP_Organization_ePrescriptionData_coveragePayer</a></p></div><p><b>identifier</b>: id: 01234567</p><p><b>type</b>: Other <span style="background: LightGoldenRodYellow; margin: 4px; border: 1px solid khaki"> (<a href="http://terminology.hl7.org/3.1.0/CodeSystem-organization-type.html">Organization type</a>#other)</span></p><p><b>name</b>: 神奈川県横浜市</p></div>
        </text>
        <identifier>
          <system value="urn:oid:1.2.392.100495.20.3.71"/>
          <value value="01234567"/>
        </identifier>
        <type>
          <coding>
            <system value="http://terminology.hl7.org/CodeSystem/organization-type"/>
            <code value="other"/>
          </coding>
        </type>
        <name value="神奈川県横浜市"/>
      </Organization>
    </resource>
  </entry>
  <entry>
    <fullUrl value="urn:uuid:51c6333d-92ff-0113-56cd-a1f566f43a09"/>
    <resource>
      <Organization>
        <id value="JP-Organization-ePreData-departmentOfIssuer-Example"/>
        <meta>
          <profile value="http://jpfhir.jp/fhir/ePrescription/StructureDefinition/JP_Organization_ePrescriptionData_departmentOfIssuer"/>
        </meta>
        <text>
          <status value="generated"/><div xmlns="http://www.w3.org/1999/xhtml"><p><b>Generated Narrative</b></p><div style="display: inline-block; background-color: #d9e0e7; padding: 6px; margin: 4px; border: 1px solid #8da1b4; border-radius: 5px; line-height: 60%"><p style="margin-bottom: 0px">Resource "JP-Organization-ePreData-departmentOfIssuer-Example" </p><p style="margin-bottom: 0px">Profile: <a href="StructureDefinition-JP-Organization-ePrescriptionData-departmentOfIssuer.html">JP_Organization_ePrescriptionData_departmentOfIssuer</a></p></div><p><b>type</b>: Hospital Department <span style="background: LightGoldenRodYellow; margin: 4px; border: 1px solid khaki"> (<a href="http://terminology.hl7.org/3.1.0/CodeSystem-organization-type.html">Organization type</a>#dept)</span>, 内科 <span style="background: LightGoldenRodYellow; margin: 4px; border: 1px solid khaki"> (<a href="CodeSystem-mhlw-codeSystem-ePreCDA-clinicalDepartment-tbl10.html">MHLW_codeSystem_ePreCDA_clinicalDepartment_tbl10</a>#01)</span></p><p><b>name</b>: 内科</p><p><b>partOf</b>: <a href="#Organization_JP-Organization-ePreData-issuer-Example">See above (Organization/JP-Organization-ePreData-issuer-Example)</a></p></div>
        </text>
        <type>
          <coding>
            <system value="http://terminology.hl7.org/CodeSystem/organization-type"/>
            <code value="dept"/>
          </coding>
        </type>
        <type>
          <coding>
            <system value="urn:oid:1.2.392.100495.20.2.51"/>
            <code value="01"/>
            <display value="内科"/>
          </coding>
        </type>
        <name value="内科"/>
        <partOf>
          <reference value="Organization/JP-Organization-ePreData-issuer-Example"/>
        </partOf>
      </Organization>
    </resource>
  </entry>
  <entry>
    <fullUrl value="urn:uuid:1e9e5b25-5c46-5f42-9234-0e8406fcba2b"/>
    <resource>
      <Organization>
        <id value="JP-Organization-ePreData-issuer-Example"/>
        <meta>
          <profile value="http://jpfhir.jp/fhir/ePrescription/StructureDefinition/JP_Organization_ePrescriptionData_issuer"/>
        </meta>
        <text>
          <status value="extensions"/><div xmlns="http://www.w3.org/1999/xhtml"><p><b>Generated Narrative</b></p><div style="display: inline-block; background-color: #d9e0e7; padding: 6px; margin: 4px; border: 1px solid #8da1b4; border-radius: 5px; line-height: 60%"><p style="margin-bottom: 0px">Resource "JP-Organization-ePreData-issuer-Example" </p><p style="margin-bottom: 0px">Profile: <a href="StructureDefinition-JP-Organization-ePrescriptionData-issuer.html">JP_Organization_ePrescriptionData_issuer</a></p></div><p><b>JP Core Organization PrefectureNo Extension</b>: id: 13</p><p><b>JP Core Organization InsuranceOrganizationCategory Extension</b>: id: 1</p><p><b>JP Core Organization InsuranceOrganizationNo Extension</b>: id: 1234567</p><p><b>identifier</b>: id: 1311234567</p><p><b>type</b>: Healthcare Provider <span style="background: LightGoldenRodYellow; margin: 4px; border: 1px solid khaki"> (<a href="http://terminology.hl7.org/3.1.0/CodeSystem-organization-type.html">Organization type</a>#prov)</span></p><p><b>name</b>: 第一病院</p><p><b>telecom</b>: ph: 0123-456-7890</p><p><b>address</b>: 東京都千代田区千代田９－９－９</p></div>
        </text>
        <extension url="http://jpfhir.jp/fhir/core/Extension/StructureDefinition/JP_Organization_PrefectureNo">
          <valueIdentifier>
            <system value="urn:oid:1.2.392.100495.20.3.21"/>
            <value value="13"/>
          </valueIdentifier>
        </extension>
        <extension url="http://jpfhir.jp/fhir/core/Extension/StructureDefinition/JP_Organization_InsuranceOrganizationCategory">
          <valueIdentifier>
            <system value="urn:oid:1.2.392.100495.20.3.22"/>
            <value value="1"/>
          </valueIdentifier>
        </extension>
        <extension url="http://jpfhir.jp/fhir/core/Extension/StructureDefinition/JP_Organization_InsuranceOrganizationNo">
          <valueIdentifier>
            <system value="urn:oid:1.2.392.100495.20.3.23"/>
            <value value="1234567"/>
          </valueIdentifier>
        </extension>
        <identifier>
          <system value="http://jpfhir.jp/fhir/Common/IdSystem/insurance-medical-institution-no"/>
          <value value="1311234567"/>
        </identifier>
        <type>
          <coding>
            <system value="http://terminology.hl7.org/CodeSystem/organization-type"/>
            <code value="prov"/>
          </coding>
        </type>
        <name value="第一病院"/>
        <telecom>
          <system value="phone"/>
          <value value="0123-456-7890"/>
        </telecom>
        <address>
          <text value="東京都千代田区千代田９－９－９"/>
        </address>
      </Organization>
    </resource>
  </entry>
  <entry>
    <fullUrl value="urn:uuid:2e61a47b-a7fa-1d23-ebbf-eade736e9b00"/>
    <resource>
      <PractitionerRole>
        <id value="JP-PractitionerRole-ePreData-author-Example"/>
        <meta>
          <profile value="http://jpfhir.jp/fhir/ePrescription/StructureDefinition/JP_PractitionerRole_ePrescriptionData_author"/>
        </meta>
        <text>
          <status value="generated"/><div xmlns="http://www.w3.org/1999/xhtml"><p><b>Generated Narrative</b></p><div style="display: inline-block; background-color: #d9e0e7; padding: 6px; margin: 4px; border: 1px solid #8da1b4; border-radius: 5px; line-height: 60%"><p style="margin-bottom: 0px">Resource "JP-PractitionerRole-ePreData-author-Example" </p><p style="margin-bottom: 0px">Profile: <a href="StructureDefinition-JP-PractitionerRole-ePrescriptionData-author.html">JP_PractitionerRole_ePrescriptionData_author</a></p></div><p><b>identifier</b>: id: 702</p><p><b>practitioner</b>: <a href="#Practitioner_JP-Practitioner-ePreData-author-Example">See above (Practitioner/JP-Practitioner-ePreData-author-Example)</a></p><p><b>organization</b>: <a href="#Organization_JP-Organization-ePreData-issuer-Example">See above (Organization/JP-Organization-ePreData-issuer-Example)</a></p><p><b>code</b>: 医師 <span style="background: LightGoldenRodYellow; margin: 4px; border: 1px solid khaki"> (<a href="CodeSystem-jp-codeSystem-practitioner-role-category.html">JP_codeSystem_practitioner_role_category</a>#doctor)</span></p></div>
        </text>
        <identifier>
          <system value="http://exapmleHospital.jp/IdSystem/hisUserRoleId"/>
          <value value="702"/>
        </identifier>
        <practitioner>
          <reference value="Practitioner/JP-Practitioner-ePreData-author-Example"/>
        </practitioner>
        <organization>
          <reference value="Organization/JP-Organization-ePreData-issuer-Example"/>
        </organization>
        <code>
          <coding>
            <system value="http://jpfhir.jp/fhir/Common/CodeSystem/practitioner-role-category"/>
            <code value="doctor"/>
          </coding>
        </code>
      </PractitionerRole>
    </resource>
  </entry>
  <entry>
    <fullUrl value="urn:uuid:a871437d-03eb-edfb-9ac7-f3313c54f31a"/>
    <resource>
      <Practitioner>
        <id value="JP-Practitioner-ePreData-author-Example"/>
        <meta>
          <profile value="http://jpfhir.jp/fhir/ePrescription/StructureDefinition/JP_Practitioner_ePrescriptionData_author"/>
        </meta>
        <text>
          <status value="generated"/><div xmlns="http://www.w3.org/1999/xhtml"><p><b>Generated Narrative</b></p><div style="display: inline-block; background-color: #d9e0e7; padding: 6px; margin: 4px; border: 1px solid #8da1b4; border-radius: 5px; line-height: 60%"><p style="margin-bottom: 0px">Resource "JP-Practitioner-ePreData-author-Example" </p><p style="margin-bottom: 0px">Profile: <a href="StructureDefinition-JP-Practitioner-ePrescriptionData-author.html">JP_Practitioner_ePrescriptionData_author</a></p></div><p><b>identifier</b>: id: 123</p><p><b>name</b>: 神奈川　花子, カナガワ　ハナコ</p><blockquote><p><b>qualification</b></p><p><b>identifier</b>: id: 123456</p><p><b>code</b>: 医師 <span style="background: LightGoldenRodYellow; margin: 4px; border: 1px solid khaki"> (<a href="CodeSystem-jp-codeSystem-practitioner-certificate-category.html">JP_codeSystem_practitioner_certificate_category</a>#MedicalDoctorLicense)</span></p></blockquote><blockquote><p><b>qualification</b></p><p><b>identifier</b>: id: 4-321</p><p><b>code</b>: 麻薬施用者 <span style="background: LightGoldenRodYellow; margin: 4px; border: 1px solid khaki"> (<a href="CodeSystem-jp-codeSystem-practitioner-certificate-category.html">JP_codeSystem_practitioner_certificate_category</a>#NarcoticsPractitioner)</span></p></blockquote></div>
        </text>
        <identifier>
          <system value="urn:oid:1.2.392.100495.20.3.41.11311234567"/>
          <value value="123"/>
        </identifier>
        <name>
          <extension url="http://hl7.org/fhir/StructureDefinition/iso21090-EN-representation">
            <valueCode value="IDE"/>
          </extension>
          <text value="神奈川　花子"/>
          <family value="神奈川"/>
          <given value="花子"/>
        </name>
        <name>
          <extension url="http://hl7.org/fhir/StructureDefinition/iso21090-EN-representation">
            <valueCode value="SYL"/>
          </extension>
          <text value="カナガワ　ハナコ"/>
          <family value="カナガワ"/>
          <given value="ハナコ"/>
        </name>
        <qualification>
          <identifier>
            <system value="urn:oid:1.2.392.100495.20.3.31"/>
            <value value="123456"/>
          </identifier>
          <code>
            <coding>
              <system value="http://jpfhir.jp/fhir/core/CodeSystem/practitioner-certificate-category"/>
              <code value="MedicalDoctorLicense"/>
            </coding>
          </code>
        </qualification>
        <qualification>
          <identifier>
            <system value="urn:oid:1.2.392.100495.20.3.32.113"/>
            <value value="4-321"/>
          </identifier>
          <code>
            <coding>
              <system value="http://jpfhir.jp/fhir/core/CodeSystem/practitioner-certificate-category"/>
              <code value="NarcoticsPractitioner"/>
            </coding>
          </code>
        </qualification>
      </Practitioner>
    </resource>
  </entry>
  <entry>
    <fullUrl value="urn:uuid:a58040b7-6283-fb0c-4b25-a17dca08cc3d"/>
    <resource>
      <MedicationRequest>
        <id value="JP-MedReq-ePreData-Example-naihuku"/>
        <meta>
          <profile value="http://jpfhir.jp/fhir/ePrescription/StructureDefinition/JP_MedicationRequest_ePrescriptionData"/>
        </meta>
        <text>
          <status value="generated"/><div xmlns="http://www.w3.org/1999/xhtml"><p><b>Generated Narrative</b></p><div style="display: inline-block; background-color: #d9e0e7; padding: 6px; margin: 4px; border: 1px solid #8da1b4; border-radius: 5px; line-height: 60%"><p style="margin-bottom: 0px">Resource "JP-MedReq-ePreData-Example-naihuku" </p><p style="margin-bottom: 0px">Profile: <a href="StructureDefinition-JP-MedicationRequest-ePrescriptionData.html">JP_MedicationRequest_ePrescriptionData</a></p></div><p><b>identifier</b>: id: 1, id: 1</p><p><b>status</b>: active</p><p><b>intent</b>: order</p><p><b>medication</b>: カルボシステイン２５０ｍｇ錠 <span style="background: LightGoldenRodYellow; margin: 4px; border: 1px solid khaki"> (unknown#103831601 "カルボシステイン錠２５０ｍｇ"; unknown#2233002F1280 "カルボシステイン錠２５０ｍｇ")</span></p><p><b>subject</b>: <a href="#Patient_JP-Patient-ePreData-Example">See above (Patient/JP-Patient-ePreData-Example)</a></p><p><b>authoredOn</b>: 2020-08-21 12:28:17+0900</p><p><b>note</b>: 薬剤単位の備考</p><blockquote><p><b>dispenseRequest</b></p><p><b>quantity</b>: 21 錠<span style="background: LightGoldenRodYellow"> (Details: urn:oid:1.2.392.100495.20.2.101 code TAB = '錠')</span></p></blockquote><h3>Substitutions</h3><table class="grid"><tr><td>-</td><td><b>Allowed[x]</b></td><td><b>Reason</b></td></tr><tr><td>*</td><td>変更不可 <span style="background: LightGoldenRodYellow; margin: 4px; border: 1px solid khaki"> (<a href="CodeSystem-mhlw-codeSystem-ePreCDA-unable2Change2Generic-tbl08.html">MHLW_codeSystem_ePreCDA_unable2Change2Generic_tbl08</a>#1)</span></td><td>患者からの強い要望により <span style="background: LightGoldenRodYellow; margin: 4px; border: 1px solid khaki"> ()</span></td></tr></table></div>
        </text>
        <identifier>
          <system value="urn:oid:1.2.392.100495.20.3.81"/>
          <value value="1"/>
        </identifier>
        <identifier>
          <system value="urn:oid:1.2.392.100495.20.3.82"/>
          <value value="1"/>
        </identifier>
        <status value="active"/>
        <intent value="order"/>
        <medicationCodeableConcept>
          <coding>
            <system value="urn:oid:1.2.392.200119.4.403.1"/>
            <code value="103831601"/>
            <display value="カルボシステイン錠２５０ｍｇ"/>
          </coding>
          <coding>
            <system value="urn:oid:1.2.392.100495.20.1.73"/>
            <code value="2233002F1280"/>
            <display value="カルボシステイン錠２５０ｍｇ"/>
          </coding>
          <text value="カルボシステイン２５０ｍｇ錠"/>
        </medicationCodeableConcept>
        <subject>
          <reference value="Patient/JP-Patient-ePreData-Example"/>
        </subject>
        <authoredOn value="2020-08-21T12:28:17+09:00"/>
        <note>
          <text value="薬剤単位の備考"/>
        </note>
        <dosageInstruction>
          <extension url="http://jpfhir.jp/fhir/core/Extension/StructureDefinition/JP_MedicationRequest_DosageInstruction_UsageDuration">
            <valueDuration>
              <value value="7"/>
              <unit value="日"/>
              <system value="http://unitsofmeasure.org"/>
              <code value="d"/>
            </valueDuration>
          </extension>
          <text value="内服・経口・１日３回朝昼夕食後　１回１錠　７日分"/>
          <timing>
            <repeat>
              <boundsDuration>
                <value value="7"/>
                <unit value="日"/>
                <system value="http://unitsofmeasure.org"/>
                <code value="d"/>
              </boundsDuration>
            </repeat>
            <code>
              <coding>
                <system value="urn:oid:1.2.392.200250.2.2.20.20"/>
                <code value="1013044400000000"/>
                <display value="内服・経口・１日３回朝昼夕食後"/>
              </coding>
            </code>
          </timing>
          <route>
            <coding>
              <system value="http://jpfhir.jp/fhir/ePrescription/CodeSystem/route-codes"/>
              <code value="PO"/>
              <display value="口"/>
            </coding>
          </route>
          <method>
            <coding>
              <system value="urn:oid:1.2.392.200250.2.2.20.30"/>
              <code value="1"/>
              <display value="内服"/>
            </coding>
          </method>
          <doseAndRate>
            <type>
              <coding>
                <system value="urn:oid:1.2.392.100495.20.2.22"/>
                <code value="1"/>
                <display value="製剤量"/>
              </coding>
            </type>
            <doseQuantity>
              <value value="1"/>
              <unit value="錠"/>
              <system value="urn:oid:1.2.392.100495.20.2.101"/>
              <code value="TAB"/>
            </doseQuantity>
            <rateRatio>
              <numerator>
                <value value="3"/>
                <unit value="錠"/>
                <system value="urn:oid:1.2.392.100495.20.2.101"/>
                <code value="TAB"/>
              </numerator>
              <denominator>
                <value value="1"/>
                <unit value="日"/>
                <system value="http://unitsofmeasure.org"/>
                <code value="d"/>
              </denominator>
            </rateRatio>
          </doseAndRate>
        </dosageInstruction>
        <dispenseRequest>
          <quantity>
            <value value="21"/>
            <unit value="錠"/>
            <system value="urn:oid:1.2.392.100495.20.2.101"/>
            <code value="TAB"/>
          </quantity>
          <expectedSupplyDuration>
            <value value="7"/>
            <unit value="日"/>
            <system value="http://unitsofmeasure.org"/>
            <code value="d"/>
          </expectedSupplyDuration>
        </dispenseRequest>
        <substitution>
          <allowedCodeableConcept>
            <coding>
              <system value="urn:oid:1.2.392.100495.20.2.41"/>
              <code value="1"/>
              <display value="変更不可"/>
            </coding>
          </allowedCodeableConcept>
          <reason>
            <text value="患者からの強い要望により"/>
          </reason>
        </substitution>
      </MedicationRequest>
    </resource>
  </entry>
  <entry>
    <fullUrl value="urn:uuid:632cdb4b-36fe-05fb-9a3d-b4230cb7e608"/>
    <resource>
      <MedicationRequest>
        <id value="JP-MedReq-ePreData-Example-gaiyou01"/>
        <meta>
          <profile value="http://jpfhir.jp/fhir/ePrescription/StructureDefinition/JP_MedicationRequest_ePrescriptionData"/>
        </meta>
        <text>
          <status value="generated"/><div xmlns="http://www.w3.org/1999/xhtml"><p><b>Generated Narrative</b></p><div style="display: inline-block; background-color: #d9e0e7; padding: 6px; margin: 4px; border: 1px solid #8da1b4; border-radius: 5px; line-height: 60%"><p style="margin-bottom: 0px">Resource "JP-MedReq-ePreData-Example-gaiyou01" </p><p style="margin-bottom: 0px">Profile: <a href="StructureDefinition-JP-MedicationRequest-ePrescriptionData.html">JP_MedicationRequest_ePrescriptionData</a></p></div><p><b>identifier</b>: id: 1, id: 1</p><p><b>status</b>: active</p><p><b>intent</b>: order</p><p><b>medication</b>: チモプトール点眼薬０．２５％５ｍＬ <span style="background: LightGoldenRodYellow; margin: 4px; border: 1px solid khaki"> (unknown#102094601 "チモプトール点眼薬０．２５％　５ｍＬ")</span></p><p><b>subject</b>: <a href="#Patient_JP-Patient-ePreData-Example">See above (Patient/JP-Patient-ePreData-Example)</a></p><p><b>authoredOn</b>: 2020-08-21 12:28:17+0900</p><h3>DispenseRequests</h3><table class="grid"><tr><td>-</td><td><b>Quantity</b></td></tr><tr><td>*</td><td>2 本<span style="background: LightGoldenRodYellow"> (Details: urn:oid:1.2.392.100495.20.2.101 code HON = '本')</span></td></tr></table></div>
        </text>
        <identifier>
          <system value="urn:oid:1.2.392.100495.20.3.81"/>
          <value value="1"/>
        </identifier>
        <identifier>
          <system value="urn:oid:1.2.392.100495.20.3.82"/>
          <value value="1"/>
        </identifier>
        <status value="active"/>
        <intent value="order"/>
        <medicationCodeableConcept>
          <coding>
            <system value="urn:oid:1.2.392.200119.4.403.1"/>
            <code value="102094601"/>
            <display value="チモプトール点眼薬０．２５％　５ｍＬ"/>
          </coding>
          <text value="チモプトール点眼薬０．２５％５ｍＬ"/>
        </medicationCodeableConcept>
        <subject>
          <reference value="Patient/JP-Patient-ePreData-Example"/>
        </subject>
        <authoredOn value="2020-08-21T12:28:17+09:00"/>
        <dosageInstruction>
          <text value="外用・点眼・１日３回　１回１滴（右眼）"/>
          <timing>
            <code>
              <coding>
                <system value="urn:oid:1.2.392.200250.2.2.20.20"/>
                <code value="2H73000000000000"/>
                <display value="外用・点眼・１日３回"/>
              </coding>
            </code>
          </timing>
          <site>
            <coding>
              <system value="urn:oid:1.2.392.200250.2.2.20.32"/>
              <code value="26R"/>
              <display value="右眼"/>
            </coding>
          </site>
          <doseAndRate>
            <type>
              <coding>
                <system value="urn:oid:1.2.392.100495.20.2.22"/>
                <code value="1"/>
                <display value="製剤量"/>
              </coding>
            </type>
            <doseQuantity>
              <value value="1"/>
              <unit value="滴"/>
              <system value="urn:oid:1.2.392.100495.20.2.101"/>
              <code value="DROP"/>
            </doseQuantity>
          </doseAndRate>
        </dosageInstruction>
        <dosageInstruction>
          <text value="外用・点眼・１日３回　１回２滴（左眼）"/>
          <timing>
            <code>
              <coding>
                <system value="urn:oid:1.2.392.200250.2.2.20.20"/>
                <code value="2H73000000000000"/>
                <display value="外用・点眼・１日３回"/>
              </coding>
            </code>
          </timing>
          <site>
            <coding>
              <system value="urn:oid:1.2.392.200250.2.2.20.32"/>
              <code value="26L"/>
              <display value="左眼"/>
            </coding>
          </site>
          <doseAndRate>
            <type>
              <coding>
                <system value="urn:oid:1.2.392.100495.20.2.22"/>
                <code value="1"/>
                <display value="製剤量"/>
              </coding>
            </type>
            <doseQuantity>
              <value value="2"/>
              <unit value="滴"/>
              <system value="urn:oid:1.2.392.100495.20.2.101"/>
              <code value="DROP"/>
            </doseQuantity>
          </doseAndRate>
        </dosageInstruction>
        <dispenseRequest>
          <quantity>
            <value value="2"/>
            <unit value="本"/>
            <system value="urn:oid:1.2.392.100495.20.2.101"/>
            <code value="HON"/>
          </quantity>
        </dispenseRequest>
      </MedicationRequest>
    </resource>
  </entry>
  <entry>
    <fullUrl value="urn:uuid:499f7db1-b4c2-3d01-b1a0-dfdb502977ab"/>
    <resource>
      <Communication>
        <id value="JP-Commumication-ePreData-Example"/>
        <text>
          <status value="extensions"/><div xmlns="http://www.w3.org/1999/xhtml"><p><b>Generated Narrative</b></p><div style="display: inline-block; background-color: #d9e0e7; padding: 6px; margin: 4px; border: 1px solid #8da1b4; border-radius: 5px; line-height: 60%"><p style="margin-bottom: 0px">Resource "JP-Commumication-ePreData-Example" </p></div><p><b>JP_Communication_CommunicationContent</b>: 患者は聴覚障害のため説明を紙に記載して渡すようにしてください。</p><p><b>status</b>: completed</p><p><b>category</b>: 調剤者への指示 <span style="background: LightGoldenRodYellow; margin: 4px; border: 1px solid khaki"> (<a href="CodeSystem-jp-codeSystem-ePreCommunication-category.html">JP_codeSystem_ePreCommunication_category</a>#2)</span></p></div>
        </text>
        <extension url="http://jpfhir.jp/fhir/ePrescription/Extension/StructureDefinition/JP_Communication_CommunicationContent">
          <valueString value="患者は聴覚障害のため説明を紙に記載して渡すようにしてください。"/>
        </extension>
        <status value="completed"/>
        <category>
          <coding>
            <system value="http://jpfhir.jp/fhir/ePrescription/CodeSystem/communication-category"/>
            <code value="2"/>
            <display value="調剤者への指示"/>
          </coding>
        </category>
      </Communication>
    </resource>
  </entry>
</Bundle>