<?xml version="1.0" encoding="UTF-8"?>

<CodeSystem xmlns="http://hl7.org/fhir">
  <id value="mhlw-codeSystem-ePreCDA-insuredCoPayCategory-tbl13"/>
  <text>
    <status value="generated"/><div xmlns="http://www.w3.org/1999/xhtml"><p>This code system urn:oid:1.2.392.100495.20.2.63 defines the following codes:</p><table class="codes"><tr><td style="white-space:nowrap"><b>Code</b></td><td><b>Display</b></td></tr><tr><td style="white-space:nowrap">1<a name="mhlw-codeSystem-ePreCDA-insuredCoPayCategory-tbl13-1"> </a></td><td>高齢者一般（高一）</td></tr><tr><td style="white-space:nowrap">2<a name="mhlw-codeSystem-ePreCDA-insuredCoPayCategory-tbl13-2"> </a></td><td>高齢者 7 割（高７）</td></tr><tr><td style="white-space:nowrap">3<a name="mhlw-codeSystem-ePreCDA-insuredCoPayCategory-tbl13-3"> </a></td><td>６歳未満（６歳）</td></tr></table></div>
  </text>
  <url value="urn:oid:1.2.392.100495.20.2.63"/>
  <version value="0.9.3"/>
  <name value="MHLW_codeSystem_ePreCDA_insuredCoPayCategory_tbl13"/>
  <status value="active"/>
  <date value="2022-05-16T20:51:46+00:00"/>
  <publisher value="KOhe"/>
  <contact>
    <name value="KOhe"/>
    <telecom>
      <system value="url"/>
      <value value="http://jpfhir.jp"/>
    </telecom>
  </contact>
  <description value="厚労省電子処方CDA規格別表13 患者一部負担コード"/>
  <caseSensitive value="false"/>
  <valueSet value="http://jpfhir.jp/fhir/ePrescription/ValueSet/mhlw-ePreCDA-insuredCoPayCategory"/>
  <content value="complete"/>
  <count value="3"/>
  <concept>
    <code value="1"/>
    <display value="高齢者一般（高一）"/>
  </concept>
  <concept>
    <code value="2"/>
    <display value="高齢者 7 割（高７）"/>
  </concept>
  <concept>
    <code value="3"/>
    <display value="６歳未満（６歳）"/>
  </concept>
</CodeSystem>