<?xml version="1.0" encoding="UTF-8"?>

<CodeSystem xmlns="http://hl7.org/fhir">
  <id value="mhlw-codeSystem-ePreCDA-drugDosageStrength-tbl04"/>
  <text>
    <status value="generated"/><div xmlns="http://www.w3.org/1999/xhtml"><p>This code system urn:oid:1.2.392.100495.20.2.22 defines the following codes:</p><table class="codes"><tr><td style="white-space:nowrap"><b>Code</b></td><td><b>Display</b></td></tr><tr><td style="white-space:nowrap">1<a name="mhlw-codeSystem-ePreCDA-drugDosageStrength-tbl04-1"> </a></td><td>製剤量</td></tr><tr><td style="white-space:nowrap">2<a name="mhlw-codeSystem-ePreCDA-drugDosageStrength-tbl04-2"> </a></td><td>原薬量</td></tr></table></div>
  </text>
  <url value="urn:oid:1.2.392.100495.20.2.22"/>
  <version value="0.9.3"/>
  <name value="MHLW_codeSystem_ePreCDA_drugDosageStrength_tbl04"/>
  <status value="active"/>
  <date value="2022-05-05T08:38:34+00:00"/>
  <publisher value="KOhe"/>
  <contact>
    <name value="KOhe"/>
    <telecom>
      <system value="url"/>
      <value value="http://jpfhir.jp"/>
    </telecom>
  </contact>
  <description value="厚労省電子処方CDA規格別表4 力価区分コード"/>
  <caseSensitive value="false"/>
  <valueSet value="http://jpfhir.jp/fhir/ePrescription/ValueSet/mhlw-ePreCDA-drugDosageStrength"/>
  <content value="complete"/>
  <count value="2"/>
  <concept>
    <code value="1"/>
    <display value="製剤量"/>
  </concept>
  <concept>
    <code value="2"/>
    <display value="原薬量"/>
  </concept>
</CodeSystem>