<?xml version="1.0" encoding="UTF-8"?>

<CodeSystem xmlns="http://hl7.org/fhir">
  <id value="jp-codeSystem-documentTypeCode"/>
  <text>
    <status value="generated"/><div xmlns="http://www.w3.org/1999/xhtml"><p>This code system http://jpfhir.jp/fhir/Common/CodeSystem/doc-typecodes defines the following codes:</p><table class="codes"><tr><td style="white-space:nowrap"><b>Code</b></td><td><b>Display</b></td></tr><tr><td style="white-space:nowrap">JPGCHKUP01<a name="jp-codeSystem-documentTypeCode-JPGCHKUP01"> </a></td><td>健診結果報告書</td></tr><tr><td style="white-space:nowrap">JPMCHKUP01<a name="jp-codeSystem-documentTypeCode-JPMCHKUP01"> </a></td><td>自治体検診結果報告書</td></tr><tr><td style="white-space:nowrap">18842-5<a name="jp-codeSystem-documentTypeCode-18842-5"> </a></td><td>退院時サマリー</td></tr><tr><td style="white-space:nowrap">57133-1<a name="jp-codeSystem-documentTypeCode-57133-1"> </a></td><td>診療情報提供書</td></tr><tr><td style="white-space:nowrap">57833-6<a name="jp-codeSystem-documentTypeCode-57833-6"> </a></td><td>処方箋</td></tr></table></div>
  </text>
  <url value="http://jpfhir.jp/fhir/Common/CodeSystem/doc-typecodes"/>
  <version value="1.0.0"/>
  <name value="JP_codeSystem_documentTypeCode"/>
  <status value="active"/>
  <date value="2022-06-26T03:25:27+00:00"/>
  <publisher value="KOhe"/>
  <contact>
    <name value="KOhe"/>
    <telecom>
      <system value="url"/>
      <value value="http://jpfhir.jp"/>
    </telecom>
  </contact>
  <description value="FHIR文書の文書区分（医療文書全般）"/>
  <caseSensitive value="false"/>
  <content value="complete"/>
  <count value="5"/>
  <concept>
    <code value="JPGCHKUP01"/>
    <display value="健診結果報告書"/>
  </concept>
  <concept>
    <code value="JPMCHKUP01"/>
    <display value="自治体検診結果報告書"/>
  </concept>
  <concept>
    <code value="18842-5"/>
    <display value="退院時サマリー"/>
  </concept>
  <concept>
    <code value="57133-1"/>
    <display value="診療情報提供書"/>
  </concept>
  <concept>
    <code value="57833-6"/>
    <display value="処方箋"/>
  </concept>
</CodeSystem>