<?xml version="1.0" encoding="UTF-8"?>

<CodeSystem xmlns="http://hl7.org/fhir">
  <id value="v3-ActEncounterCode"/>
  <text>
    <status value="generated"/><div xmlns="http://www.w3.org/1999/xhtml"><p>This code system http://terminology.hl7.org/CodeSystem/v3-ActCode defines the following codes:</p><table class="codes"><tr><td style="white-space:nowrap"><b>Code</b></td><td><b>Display</b></td></tr><tr><td style="white-space:nowrap">AMB<a name="v3-ActEncounterCode-AMB"> </a></td><td>外来</td></tr><tr><td style="white-space:nowrap">IMP<a name="v3-ActEncounterCode-IMP"> </a></td><td>入院</td></tr></table></div>
  </text>
  <url value="http://terminology.hl7.org/CodeSystem/v3-ActCode"/>
  <version value="0.9.3"/>
  <name value="HL7V3_ActEncounterCode"/>
  <status value="active"/>
  <date value="2022-05-14T20:11:50+00:00"/>
  <publisher value="KOhe"/>
  <contact>
    <name value="KOhe"/>
    <telecom>
      <system value="url"/>
      <value value="http://jpfhir.jp"/>
    </telecom>
  </contact>
  <description value="EncounterActコード"/>
  <caseSensitive value="false"/>
  <valueSet value="http://terminology.hl7.org/ValueSet/v3-ActEncounterCode"/>
  <content value="complete"/>
  <count value="2"/>
  <concept>
    <code value="AMB"/>
    <display value="外来"/>
  </concept>
  <concept>
    <code value="IMP"/>
    <display value="入院"/>
  </concept>
</CodeSystem>