<?xml version="1.0" encoding="UTF-8"?>

<CodeSystem xmlns="http://hl7.org/fhir">
  <id value="mhlw-codeSystem-drugUnitAbbr-tbl20"/>
  <text>
    <status value="generated"/><div xmlns="http://www.w3.org/1999/xhtml"><p>This code system urn:oid:1.2.392.100495.20.2.101 defines the following codes:</p><table class="codes"><tr><td style="white-space:nowrap"><b>Code</b></td><td><b>Display</b></td></tr><tr><td style="white-space:nowrap">PART<a name="mhlw-codeSystem-drugUnitAbbr-tbl20-PART"> </a></td><td>分</td></tr><tr><td style="white-space:nowrap">TIME<a name="mhlw-codeSystem-drugUnitAbbr-tbl20-TIME"> </a></td><td>回</td></tr><tr><td style="white-space:nowrap">KIND<a name="mhlw-codeSystem-drugUnitAbbr-tbl20-KIND"> </a></td><td>種</td></tr><tr><td style="white-space:nowrap">BOX<a name="mhlw-codeSystem-drugUnitAbbr-tbl20-BOX"> </a></td><td>箱</td></tr><tr><td style="white-space:nowrap">ROLL<a name="mhlw-codeSystem-drugUnitAbbr-tbl20-ROLL"> </a></td><td>巻</td></tr><tr><td style="white-space:nowrap">SHT<a name="mhlw-codeSystem-drugUnitAbbr-tbl20-SHT"> </a></td><td>枚</td></tr><tr><td style="white-space:nowrap">HON<a name="mhlw-codeSystem-drugUnitAbbr-tbl20-HON"> </a></td><td>本</td></tr><tr><td style="white-space:nowrap">PAIR<a name="mhlw-codeSystem-drugUnitAbbr-tbl20-PAIR"> </a></td><td>組</td></tr><tr><td style="white-space:nowrap">SET<a name="mhlw-codeSystem-drugUnitAbbr-tbl20-SET"> </a></td><td>セット</td></tr><tr><td style="white-space:nowrap">KO<a name="mhlw-codeSystem-drugUnitAbbr-tbl20-KO"> </a></td><td>個</td></tr><tr><td style="white-space:nowrap">TEAR<a name="mhlw-codeSystem-drugUnitAbbr-tbl20-TEAR"> </a></td><td>裂</td></tr><tr><td style="white-space:nowrap">DIR<a name="mhlw-codeSystem-drugUnitAbbr-tbl20-DIR"> </a></td><td>方向</td></tr><tr><td style="white-space:nowrap">TROC<a name="mhlw-codeSystem-drugUnitAbbr-tbl20-TROC"> </a></td><td>トローチ</td></tr><tr><td style="white-space:nowrap">AMP<a name="mhlw-codeSystem-drugUnitAbbr-tbl20-AMP"> </a></td><td>アンプル</td></tr><tr><td style="white-space:nowrap">CAP<a name="mhlw-codeSystem-drugUnitAbbr-tbl20-CAP"> </a></td><td>カプセル</td></tr><tr><td style="white-space:nowrap">TAB<a name="mhlw-codeSystem-drugUnitAbbr-tbl20-TAB"> </a></td><td>錠</td></tr><tr><td style="white-space:nowrap">PILL<a name="mhlw-codeSystem-drugUnitAbbr-tbl20-PILL"> </a></td><td>丸</td></tr><tr><td style="white-space:nowrap">PCK<a name="mhlw-codeSystem-drugUnitAbbr-tbl20-PCK"> </a></td><td>包</td></tr><tr><td style="white-space:nowrap">BTL<a name="mhlw-codeSystem-drugUnitAbbr-tbl20-BTL"> </a></td><td>瓶</td></tr><tr><td style="white-space:nowrap">BAG<a name="mhlw-codeSystem-drugUnitAbbr-tbl20-BAG"> </a></td><td>袋</td></tr><tr><td style="white-space:nowrap">BTLB<a name="mhlw-codeSystem-drugUnitAbbr-tbl20-BTLB"> </a></td><td>瓶（袋）</td></tr><tr><td style="white-space:nowrap">TUBE<a name="mhlw-codeSystem-drugUnitAbbr-tbl20-TUBE"> </a></td><td>管</td></tr><tr><td style="white-space:nowrap">SYRG<a name="mhlw-codeSystem-drugUnitAbbr-tbl20-SYRG"> </a></td><td>シリンジ</td></tr><tr><td style="white-space:nowrap">DOSE<a name="mhlw-codeSystem-drugUnitAbbr-tbl20-DOSE"> </a></td><td>回分</td></tr><tr><td style="white-space:nowrap">TEST<a name="mhlw-codeSystem-drugUnitAbbr-tbl20-TEST"> </a></td><td>テスト分</td></tr><tr><td style="white-space:nowrap">GCYL<a name="mhlw-codeSystem-drugUnitAbbr-tbl20-GCYL"> </a></td><td>ガラス筒</td></tr><tr><td style="white-space:nowrap">RODT<a name="mhlw-codeSystem-drugUnitAbbr-tbl20-RODT"> </a></td><td>桿錠</td></tr><tr><td style="white-space:nowrap">UNT<a name="mhlw-codeSystem-drugUnitAbbr-tbl20-UNT"> </a></td><td>単位</td></tr><tr><td style="white-space:nowrap">TTUN<a name="mhlw-codeSystem-drugUnitAbbr-tbl20-TTUN"> </a></td><td>万単位</td></tr><tr><td style="white-space:nowrap">FEET<a name="mhlw-codeSystem-drugUnitAbbr-tbl20-FEET"> </a></td><td>フィート</td></tr><tr><td style="white-space:nowrap">DROP<a name="mhlw-codeSystem-drugUnitAbbr-tbl20-DROP"> </a></td><td>滴</td></tr><tr><td style="white-space:nowrap">MG<a name="mhlw-codeSystem-drugUnitAbbr-tbl20-MG"> </a></td><td>ｍｇ</td></tr><tr><td style="white-space:nowrap">G<a name="mhlw-codeSystem-drugUnitAbbr-tbl20-G"> </a></td><td>ｇ</td></tr><tr><td style="white-space:nowrap">KG<a name="mhlw-codeSystem-drugUnitAbbr-tbl20-KG"> </a></td><td>ｋｇ</td></tr><tr><td style="white-space:nowrap">CC<a name="mhlw-codeSystem-drugUnitAbbr-tbl20-CC"> </a></td><td>ｃｃ</td></tr><tr><td style="white-space:nowrap">ML<a name="mhlw-codeSystem-drugUnitAbbr-tbl20-ML"> </a></td><td>ｍＬ</td></tr><tr><td style="white-space:nowrap">L<a name="mhlw-codeSystem-drugUnitAbbr-tbl20-L"> </a></td><td>Ｌ</td></tr><tr><td style="white-space:nowrap">MLV<a name="mhlw-codeSystem-drugUnitAbbr-tbl20-MLV"> </a></td><td>ｍＬＶ</td></tr><tr><td style="white-space:nowrap">VIL<a name="mhlw-codeSystem-drugUnitAbbr-tbl20-VIL"> </a></td><td>バイアル</td></tr><tr><td style="white-space:nowrap">CM<a name="mhlw-codeSystem-drugUnitAbbr-tbl20-CM"> </a></td><td>ｃｍ</td></tr><tr><td style="white-space:nowrap">CM2<a name="mhlw-codeSystem-drugUnitAbbr-tbl20-CM2"> </a></td><td>ｃｍ２</td></tr><tr><td style="white-space:nowrap">M<a name="mhlw-codeSystem-drugUnitAbbr-tbl20-M"> </a></td><td>ｍ</td></tr><tr><td style="white-space:nowrap">MCCI<a name="mhlw-codeSystem-drugUnitAbbr-tbl20-MCCI"> </a></td><td>μＣｉ</td></tr><tr><td style="white-space:nowrap">MCI<a name="mhlw-codeSystem-drugUnitAbbr-tbl20-MCI"> </a></td><td>ｍＣｉ</td></tr><tr><td style="white-space:nowrap">MCG<a name="mhlw-codeSystem-drugUnitAbbr-tbl20-MCG"> </a></td><td>μｇ</td></tr><tr><td style="white-space:nowrap">BKR<a name="mhlw-codeSystem-drugUnitAbbr-tbl20-BKR"> </a></td><td>管（瓶）</td></tr><tr><td style="white-space:nowrap">PIPE<a name="mhlw-codeSystem-drugUnitAbbr-tbl20-PIPE"> </a></td><td>筒</td></tr><tr><td style="white-space:nowrap">GBQ<a name="mhlw-codeSystem-drugUnitAbbr-tbl20-GBQ"> </a></td><td>ＧＢｑ</td></tr><tr><td style="white-space:nowrap">MGBQ<a name="mhlw-codeSystem-drugUnitAbbr-tbl20-MGBQ"> </a></td><td>ＭＢｑ</td></tr><tr><td style="white-space:nowrap">KIT<a name="mhlw-codeSystem-drugUnitAbbr-tbl20-KIT"> </a></td><td>キット</td></tr><tr><td style="white-space:nowrap">IUNT<a name="mhlw-codeSystem-drugUnitAbbr-tbl20-IUNT"> </a></td><td>国際単位</td></tr><tr><td style="white-space:nowrap">PAT<a name="mhlw-codeSystem-drugUnitAbbr-tbl20-PAT"> </a></td><td>患者当り</td></tr><tr><td style="white-space:nowrap">ATM<a name="mhlw-codeSystem-drugUnitAbbr-tbl20-ATM"> </a></td><td>気圧</td></tr><tr><td style="white-space:nowrap">CAN<a name="mhlw-codeSystem-drugUnitAbbr-tbl20-CAN"> </a></td><td>缶</td></tr><tr><td style="white-space:nowrap">OPE<a name="mhlw-codeSystem-drugUnitAbbr-tbl20-OPE"> </a></td><td>手術当り</td></tr><tr><td style="white-space:nowrap">VSL<a name="mhlw-codeSystem-drugUnitAbbr-tbl20-VSL"> </a></td><td>容器</td></tr><tr><td style="white-space:nowrap">MLG<a name="mhlw-codeSystem-drugUnitAbbr-tbl20-MLG"> </a></td><td>ｍＬ（ｇ）</td></tr><tr><td style="white-space:nowrap">BLST<a name="mhlw-codeSystem-drugUnitAbbr-tbl20-BLST"> </a></td><td>ブリスター</td></tr><tr><td style="white-space:nowrap">SHET<a name="mhlw-codeSystem-drugUnitAbbr-tbl20-SHET"> </a></td><td>シート</td></tr><tr><td style="white-space:nowrap">CST<a name="mhlw-codeSystem-drugUnitAbbr-tbl20-CST"> </a></td><td>カセット</td></tr><tr><td style="white-space:nowrap">TUNT<a name="mhlw-codeSystem-drugUnitAbbr-tbl20-TUNT"> </a></td><td>千単位</td></tr><tr><td style="white-space:nowrap">TTIU<a name="mhlw-codeSystem-drugUnitAbbr-tbl20-TTIU"> </a></td><td>万国際単位</td></tr><tr><td style="white-space:nowrap">MEQ<a name="mhlw-codeSystem-drugUnitAbbr-tbl20-MEQ"> </a></td><td>ｍEｑ</td></tr><tr><td style="white-space:nowrap">MCL<a name="mhlw-codeSystem-drugUnitAbbr-tbl20-MCL"> </a></td><td>μＬ</td></tr></table></div>
  </text>
  <url value="urn:oid:1.2.392.100495.20.2.101"/>
  <version value="0.9.3"/>
  <name value="MHLW_codeSystem_drugUnitAbbr_tbl20"/>
  <status value="active"/>
  <date value="2022-05-15T04:22:03+00:00"/>
  <publisher value="KOhe"/>
  <contact>
    <name value="KOhe"/>
    <telecom>
      <system value="url"/>
      <value value="http://jpfhir.jp"/>
    </telecom>
  </contact>
  <description value="厚労省電子処方CDA規格別表２０&#x9;医薬品単位略号"/>
  <caseSensitive value="false"/>
  <valueSet value="http://jpfhir.jp/fhir/ePrescription/ValueSet/mhlw-codeSystem-drugUnitAbbr"/>
  <content value="complete"/>
  <count value="64"/>
  <concept>
    <code value="PART"/>
    <display value="分"/>
  </concept>
  <concept>
    <code value="TIME"/>
    <display value="回"/>
  </concept>
  <concept>
    <code value="KIND"/>
    <display value="種"/>
  </concept>
  <concept>
    <code value="BOX"/>
    <display value="箱"/>
  </concept>
  <concept>
    <code value="ROLL"/>
    <display value="巻"/>
  </concept>
  <concept>
    <code value="SHT"/>
    <display value="枚"/>
  </concept>
  <concept>
    <code value="HON"/>
    <display value="本"/>
  </concept>
  <concept>
    <code value="PAIR"/>
    <display value="組"/>
  </concept>
  <concept>
    <code value="SET"/>
    <display value="セット"/>
  </concept>
  <concept>
    <code value="KO"/>
    <display value="個"/>
  </concept>
  <concept>
    <code value="TEAR"/>
    <display value="裂"/>
  </concept>
  <concept>
    <code value="DIR"/>
    <display value="方向"/>
  </concept>
  <concept>
    <code value="TROC"/>
    <display value="トローチ"/>
  </concept>
  <concept>
    <code value="AMP"/>
    <display value="アンプル"/>
  </concept>
  <concept>
    <code value="CAP"/>
    <display value="カプセル"/>
  </concept>
  <concept>
    <code value="TAB"/>
    <display value="錠"/>
  </concept>
  <concept>
    <code value="PILL"/>
    <display value="丸"/>
  </concept>
  <concept>
    <code value="PCK"/>
    <display value="包"/>
  </concept>
  <concept>
    <code value="BTL"/>
    <display value="瓶"/>
  </concept>
  <concept>
    <code value="BAG"/>
    <display value="袋"/>
  </concept>
  <concept>
    <code value="BTLB"/>
    <display value="瓶（袋）"/>
  </concept>
  <concept>
    <code value="TUBE"/>
    <display value="管"/>
  </concept>
  <concept>
    <code value="SYRG"/>
    <display value="シリンジ"/>
  </concept>
  <concept>
    <code value="DOSE"/>
    <display value="回分"/>
  </concept>
  <concept>
    <code value="TEST"/>
    <display value="テスト分"/>
  </concept>
  <concept>
    <code value="GCYL"/>
    <display value="ガラス筒"/>
  </concept>
  <concept>
    <code value="RODT"/>
    <display value="桿錠"/>
  </concept>
  <concept>
    <code value="UNT"/>
    <display value="単位"/>
  </concept>
  <concept>
    <code value="TTUN"/>
    <display value="万単位"/>
  </concept>
  <concept>
    <code value="FEET"/>
    <display value="フィート"/>
  </concept>
  <concept>
    <code value="DROP"/>
    <display value="滴"/>
  </concept>
  <concept>
    <code value="MG"/>
    <display value="ｍｇ"/>
  </concept>
  <concept>
    <code value="G"/>
    <display value="ｇ"/>
  </concept>
  <concept>
    <code value="KG"/>
    <display value="ｋｇ"/>
  </concept>
  <concept>
    <code value="CC"/>
    <display value="ｃｃ"/>
  </concept>
  <concept>
    <code value="ML"/>
    <display value="ｍＬ"/>
  </concept>
  <concept>
    <code value="L"/>
    <display value="Ｌ"/>
  </concept>
  <concept>
    <code value="MLV"/>
    <display value="ｍＬＶ"/>
  </concept>
  <concept>
    <code value="VIL"/>
    <display value="バイアル"/>
  </concept>
  <concept>
    <code value="CM"/>
    <display value="ｃｍ"/>
  </concept>
  <concept>
    <code value="CM2"/>
    <display value="ｃｍ２"/>
  </concept>
  <concept>
    <code value="M"/>
    <display value="ｍ"/>
  </concept>
  <concept>
    <code value="MCCI"/>
    <display value="μＣｉ"/>
  </concept>
  <concept>
    <code value="MCI"/>
    <display value="ｍＣｉ"/>
  </concept>
  <concept>
    <code value="MCG"/>
    <display value="μｇ"/>
  </concept>
  <concept>
    <code value="BKR"/>
    <display value="管（瓶）"/>
  </concept>
  <concept>
    <code value="PIPE"/>
    <display value="筒"/>
  </concept>
  <concept>
    <code value="GBQ"/>
    <display value="ＧＢｑ"/>
  </concept>
  <concept>
    <code value="MGBQ"/>
    <display value="ＭＢｑ"/>
  </concept>
  <concept>
    <code value="KIT"/>
    <display value="キット"/>
  </concept>
  <concept>
    <code value="IUNT"/>
    <display value="国際単位"/>
  </concept>
  <concept>
    <code value="PAT"/>
    <display value="患者当り"/>
  </concept>
  <concept>
    <code value="ATM"/>
    <display value="気圧"/>
  </concept>
  <concept>
    <code value="CAN"/>
    <display value="缶"/>
  </concept>
  <concept>
    <code value="OPE"/>
    <display value="手術当り"/>
  </concept>
  <concept>
    <code value="VSL"/>
    <display value="容器"/>
  </concept>
  <concept>
    <code value="MLG"/>
    <display value="ｍＬ（ｇ）"/>
  </concept>
  <concept>
    <code value="BLST"/>
    <display value="ブリスター"/>
  </concept>
  <concept>
    <code value="SHET"/>
    <display value="シート"/>
  </concept>
  <concept>
    <code value="CST"/>
    <display value="カセット"/>
  </concept>
  <concept>
    <code value="TUNT"/>
    <display value="千単位"/>
  </concept>
  <concept>
    <code value="TTIU"/>
    <display value="万国際単位"/>
  </concept>
  <concept>
    <code value="MEQ"/>
    <display value="ｍEｑ"/>
  </concept>
  <concept>
    <code value="MCL"/>
    <display value="μＬ"/>
  </concept>
</CodeSystem>