<?xml version="1.0" encoding="UTF-8"?>

<CodeSystem xmlns="http://hl7.org/fhir">
  <id value="jp-codeSystem-ePreCommunication-category"/>
  <text>
    <status value="generated"/><div xmlns="http://www.w3.org/1999/xhtml"><p>This code system http://jpfhir.jp/fhir/ePrescription/CodeSystem/communication-category defines the following codes:</p><table class="codes"><tr><td style="white-space:nowrap"><b>Code</b></td><td><b>Display</b></td></tr><tr><td style="white-space:nowrap">1<a name="jp-codeSystem-ePreCommunication-category-1"> </a></td><td>処方箋備考</td></tr><tr><td style="white-space:nowrap">2<a name="jp-codeSystem-ePreCommunication-category-2"> </a></td><td>調剤者への指示</td></tr><tr><td style="white-space:nowrap">3<a name="jp-codeSystem-ePreCommunication-category-3"> </a></td><td>残薬確認指示</td></tr></table></div>
  </text>
  <url value="http://jpfhir.jp/fhir/ePrescription/CodeSystem/communication-category"/>
  <version value="1.0.0"/>
  <name value="JP_codeSystem_ePreCommunication_category"/>
  <status value="active"/>
  <date value="2022-06-25T22:06:20+00:00"/>
  <publisher value="KOhe"/>
  <contact>
    <name value="KOhe"/>
    <telecom>
      <system value="url"/>
      <value value="http://jpfhir.jp"/>
    </telecom>
  </contact>
  <description value="処方箋備考区分"/>
  <caseSensitive value="false"/>
  <content value="complete"/>
  <count value="3"/>
  <concept>
    <code value="1"/>
    <display value="処方箋備考"/>
  </concept>
  <concept>
    <code value="2"/>
    <display value="調剤者への指示"/>
  </concept>
  <concept>
    <code value="3"/>
    <display value="残薬確認指示"/>
  </concept>
</CodeSystem>