<?xml version="1.0" encoding="UTF-8"?>

<CodeSystem xmlns="http://hl7.org/fhir">
  <id value="mhlw-codeSystem-claimOrganizationCategory-tbl22"/>
  <text>
    <status value="generated"/><div xmlns="http://www.w3.org/1999/xhtml"><p>This code system urn:oid:1.2.392.100495.20.3.22 defines the following codes:</p><table class="codes"><tr><td style="white-space:nowrap"><b>Code</b></td><td><b>Display</b></td></tr><tr><td style="white-space:nowrap">1<a name="mhlw-codeSystem-claimOrganizationCategory-tbl22-1"> </a></td><td>医科</td></tr><tr><td style="white-space:nowrap">3<a name="mhlw-codeSystem-claimOrganizationCategory-tbl22-3"> </a></td><td>歯科</td></tr><tr><td style="white-space:nowrap">4<a name="mhlw-codeSystem-claimOrganizationCategory-tbl22-4"> </a></td><td>調剤</td></tr><tr><td style="white-space:nowrap">6<a name="mhlw-codeSystem-claimOrganizationCategory-tbl22-6"> </a></td><td>訪問看護</td></tr></table></div>
  </text>
  <url value="urn:oid:1.2.392.100495.20.3.22"/>
  <version value="0.9.3"/>
  <name value="MHLW_codeSystem_claimOrganizationCategory_tbl22"/>
  <status value="active"/>
  <date value="2022-05-03T02:49:18+00:00"/>
  <publisher value="KOhe"/>
  <contact>
    <name value="KOhe"/>
    <telecom>
      <system value="url"/>
      <value value="http://jpfhir.jp"/>
    </telecom>
  </contact>
  <description value="厚労省電子処方CDA規格別別表２２ 点数表番号"/>
  <caseSensitive value="false"/>
  <valueSet value="http://jpfhir.jp/fhir/ePrescription/ValueSet/mhlw-codeSystem-claimOrganizationCategory"/>
  <content value="complete"/>
  <count value="4"/>
  <concept>
    <code value="1"/>
    <display value="医科"/>
  </concept>
  <concept>
    <code value="3"/>
    <display value="歯科"/>
  </concept>
  <concept>
    <code value="4"/>
    <display value="調剤"/>
  </concept>
  <concept>
    <code value="6"/>
    <display value="訪問看護"/>
  </concept>
</CodeSystem>