<?xml version="1.0" encoding="UTF-8"?>

<MedicationRequest xmlns="http://hl7.org/fhir">
  <id value="JP-MedReq-ePreData-Example-gaiyou03"/>
  <meta>
    <profile value="http://jpfhir.jp/fhir/core/StructureDefinition/JP_MedicationRequest"/>
    <profile value="http://jpfhir.jp/fhir/ePrescription/StructureDefinition/JP_MedicationRequest_ePrescriptionData"/>
  </meta>
  <text>
    <status value="generated"/><div xmlns="http://www.w3.org/1999/xhtml"><p><b>Generated Narrative</b></p><div style="display: inline-block; background-color: #d9e0e7; padding: 6px; margin: 4px; border: 1px solid #8da1b4; border-radius: 5px; line-height: 60%"><p style="margin-bottom: 0px">Resource "JP-MedReq-ePreData-Example-gaiyou03" </p><p style="margin-bottom: 0px">Profiles: <a href="https://simplifier.net/resolve?scope=jp-core.draft1@1.1.0-beta&amp;canonical=http://jpfhir.jp/fhir/core/StructureDefinition/JP_MedicationRequest">JP Core MedicationRequest Profile</a>, <a href="StructureDefinition-JP-MedicationRequest-ePrescriptionData.html">JP_MedicationRequest_ePrescriptionData</a></p></div><p><b>identifier</b>: id: 3, id: 1</p><p><b>status</b>: active</p><p><b>intent</b>: order</p><p><b>medication</b>: ネリプロクト坐剤 <span style="background: LightGoldenRodYellow; margin: 4px; border: 1px solid khaki"> (unknown#105638903)</span></p><p><b>subject</b>: <a href="Patient-JP-Patient-ePreData-Example.html">Patient/JP-Patient-ePreData-Example</a> " 東京"</p><p><b>authoredOn</b>: 2020-08-21 12:28:17+0900</p><blockquote><p><b>dispenseRequest</b></p><p><b>quantity</b>: 28 個<span style="background: LightGoldenRodYellow"> (Details: urn:oid:1.2.392.100495.20.2.101 code KO = '個')</span></p></blockquote></div>
  </text>
  <identifier>
    <system value="urn:oid:1.2.392.100495.20.3.81"/>
    <value value="3"/>
  </identifier>
  <identifier>
    <system value="urn:oid:1.2.392.100495.20.3.82"/>
    <value value="1"/>
  </identifier>
  <status value="active"/>
  <intent value="order"/>
  <medicationCodeableConcept>
    <coding>
      <system value="urn:oid:1.2.392.200119.4.403.1"/>
      <code value="105638903"/>
      <display value="ネリプロクト坐剤"/>
    </coding>
    <text value="ネリプロクト坐剤"/>
  </medicationCodeableConcept>
  <subject>
    <reference value="Patient/JP-Patient-ePreData-Example"/>
  </subject>
  <authoredOn value="2020-08-21T12:28:17+09:00"/>
  <dosageInstruction>
    <text value="外用・肛門挿入・１日２回朝夕　1回1個（1日2個）"/>
    <timing>
      <code>
        <coding>
          <system value="urn:oid:1.2.392.200250.2.2.20.20"/>
          <code value="2R62090900000000"/>
          <display value="外用・肛門挿入・１日２回朝夕"/>
        </coding>
      </code>
    </timing>
    <site>
      <coding>
        <system value="urn:oid:1.2.392.200250.2.2.20.32"/>
        <code value="8H0"/>
        <display value="肛門部"/>
      </coding>
    </site>
    <route>
      <coding>
        <system value="http://jpfhir.jp/fhir/ePrescription/CodeSystem/route-codes"/>
        <code value="AP"/>
        <display value="外用"/>
      </coding>
    </route>
    <method>
      <coding>
        <system value="urn:oid:1.2.392.200250.2.2.20.40"/>
        <code value="2R"/>
        <display value="肛門挿入"/>
      </coding>
    </method>
    <doseAndRate>
      <type>
        <coding>
          <system value="urn:oid:1.2.392.100495.20.2.22"/>
          <code value="1"/>
          <display value="製剤量"/>
        </coding>
      </type>
      <doseQuantity>
        <value value="1"/>
        <unit value="個"/>
        <system value="urn:oid:1.2.392.100495.20.2.101"/>
        <code value="KO"/>
      </doseQuantity>
      <rateRatio>
        <numerator>
          <value value="2"/>
          <unit value="個"/>
          <system value="urn:oid:1.2.392.100495.20.2.101"/>
          <code value="KO"/>
        </numerator>
        <denominator>
          <value value="1"/>
          <unit value="日"/>
          <system value="http://unitsofmeasure.org"/>
          <code value="d"/>
        </denominator>
      </rateRatio>
    </doseAndRate>
  </dosageInstruction>
  <dispenseRequest>
    <quantity>
      <value value="28"/>
      <unit value="個"/>
      <system value="urn:oid:1.2.392.100495.20.2.101"/>
      <code value="KO"/>
    </quantity>
    <expectedSupplyDuration>
      <value value="14"/>
      <unit value="日"/>
      <system value="http://unitsofmeasure.org"/>
      <code value="d"/>
    </expectedSupplyDuration>
  </dispenseRequest>
</MedicationRequest>