<?xml version="1.0" encoding="UTF-8"?>

<Organization xmlns="http://hl7.org/fhir">
  <id value="JP-Organization-ePreData-departmentOfIssuer-ExampleType2"/>
  <meta>
    <profile value="http://jpfhir.jp/fhir/core/StructureDefinition/JP_Organization"/>
    <profile value="http://jpfhir.jp/fhir/ePrescription/StructureDefinition/JP_Organization_ePrescriptionData_departmentOfIssuer"/>
  </meta>
  <text>
    <status value="generated"/><div xmlns="http://www.w3.org/1999/xhtml"><p><b>Generated Narrative</b></p><div style="display: inline-block; background-color: #d9e0e7; padding: 6px; margin: 4px; border: 1px solid #8da1b4; border-radius: 5px; line-height: 60%"><p style="margin-bottom: 0px">Resource "JP-Organization-ePreData-departmentOfIssuer-ExampleType2" </p><p style="margin-bottom: 0px">Profiles: <a href="https://simplifier.net/resolve?scope=jp-core.draft1@1.1.0-beta&amp;canonical=http://jpfhir.jp/fhir/core/StructureDefinition/JP_Organization">JP Core Organization Profile</a>, <a href="StructureDefinition-JP-Organization-ePrescriptionData-departmentOfIssuer.html">JP_Organization_ePrescriptionData_departmentOfIssuer</a></p></div><p><b>type</b>: Hospital Department <span style="background: LightGoldenRodYellow; margin: 4px; border: 1px solid khaki"> (<a href="http://terminology.hl7.org/3.1.0/CodeSystem-organization-type.html">Organization type</a>#dept)</span></p><p><b>name</b>: 内科</p><p><b>partOf</b>: <a href="Organization-JP-Organization-ePreData-issuer-Example.html">Organization/JP-Organization-ePreData-issuer-Example</a> "第一病院"</p></div>
  </text>
  <type>
    <coding>
      <system value="http://terminology.hl7.org/CodeSystem/organization-type"/>
      <code value="dept"/>
    </coding>
  </type>
  <name value="内科"/>
  <partOf>
    <reference value="Organization/JP-Organization-ePreData-issuer-Example"/>
  </partOf>
</Organization>