<?xml version="1.0" encoding="UTF-8"?>

<ValueSet xmlns="http://hl7.org/fhir">
  <id value="mhlw-valueSet-ePreCDA-insuranceCategory-tbl11"/>
  <text>
    <status value="generated"/><div xmlns="http://www.w3.org/1999/xhtml"><ul><li>Include all codes defined in <a href="CodeSystem-mhlw-codeSystem-ePreCDA-insuranceCategory-tbl11.html"><code>urn:oid:1.2.392.100495.20.2.61</code></a></li></ul></div>
  </text>
  <url value="http://jpfhir.jp/fhir/Common/ValueSet/mhlw-ePreCDA-insuranceCategory"/>
  <version value="0.9.3"/>
  <name value="MHLW_valueSet_ePreCDA_insuranceCategory_tbl11"/>
  <status value="active"/>
  <date value="2022-05-16T21:46:46+00:00"/>
  <publisher value="KOhe"/>
  <contact>
    <name value="KOhe"/>
    <telecom>
      <system value="url"/>
      <value value="http://jpfhir.jp"/>
    </telecom>
  </contact>
  <description value="厚労省電子処方CDA規格別表11 保険種別コード"/>
  <compose>
    <include>
      <system value="urn:oid:1.2.392.100495.20.2.61"/>
    </include>
  </compose>
</ValueSet>