<?xml version="1.0" encoding="UTF-8"?>

<ValueSet xmlns="http://hl7.org/fhir">
  <id value="jp-valueSet-drugCode-gs1-14"/>
  <text>
    <status value="generated"/><div xmlns="http://www.w3.org/1999/xhtml"><ul><li>Include all codes defined in <code>urn:oid:2.51.1.1</code></li></ul></div>
  </text>
  <url value="http://jpfhir.jp/fhir/ePrescription/ValueSet/jp-drugCode-gs1-14"/>
  <version value="1.0.0"/>
  <name value="JP_valueSet_drugCode_gs1_14"/>
  <status value="active"/>
  <date value="2022-06-25T22:06:20+00:00"/>
  <publisher value="KOhe"/>
  <contact>
    <name value="KOhe"/>
    <telecom>
      <system value="url"/>
      <value value="http://jpfhir.jp"/>
    </telecom>
  </contact>
  <description value="医薬品コードGTIN 14桁"/>
  <compose>
    <include>
      <system value="urn:oid:2.51.1.1"/>
    </include>
  </compose>
</ValueSet>