<?xml version="1.0" encoding="UTF-8"?><CodeSystem xmlns="http://hl7.org/fhir"><id value="jp-codeSystem-documentTypeCode"/><text><status value="generated"/><div xmlns="http://www.w3.org/1999/xhtml"><p>This code system http://jpfhir.jp/fhir/Common/CodeSystem/doc-typecodes defines the following codes:</p><table class="codes"><tr><td style="white-space:nowrap"><b>Code</b></td><td><b>Display</b></td></tr><tr><td style="white-space:nowrap">01<a name="jp-codeSystem-documentTypeCode-01"> </a></td><td>健診結果報告書</td></tr><tr><td style="white-space:nowrap">18842-5<a name="jp-codeSystem-documentTypeCode-18842-5"> </a></td><td>退院時サマリー</td></tr><tr><td style="white-space:nowrap">57133-1<a name="jp-codeSystem-documentTypeCode-57133-1"> </a></td><td>診療情報提供書</td></tr><tr><td style="white-space:nowrap">57833-6<a name="jp-codeSystem-documentTypeCode-57833-6"> </a></td><td>処方箋</td></tr></table></div></text><url value="http://jpfhir.jp/fhir/Common/CodeSystem/doc-typecodes"/><version value="0.9.3"/><name value="JP_codeSystem_documentTypeCode"/><status value="active"/><date value="2022-05-05T01:32:16+00:00"/><publisher value="KOhe"/><contact><name value="KOhe"/><telecom><system value="url"/><value value="http://jpfhir.jp"/></telecom></contact><description value="FHIR文書の文書区分（医療文書全般）"/><caseSensitive value="false"/><valueSet value="http://jpfhir.jp/fhir/Common/ValueSet/doc-typecodes"/><content value="complete"/><count value="4"/><concept><code value="01"/><display value="健診結果報告書"/></concept><concept><code value="18842-5"/><display value="退院時サマリー"/></concept><concept><code value="57133-1"/><display value="診療情報提供書"/></concept><concept><code value="57833-6"/><display value="処方箋"/></concept></CodeSystem>