<?xml version="1.0" encoding="UTF-8"?><CodeSystem xmlns="http://hl7.org/fhir"><id value="mhlw-codeSystem-ePreCDA-instructionResidual-tbl09"/><text><status value="generated"/><div xmlns="http://www.w3.org/1999/xhtml"><p>This code system urn:oid:1.2.392.100495.20.2.42 defines the following codes:</p><table class="codes"><tr><td style="white-space:nowrap"><b>Code</b></td><td><b>Display</b></td></tr><tr><td style="white-space:nowrap">0<a name="mhlw-codeSystem-ePreCDA-instructionResidual-tbl09-0"> </a></td><td>指示無し</td></tr><tr><td style="white-space:nowrap">1<a name="mhlw-codeSystem-ePreCDA-instructionResidual-tbl09-1"> </a></td><td>疑義照会の上調剤</td></tr><tr><td style="white-space:nowrap">2<a name="mhlw-codeSystem-ePreCDA-instructionResidual-tbl09-2"> </a></td><td>情報提供</td></tr></table></div></text><url value="urn:oid:1.2.392.100495.20.2.42"/><version value="0.9.3"/><name value="MHLW_codeSystem_ePreCDA_instructionResidual_tbl09"/><status value="active"/><date value="2022-05-03T14:50:06+00:00"/><publisher value="KOhe"/><contact><name value="KOhe"/><telecom><system value="url"/><value value="http://jpfhir.jp"/></telecom></contact><description value="厚労省電子処方CDA規格別表9 残薬確認指示コード"/><caseSensitive value="false"/><valueSet value="http://jpfhir.jp/fhir/ePrescription/ValueSet/mhlw-ePreCDA-instructionResidual"/><content value="complete"/><count value="3"/><concept><code value="0"/><display value="指示無し"/></concept><concept><code value="1"/><display value="疑義照会の上調剤"/></concept><concept><code value="2"/><display value="情報提供"/></concept></CodeSystem>