<?xml version="1.0" encoding="UTF-8"?><CodeSystem xmlns="http://hl7.org/fhir"><id value="jami-codeSystem-ePreBasicUsageMethod-OneDigit"/><text><status value="generated"/><div xmlns="http://www.w3.org/1999/xhtml"><p>This code system urn:oid:1.2.392.200250.2.2.20.30 defines the following codes:</p><table class="codes"><tr><td style="white-space:nowrap"><b>Code</b></td><td><b>Display</b></td></tr><tr><td style="white-space:nowrap">1<a name="jami-codeSystem-ePreBasicUsageMethod-OneDigit-1"> </a></td><td>内服</td></tr><tr><td style="white-space:nowrap">2<a name="jami-codeSystem-ePreBasicUsageMethod-OneDigit-2"> </a></td><td>外用</td></tr><tr><td style="white-space:nowrap">3<a name="jami-codeSystem-ePreBasicUsageMethod-OneDigit-3"> </a></td><td>注射</td></tr><tr><td style="white-space:nowrap">4<a name="jami-codeSystem-ePreBasicUsageMethod-OneDigit-4"> </a></td><td>注入</td></tr></table></div></text><url value="urn:oid:1.2.392.200250.2.2.20.30"/><version value="1.0.0"/><name value="JAMI_codeSystem_ePreBasicUsageMethod_OneDigit"/><status value="active"/><date value="2022-06-26T08:16:20+00:00"/><publisher value="KOhe"/><contact><name value="KOhe"/><telecom><system value="url"/><value value="http://jpfhir.jp"/></telecom></contact><description value="JAMI標準基本用法区分コード1桁"/><caseSensitive value="false"/><content value="complete"/><count value="4"/><concept><code value="1"/><display value="内服"/></concept><concept><code value="2"/><display value="外用"/></concept><concept><code value="3"/><display value="注射"/></concept><concept><code value="4"/><display value="注入"/></concept></CodeSystem>