<?xml version="1.0" encoding="UTF-8"?><CodeSystem xmlns="http://hl7.org/fhir"><id value="jami-codeSystem-ePreDetailUsageMethod-TwoDigits"/><text><status value="generated"/><div xmlns="http://www.w3.org/1999/xhtml"><p>This code system urn:oid:1.2.392.200250.2.2.20.40 defines the following codes:</p><table class="codes"><tr><td style="white-space:nowrap"><b>Code</b></td><td><b>Display</b></td></tr><tr><td style="white-space:nowrap">10<a name="jami-codeSystem-ePreDetailUsageMethod-TwoDigits-10"> </a></td><td>経口</td></tr><tr><td style="white-space:nowrap">11<a name="jami-codeSystem-ePreDetailUsageMethod-TwoDigits-11"> </a></td><td>舌下</td></tr><tr><td style="white-space:nowrap">12<a name="jami-codeSystem-ePreDetailUsageMethod-TwoDigits-12"> </a></td><td>バッカル</td></tr><tr><td style="white-space:nowrap">13<a name="jami-codeSystem-ePreDetailUsageMethod-TwoDigits-13"> </a></td><td>経口内塗布</td></tr><tr><td style="white-space:nowrap">2A<a name="jami-codeSystem-ePreDetailUsageMethod-TwoDigits-2A"> </a></td><td>貼付</td></tr><tr><td style="white-space:nowrap">2B<a name="jami-codeSystem-ePreDetailUsageMethod-TwoDigits-2B"> </a></td><td>塗布</td></tr><tr><td style="white-space:nowrap">2C<a name="jami-codeSystem-ePreDetailUsageMethod-TwoDigits-2C"> </a></td><td>湿布</td></tr><tr><td style="white-space:nowrap">2D<a name="jami-codeSystem-ePreDetailUsageMethod-TwoDigits-2D"> </a></td><td>撒布</td></tr><tr><td style="white-space:nowrap">2E<a name="jami-codeSystem-ePreDetailUsageMethod-TwoDigits-2E"> </a></td><td>噴霧</td></tr><tr><td style="white-space:nowrap">2F<a name="jami-codeSystem-ePreDetailUsageMethod-TwoDigits-2F"> </a></td><td>消毒</td></tr><tr><td style="white-space:nowrap">2G<a name="jami-codeSystem-ePreDetailUsageMethod-TwoDigits-2G"> </a></td><td>点耳</td></tr><tr><td style="white-space:nowrap">2H<a name="jami-codeSystem-ePreDetailUsageMethod-TwoDigits-2H"> </a></td><td>点眼</td></tr><tr><td style="white-space:nowrap">2J<a name="jami-codeSystem-ePreDetailUsageMethod-TwoDigits-2J"> </a></td><td>点鼻</td></tr><tr><td style="white-space:nowrap">2K<a name="jami-codeSystem-ePreDetailUsageMethod-TwoDigits-2K"> </a></td><td>うがい</td></tr><tr><td style="white-space:nowrap">2L<a name="jami-codeSystem-ePreDetailUsageMethod-TwoDigits-2L"> </a></td><td>吸入</td></tr><tr><td style="white-space:nowrap">2M<a name="jami-codeSystem-ePreDetailUsageMethod-TwoDigits-2M"> </a></td><td>トローチ</td></tr><tr><td style="white-space:nowrap">2N<a name="jami-codeSystem-ePreDetailUsageMethod-TwoDigits-2N"> </a></td><td>膀胱洗浄</td></tr><tr><td style="white-space:nowrap">2P<a name="jami-codeSystem-ePreDetailUsageMethod-TwoDigits-2P"> </a></td><td>鼻腔内洗浄</td></tr><tr><td style="white-space:nowrap">2Q<a name="jami-codeSystem-ePreDetailUsageMethod-TwoDigits-2Q"> </a></td><td>浣腸</td></tr><tr><td style="white-space:nowrap">2R<a name="jami-codeSystem-ePreDetailUsageMethod-TwoDigits-2R"> </a></td><td>肛門挿入</td></tr><tr><td style="white-space:nowrap">2S<a name="jami-codeSystem-ePreDetailUsageMethod-TwoDigits-2S"> </a></td><td>肛門注入</td></tr><tr><td style="white-space:nowrap">2T<a name="jami-codeSystem-ePreDetailUsageMethod-TwoDigits-2T"> </a></td><td>膣内挿入</td></tr><tr><td style="white-space:nowrap">2U<a name="jami-codeSystem-ePreDetailUsageMethod-TwoDigits-2U"> </a></td><td>膀胱注入</td></tr><tr><td style="white-space:nowrap">30<a name="jami-codeSystem-ePreDetailUsageMethod-TwoDigits-30"> </a></td><td>静脈注射</td></tr><tr><td style="white-space:nowrap">31<a name="jami-codeSystem-ePreDetailUsageMethod-TwoDigits-31"> </a></td><td>中心静脈注射</td></tr><tr><td style="white-space:nowrap">32<a name="jami-codeSystem-ePreDetailUsageMethod-TwoDigits-32"> </a></td><td>皮下注射</td></tr><tr><td style="white-space:nowrap">33<a name="jami-codeSystem-ePreDetailUsageMethod-TwoDigits-33"> </a></td><td>筋肉内注射</td></tr><tr><td style="white-space:nowrap">34<a name="jami-codeSystem-ePreDetailUsageMethod-TwoDigits-34"> </a></td><td>皮内注射</td></tr><tr><td style="white-space:nowrap">35<a name="jami-codeSystem-ePreDetailUsageMethod-TwoDigits-35"> </a></td><td>動脈注射</td></tr><tr><td style="white-space:nowrap">3A<a name="jami-codeSystem-ePreDetailUsageMethod-TwoDigits-3A"> </a></td><td>硬膜外注射</td></tr><tr><td style="white-space:nowrap">3B<a name="jami-codeSystem-ePreDetailUsageMethod-TwoDigits-3B"> </a></td><td>脳脊髄腔注射</td></tr><tr><td style="white-space:nowrap">3C<a name="jami-codeSystem-ePreDetailUsageMethod-TwoDigits-3C"> </a></td><td>骨髄内注射</td></tr><tr><td style="white-space:nowrap">3D<a name="jami-codeSystem-ePreDetailUsageMethod-TwoDigits-3D"> </a></td><td>関節腔内注射</td></tr><tr><td style="white-space:nowrap">3E<a name="jami-codeSystem-ePreDetailUsageMethod-TwoDigits-3E"> </a></td><td>腱鞘内注射</td></tr><tr><td style="white-space:nowrap">3F<a name="jami-codeSystem-ePreDetailUsageMethod-TwoDigits-3F"> </a></td><td>腱鞘周囲注射</td></tr><tr><td style="white-space:nowrap">3G<a name="jami-codeSystem-ePreDetailUsageMethod-TwoDigits-3G"> </a></td><td>硝子体内注射</td></tr><tr><td style="white-space:nowrap">3H<a name="jami-codeSystem-ePreDetailUsageMethod-TwoDigits-3H"> </a></td><td>結膜下注射</td></tr><tr><td style="white-space:nowrap">3J<a name="jami-codeSystem-ePreDetailUsageMethod-TwoDigits-3J"> </a></td><td>テノン氏のう内注射</td></tr><tr><td style="white-space:nowrap">3K<a name="jami-codeSystem-ePreDetailUsageMethod-TwoDigits-3K"> </a></td><td>耳茸内注射</td></tr><tr><td style="white-space:nowrap">3L<a name="jami-codeSystem-ePreDetailUsageMethod-TwoDigits-3L"> </a></td><td>咽頭注射</td></tr><tr><td style="white-space:nowrap">3M<a name="jami-codeSystem-ePreDetailUsageMethod-TwoDigits-3M"> </a></td><td>胸腔内注射</td></tr><tr><td style="white-space:nowrap">3N<a name="jami-codeSystem-ePreDetailUsageMethod-TwoDigits-3N"> </a></td><td>痔核注射</td></tr><tr><td style="white-space:nowrap">3P<a name="jami-codeSystem-ePreDetailUsageMethod-TwoDigits-3P"> </a></td><td>角膜内注射</td></tr><tr><td style="white-space:nowrap">3Q<a name="jami-codeSystem-ePreDetailUsageMethod-TwoDigits-3Q"> </a></td><td>球後注射</td></tr><tr><td style="white-space:nowrap">3R<a name="jami-codeSystem-ePreDetailUsageMethod-TwoDigits-3R"> </a></td><td>腹腔内注射</td></tr><tr><td style="white-space:nowrap">3Z<a name="jami-codeSystem-ePreDetailUsageMethod-TwoDigits-3Z"> </a></td><td>局所・病巣内注射</td></tr><tr><td style="white-space:nowrap">40<a name="jami-codeSystem-ePreDetailUsageMethod-TwoDigits-40"> </a></td><td>腹膜透析</td></tr><tr><td style="white-space:nowrap">41<a name="jami-codeSystem-ePreDetailUsageMethod-TwoDigits-41"> </a></td><td>気管内注入</td></tr><tr><td style="white-space:nowrap">42<a name="jami-codeSystem-ePreDetailUsageMethod-TwoDigits-42"> </a></td><td>涙のう内注入</td></tr><tr><td style="white-space:nowrap">43<a name="jami-codeSystem-ePreDetailUsageMethod-TwoDigits-43"> </a></td><td>鼓室内注入</td></tr><tr><td style="white-space:nowrap">44<a name="jami-codeSystem-ePreDetailUsageMethod-TwoDigits-44"> </a></td><td>滑液囊穿刺後の注入</td></tr><tr><td style="white-space:nowrap">45<a name="jami-codeSystem-ePreDetailUsageMethod-TwoDigits-45"> </a></td><td>腹腔内注入</td></tr><tr><td style="white-space:nowrap">4Z<a name="jami-codeSystem-ePreDetailUsageMethod-TwoDigits-4Z"> </a></td><td>病巣内注入</td></tr></table></div></text><url value="urn:oid:1.2.392.200250.2.2.20.40"/><version value="0.9.3"/><name value="JAMI_codeSystem_ePreDetailUsageMethod_TwoDigits"/><status value="active"/><date value="2022-05-19T08:14:30+00:00"/><publisher value="KOhe"/><contact><name value="KOhe"/><telecom><system value="url"/><value value="http://jpfhir.jp"/></telecom></contact><description value="JAMI標準投与方法区分コード2桁"/><caseSensitive value="false"/><valueSet value="http://jpfhir.jp/fhir/ePrescription/ValueSet/jami-ePreDetailUsageMethod"/><content value="complete"/><count value="53"/><concept><code value="10"/><display value="経口"/></concept><concept><code value="11"/><display value="舌下"/></concept><concept><code value="12"/><display value="バッカル"/></concept><concept><code value="13"/><display value="経口内塗布"/></concept><concept><code value="2A"/><display value="貼付"/></concept><concept><code value="2B"/><display value="塗布"/></concept><concept><code value="2C"/><display value="湿布"/></concept><concept><code value="2D"/><display value="撒布"/></concept><concept><code value="2E"/><display value="噴霧"/></concept><concept><code value="2F"/><display value="消毒"/></concept><concept><code value="2G"/><display value="点耳"/></concept><concept><code value="2H"/><display value="点眼"/></concept><concept><code value="2J"/><display value="点鼻"/></concept><concept><code value="2K"/><display value="うがい"/></concept><concept><code value="2L"/><display value="吸入"/></concept><concept><code value="2M"/><display value="トローチ"/></concept><concept><code value="2N"/><display value="膀胱洗浄"/></concept><concept><code value="2P"/><display value="鼻腔内洗浄"/></concept><concept><code value="2Q"/><display value="浣腸"/></concept><concept><code value="2R"/><display value="肛門挿入"/></concept><concept><code value="2S"/><display value="肛門注入"/></concept><concept><code value="2T"/><display value="膣内挿入"/></concept><concept><code value="2U"/><display value="膀胱注入"/></concept><concept><code value="30"/><display value="静脈注射"/></concept><concept><code value="31"/><display value="中心静脈注射"/></concept><concept><code value="32"/><display value="皮下注射"/></concept><concept><code value="33"/><display value="筋肉内注射"/></concept><concept><code value="34"/><display value="皮内注射"/></concept><concept><code value="35"/><display value="動脈注射"/></concept><concept><code value="3A"/><display value="硬膜外注射"/></concept><concept><code value="3B"/><display value="脳脊髄腔注射"/></concept><concept><code value="3C"/><display value="骨髄内注射"/></concept><concept><code value="3D"/><display value="関節腔内注射"/></concept><concept><code value="3E"/><display value="腱鞘内注射"/></concept><concept><code value="3F"/><display value="腱鞘周囲注射"/></concept><concept><code value="3G"/><display value="硝子体内注射"/></concept><concept><code value="3H"/><display value="結膜下注射"/></concept><concept><code value="3J"/><display value="テノン氏のう内注射"/></concept><concept><code value="3K"/><display value="耳茸内注射"/></concept><concept><code value="3L"/><display value="咽頭注射"/></concept><concept><code value="3M"/><display value="胸腔内注射"/></concept><concept><code value="3N"/><display value="痔核注射"/></concept><concept><code value="3P"/><display value="角膜内注射"/></concept><concept><code value="3Q"/><display value="球後注射"/></concept><concept><code value="3R"/><display value="腹腔内注射"/></concept><concept><code value="3Z"/><display value="局所・病巣内注射"/></concept><concept><code value="40"/><display value="腹膜透析"/></concept><concept><code value="41"/><display value="気管内注入"/></concept><concept><code value="42"/><display value="涙のう内注入"/></concept><concept><code value="43"/><display value="鼓室内注入"/></concept><concept><code value="44"/><display value="滑液囊穿刺後の注入"/></concept><concept><code value="45"/><display value="腹腔内注入"/></concept><concept><code value="4Z"/><display value="病巣内注入"/></concept></CodeSystem>