<?xml version="1.0" encoding="UTF-8"?><CodeSystem xmlns="http://hl7.org/fhir"><id value="mhlw-codeSystem-ePreCDA-unable2Change2Generic-tbl08"/><text><status value="generated"/><div xmlns="http://www.w3.org/1999/xhtml"><p>This code system urn:oid:1.2.392.100495.20.2.41 defines the following codes:</p><table class="codes"><tr><td style="white-space:nowrap"><b>Code</b></td><td><b>Display</b></td></tr><tr><td style="white-space:nowrap">0<a name="mhlw-codeSystem-ePreCDA-unable2Change2Generic-tbl08-0"> </a></td><td>変更可</td></tr><tr><td style="white-space:nowrap">1<a name="mhlw-codeSystem-ePreCDA-unable2Change2Generic-tbl08-1"> </a></td><td>変更不可</td></tr><tr><td style="white-space:nowrap">2<a name="mhlw-codeSystem-ePreCDA-unable2Change2Generic-tbl08-2"> </a></td><td>剤形変更不可</td></tr><tr><td style="white-space:nowrap">3<a name="mhlw-codeSystem-ePreCDA-unable2Change2Generic-tbl08-3"> </a></td><td>含量規格変更不可</td></tr></table></div></text><url value="urn:oid:1.2.392.100495.20.2.41"/><version value="0.9.3"/><name value="MHLW_codeSystem_ePreCDA_unable2Change2Generic_tbl08"/><status value="active"/><date value="2022-04-21T05:38:11+00:00"/><publisher value="KOhe"/><contact><name value="KOhe"/><telecom><system value="url"/><value value="http://jpfhir.jp"/></telecom></contact><description value="厚労省電子処方CDA規格別表8 後発品変更不可コード"/><caseSensitive value="false"/><valueSet value="http://jpfhir.jp/fhir/ePrescription/ValueSet/mhlw-ePreCDA-unable2Change2Generic"/><content value="complete"/><count value="4"/><concept><code value="0"/><display value="変更可"/></concept><concept><code value="1"/><display value="変更不可"/></concept><concept><code value="2"/><display value="剤形変更不可"/></concept><concept><code value="3"/><display value="含量規格変更不可"/></concept></CodeSystem>