<?xml version="1.0" encoding="UTF-8"?><CodeSystem xmlns="http://hl7.org/fhir"><id value="jp-codeSystem-practitioner-certificate-category"/><text><status value="generated"/><div xmlns="http://www.w3.org/1999/xhtml"><p>This code system http://jpfhir.jp/fhir/core/CodeSystem/practitioner-certificate-category defines the following codes:</p><table class="codes"><tr><td style="white-space:nowrap"><b>Code</b></td><td><b>Display</b></td></tr><tr><td style="white-space:nowrap">MedicalDoctorLicense<a name="jp-codeSystem-practitioner-certificate-category-MedicalDoctorLicense"> </a></td><td>医師</td></tr><tr><td style="white-space:nowrap">NarcoticsPractitioner<a name="jp-codeSystem-practitioner-certificate-category-NarcoticsPractitioner"> </a></td><td>麻薬施用者</td></tr></table></div></text><url value="http://jpfhir.jp/fhir/core/CodeSystem/practitioner-certificate-category"/><version value="0.9.3"/><name value="JP_codeSystem_practitioner_certificate_category"/><status value="active"/><date value="2022-05-16T02:20:03+00:00"/><publisher value="KOhe"/><contact><name value="KOhe"/><telecom><system value="url"/><value value="http://jpfhir.jp"/></telecom></contact><description value="医療従事者資格種別"/><caseSensitive value="false"/><valueSet value="http://jpfhir.jp/fhir/ePrescription/ValueSet/practitioner-certificate-category"/><content value="complete"/><count value="2"/><concept><code value="MedicalDoctorLicense"/><display value="医師"/></concept><concept><code value="NarcoticsPractitioner"/><display value="麻薬施用者"/></concept></CodeSystem>