<?xml version="1.0" encoding="UTF-8"?><CodeSystem xmlns="http://hl7.org/fhir"><id value="mhlw-codeSystem-ePreCDA-clinicalDepartment-tbl10"/><text><status value="generated"/><div xmlns="http://www.w3.org/1999/xhtml"><p>This code system urn:oid:1.2.392.100495.20.2.51 defines the following codes:</p><table class="codes"><tr><td style="white-space:nowrap"><b>Code</b></td><td><b>Display</b></td></tr><tr><td style="white-space:nowrap">01<a name="mhlw-codeSystem-ePreCDA-clinicalDepartment-tbl10-01"> </a></td><td>内科</td></tr><tr><td style="white-space:nowrap">02<a name="mhlw-codeSystem-ePreCDA-clinicalDepartment-tbl10-02"> </a></td><td>精神科</td></tr><tr><td style="white-space:nowrap">03<a name="mhlw-codeSystem-ePreCDA-clinicalDepartment-tbl10-03"> </a></td><td>神経科</td></tr><tr><td style="white-space:nowrap">04<a name="mhlw-codeSystem-ePreCDA-clinicalDepartment-tbl10-04"> </a></td><td>神経内科</td></tr><tr><td style="white-space:nowrap">05<a name="mhlw-codeSystem-ePreCDA-clinicalDepartment-tbl10-05"> </a></td><td>呼吸器科</td></tr><tr><td style="white-space:nowrap">06<a name="mhlw-codeSystem-ePreCDA-clinicalDepartment-tbl10-06"> </a></td><td>消化器科</td></tr><tr><td style="white-space:nowrap">07<a name="mhlw-codeSystem-ePreCDA-clinicalDepartment-tbl10-07"> </a></td><td>胃腸科</td></tr><tr><td style="white-space:nowrap">08<a name="mhlw-codeSystem-ePreCDA-clinicalDepartment-tbl10-08"> </a></td><td>循環器科</td></tr><tr><td style="white-space:nowrap">09<a name="mhlw-codeSystem-ePreCDA-clinicalDepartment-tbl10-09"> </a></td><td>小児科</td></tr><tr><td style="white-space:nowrap">10<a name="mhlw-codeSystem-ePreCDA-clinicalDepartment-tbl10-10"> </a></td><td>外科</td></tr><tr><td style="white-space:nowrap">11<a name="mhlw-codeSystem-ePreCDA-clinicalDepartment-tbl10-11"> </a></td><td>整形外科</td></tr><tr><td style="white-space:nowrap">12<a name="mhlw-codeSystem-ePreCDA-clinicalDepartment-tbl10-12"> </a></td><td>形成外科</td></tr><tr><td style="white-space:nowrap">13<a name="mhlw-codeSystem-ePreCDA-clinicalDepartment-tbl10-13"> </a></td><td>美容外科</td></tr><tr><td style="white-space:nowrap">14<a name="mhlw-codeSystem-ePreCDA-clinicalDepartment-tbl10-14"> </a></td><td>脳神経外科</td></tr><tr><td style="white-space:nowrap">15<a name="mhlw-codeSystem-ePreCDA-clinicalDepartment-tbl10-15"> </a></td><td>呼吸器外科</td></tr><tr><td style="white-space:nowrap">16<a name="mhlw-codeSystem-ePreCDA-clinicalDepartment-tbl10-16"> </a></td><td>心臓血管外科</td></tr><tr><td style="white-space:nowrap">17<a name="mhlw-codeSystem-ePreCDA-clinicalDepartment-tbl10-17"> </a></td><td>小児外科</td></tr><tr><td style="white-space:nowrap">18<a name="mhlw-codeSystem-ePreCDA-clinicalDepartment-tbl10-18"> </a></td><td>皮膚泌尿器科</td></tr><tr><td style="white-space:nowrap">19<a name="mhlw-codeSystem-ePreCDA-clinicalDepartment-tbl10-19"> </a></td><td>皮膚科</td></tr><tr><td style="white-space:nowrap">20<a name="mhlw-codeSystem-ePreCDA-clinicalDepartment-tbl10-20"> </a></td><td>泌尿器科</td></tr><tr><td style="white-space:nowrap">21<a name="mhlw-codeSystem-ePreCDA-clinicalDepartment-tbl10-21"> </a></td><td>性病科</td></tr><tr><td style="white-space:nowrap">22<a name="mhlw-codeSystem-ePreCDA-clinicalDepartment-tbl10-22"> </a></td><td>肛門科</td></tr><tr><td style="white-space:nowrap">23<a name="mhlw-codeSystem-ePreCDA-clinicalDepartment-tbl10-23"> </a></td><td>産婦人科</td></tr><tr><td style="white-space:nowrap">24<a name="mhlw-codeSystem-ePreCDA-clinicalDepartment-tbl10-24"> </a></td><td>産科</td></tr><tr><td style="white-space:nowrap">25<a name="mhlw-codeSystem-ePreCDA-clinicalDepartment-tbl10-25"> </a></td><td>婦人科</td></tr><tr><td style="white-space:nowrap">26<a name="mhlw-codeSystem-ePreCDA-clinicalDepartment-tbl10-26"> </a></td><td>眼科</td></tr><tr><td style="white-space:nowrap">27<a name="mhlw-codeSystem-ePreCDA-clinicalDepartment-tbl10-27"> </a></td><td>耳鼻咽喉科</td></tr><tr><td style="white-space:nowrap">28<a name="mhlw-codeSystem-ePreCDA-clinicalDepartment-tbl10-28"> </a></td><td>気管食道科</td></tr><tr><td style="white-space:nowrap">30<a name="mhlw-codeSystem-ePreCDA-clinicalDepartment-tbl10-30"> </a></td><td>放射線科</td></tr><tr><td style="white-space:nowrap">31<a name="mhlw-codeSystem-ePreCDA-clinicalDepartment-tbl10-31"> </a></td><td>麻酔科</td></tr><tr><td style="white-space:nowrap">33<a name="mhlw-codeSystem-ePreCDA-clinicalDepartment-tbl10-33"> </a></td><td>心療内科</td></tr><tr><td style="white-space:nowrap">34<a name="mhlw-codeSystem-ePreCDA-clinicalDepartment-tbl10-34"> </a></td><td>アレルギー科</td></tr><tr><td style="white-space:nowrap">35<a name="mhlw-codeSystem-ePreCDA-clinicalDepartment-tbl10-35"> </a></td><td>リウマチ科</td></tr><tr><td style="white-space:nowrap">36<a name="mhlw-codeSystem-ePreCDA-clinicalDepartment-tbl10-36"> </a></td><td>リハビリテーション科</td></tr><tr><td style="white-space:nowrap">37<a name="mhlw-codeSystem-ePreCDA-clinicalDepartment-tbl10-37"> </a></td><td>病理診断科</td></tr><tr><td style="white-space:nowrap">38<a name="mhlw-codeSystem-ePreCDA-clinicalDepartment-tbl10-38"> </a></td><td>臨床検査科</td></tr><tr><td style="white-space:nowrap">39<a name="mhlw-codeSystem-ePreCDA-clinicalDepartment-tbl10-39"> </a></td><td>救急科</td></tr><tr><td style="white-space:nowrap">90<a name="mhlw-codeSystem-ePreCDA-clinicalDepartment-tbl10-90"> </a></td><td>歯科</td></tr></table></div></text><url value="urn:oid:1.2.392.100495.20.2.51"/><version value="0.9.3"/><name value="MHLW_codeSystem_ePreCDA_clinicalDepartment_tbl10"/><status value="active"/><date value="2022-05-03T05:27:05+00:00"/><publisher value="KOhe"/><contact><name value="KOhe"/><telecom><system value="url"/><value value="http://jpfhir.jp"/></telecom></contact><description value="厚労省電子処方CDA規格別表10 診療科コード"/><caseSensitive value="false"/><valueSet value="http://jpfhir.jp/fhir/Common/ValueSet/mhlw-ePreCDA-clinicalDepartment"/><content value="complete"/><count value="38"/><concept><code value="01"/><display value="内科"/></concept><concept><code value="02"/><display value="精神科"/></concept><concept><code value="03"/><display value="神経科"/></concept><concept><code value="04"/><display value="神経内科"/></concept><concept><code value="05"/><display value="呼吸器科"/></concept><concept><code value="06"/><display value="消化器科"/></concept><concept><code value="07"/><display value="胃腸科"/></concept><concept><code value="08"/><display value="循環器科"/></concept><concept><code value="09"/><display value="小児科"/></concept><concept><code value="10"/><display value="外科"/></concept><concept><code value="11"/><display value="整形外科"/></concept><concept><code value="12"/><display value="形成外科"/></concept><concept><code value="13"/><display value="美容外科"/></concept><concept><code value="14"/><display value="脳神経外科"/></concept><concept><code value="15"/><display value="呼吸器外科"/></concept><concept><code value="16"/><display value="心臓血管外科"/></concept><concept><code value="17"/><display value="小児外科"/></concept><concept><code value="18"/><display value="皮膚泌尿器科"/></concept><concept><code value="19"/><display value="皮膚科"/></concept><concept><code value="20"/><display value="泌尿器科"/></concept><concept><code value="21"/><display value="性病科"/></concept><concept><code value="22"/><display value="肛門科"/></concept><concept><code value="23"/><display value="産婦人科"/></concept><concept><code value="24"/><display value="産科"/></concept><concept><code value="25"/><display value="婦人科"/></concept><concept><code value="26"/><display value="眼科"/></concept><concept><code value="27"/><display value="耳鼻咽喉科"/></concept><concept><code value="28"/><display value="気管食道科"/></concept><concept><code value="30"/><display value="放射線科"/></concept><concept><code value="31"/><display value="麻酔科"/></concept><concept><code value="33"/><display value="心療内科"/></concept><concept><code value="34"/><display value="アレルギー科"/></concept><concept><code value="35"/><display value="リウマチ科"/></concept><concept><code value="36"/><display value="リハビリテーション科"/></concept><concept><code value="37"/><display value="病理診断科"/></concept><concept><code value="38"/><display value="臨床検査科"/></concept><concept><code value="39"/><display value="救急科"/></concept><concept><code value="90"/><display value="歯科"/></concept></CodeSystem>