<?xml version="1.0" encoding="UTF-8"?><CodeSystem xmlns="http://hl7.org/fhir"><id value="jp-codeSystem-practitioner-role-category"/><text><status value="generated"/><div xmlns="http://www.w3.org/1999/xhtml"><p>This code system http://jpfhir.jp/fhir/Common/CodeSystem/practitioner-role-category defines the following codes:</p><table class="codes"><tr><td style="white-space:nowrap"><b>Code</b></td><td><b>Display</b></td></tr><tr><td style="white-space:nowrap">doctor<a name="jp-codeSystem-practitioner-role-category-doctor"> </a></td><td>医師</td></tr><tr><td style="white-space:nowrap">dentist<a name="jp-codeSystem-practitioner-role-category-dentist"> </a></td><td>歯科医師</td></tr></table></div></text><url value="http://jpfhir.jp/fhir/Common/CodeSystem/practitioner-role-category"/><version value="0.9.3"/><name value="JP_codeSystem_practitioner_role_category"/><status value="active"/><date value="2022-05-03T16:17:25+00:00"/><publisher value="KOhe"/><contact><name value="KOhe"/><telecom><system value="url"/><value value="http://jpfhir.jp"/></telecom></contact><description value="医療者役割コード(処方)"/><caseSensitive value="false"/><valueSet value="http://jpfhir.jp/fhir/Common/ValueSet/practitioner-role-category"/><content value="complete"/><count value="2"/><concept><code value="doctor"/><display value="医師"/></concept><concept><code value="dentist"/><display value="歯科医師"/></concept></CodeSystem>