<?xml version="1.0" encoding="UTF-8"?><CodeSystem xmlns="http://hl7.org/fhir"><id value="jami-codeSystem-ePreDispenseInstruction"/><text><status value="generated"/><div xmlns="http://www.w3.org/1999/xhtml"><p>This code system urn:oid:1.2.392.200250.2.2.30.10 defines the following codes:</p><table class="codes"><tr><td style="white-space:nowrap"><b>Code</b></td><td><b>Display</b></td></tr><tr><td style="white-space:nowrap">C<a name="jami-codeSystem-ePreDispenseInstruction-C"> </a></td><td>粉砕指示</td></tr><tr><td style="white-space:nowrap">OP<a name="jami-codeSystem-ePreDispenseInstruction-OP"> </a></td><td>一包化指示</td></tr><tr><td style="white-space:nowrap">SP<a name="jami-codeSystem-ePreDispenseInstruction-SP"> </a></td><td>別包化指示</td></tr><tr><td style="white-space:nowrap">MX<a name="jami-codeSystem-ePreDispenseInstruction-MX"> </a></td><td>混合指示</td></tr></table></div></text><url value="urn:oid:1.2.392.200250.2.2.30.10"/><version value="0.9.3"/><name value="JAMI_codeSystem_ePreDispenseInstruction"/><status value="active"/><date value="2022-05-16T09:08:52+00:00"/><publisher value="KOhe"/><contact><name value="KOhe"/><telecom><system value="url"/><value value="http://jpfhir.jp"/></telecom></contact><description value="調剤指示コード（備考欄）"/><caseSensitive value="false"/><valueSet value="http://jpfhir.jp/fhir/ePrescription/ValueSet/jami-ePreDispenseInstruction"/><content value="complete"/><count value="4"/><concept><code value="C"/><display value="粉砕指示"/></concept><concept><code value="OP"/><display value="一包化指示"/></concept><concept><code value="SP"/><display value="別包化指示"/></concept><concept><code value="MX"/><display value="混合指示"/></concept></CodeSystem>