<?xml version="1.0" encoding="UTF-8"?><CodeSystem xmlns="http://hl7.org/fhir"><id value="jami-codeSystem-ePreOrderUsageAuxCode"/><text><status value="generated"/><div xmlns="http://www.w3.org/1999/xhtml"><p>This code system urn:oid:1.2.392.200250.2.2.20.22 defines the following codes:</p><table class="codes"><tr><td style="white-space:nowrap"><b>Code</b></td><td><b>Display</b></td></tr><tr><td style="white-space:nowrap">V11NNNNN<a name="jami-codeSystem-ePreOrderUsageAuxCode-V11NNNNN"> </a></td><td>不均等・１回目・１単位量</td></tr><tr><td style="white-space:nowrap">V12NNNNN<a name="jami-codeSystem-ePreOrderUsageAuxCode-V12NNNNN"> </a></td><td>不均等・１回目・２単位量</td></tr><tr><td style="white-space:nowrap">V13NNNNN<a name="jami-codeSystem-ePreOrderUsageAuxCode-V13NNNNN"> </a></td><td>不均等・１回目・３単位量</td></tr><tr><td style="white-space:nowrap">V14NNNNN<a name="jami-codeSystem-ePreOrderUsageAuxCode-V14NNNNN"> </a></td><td>不均等・１回目・４単位量</td></tr><tr><td style="white-space:nowrap">V15NNNNN<a name="jami-codeSystem-ePreOrderUsageAuxCode-V15NNNNN"> </a></td><td>不均等・１回目・５単位量</td></tr><tr><td style="white-space:nowrap">V16NNNNN<a name="jami-codeSystem-ePreOrderUsageAuxCode-V16NNNNN"> </a></td><td>不均等・１回目・６単位量</td></tr><tr><td style="white-space:nowrap">V17NNNNN<a name="jami-codeSystem-ePreOrderUsageAuxCode-V17NNNNN"> </a></td><td>不均等・１回目・７単位量</td></tr><tr><td style="white-space:nowrap">V18NNNNN<a name="jami-codeSystem-ePreOrderUsageAuxCode-V18NNNNN"> </a></td><td>不均等・１回目・８単位量</td></tr><tr><td style="white-space:nowrap">V19NNNNN<a name="jami-codeSystem-ePreOrderUsageAuxCode-V19NNNNN"> </a></td><td>不均等・１回目・９単位量</td></tr><tr><td style="white-space:nowrap">V21NNNNN<a name="jami-codeSystem-ePreOrderUsageAuxCode-V21NNNNN"> </a></td><td>不均等・１回目・１単位量</td></tr><tr><td style="white-space:nowrap">V22NNNNN<a name="jami-codeSystem-ePreOrderUsageAuxCode-V22NNNNN"> </a></td><td>不均等・１回目・２単位量</td></tr><tr><td style="white-space:nowrap">V23NNNNN<a name="jami-codeSystem-ePreOrderUsageAuxCode-V23NNNNN"> </a></td><td>不均等・１回目・３単位量</td></tr><tr><td style="white-space:nowrap">V24NNNNN<a name="jami-codeSystem-ePreOrderUsageAuxCode-V24NNNNN"> </a></td><td>不均等・１回目・４単位量</td></tr><tr><td style="white-space:nowrap">V25NNNNN<a name="jami-codeSystem-ePreOrderUsageAuxCode-V25NNNNN"> </a></td><td>不均等・１回目・５単位量</td></tr><tr><td style="white-space:nowrap">V26NNNNN<a name="jami-codeSystem-ePreOrderUsageAuxCode-V26NNNNN"> </a></td><td>不均等・１回目・６単位量</td></tr><tr><td style="white-space:nowrap">V27NNNNN<a name="jami-codeSystem-ePreOrderUsageAuxCode-V27NNNNN"> </a></td><td>不均等・１回目・７単位量</td></tr><tr><td style="white-space:nowrap">V28NNNNN<a name="jami-codeSystem-ePreOrderUsageAuxCode-V28NNNNN"> </a></td><td>不均等・１回目・８単位量</td></tr><tr><td style="white-space:nowrap">V29NNNNN<a name="jami-codeSystem-ePreOrderUsageAuxCode-V29NNNNN"> </a></td><td>不均等・１回目・９単位量</td></tr><tr><td style="white-space:nowrap">V31NNNNN<a name="jami-codeSystem-ePreOrderUsageAuxCode-V31NNNNN"> </a></td><td>不均等・１回目・１単位量</td></tr><tr><td style="white-space:nowrap">V32NNNNN<a name="jami-codeSystem-ePreOrderUsageAuxCode-V32NNNNN"> </a></td><td>不均等・１回目・２単位量</td></tr><tr><td style="white-space:nowrap">V33NNNNN<a name="jami-codeSystem-ePreOrderUsageAuxCode-V33NNNNN"> </a></td><td>不均等・１回目・３単位量</td></tr><tr><td style="white-space:nowrap">V34NNNNN<a name="jami-codeSystem-ePreOrderUsageAuxCode-V34NNNNN"> </a></td><td>不均等・１回目・４単位量</td></tr><tr><td style="white-space:nowrap">V35NNNNN<a name="jami-codeSystem-ePreOrderUsageAuxCode-V35NNNNN"> </a></td><td>不均等・１回目・５単位量</td></tr><tr><td style="white-space:nowrap">V36NNNNN<a name="jami-codeSystem-ePreOrderUsageAuxCode-V36NNNNN"> </a></td><td>不均等・１回目・６単位量</td></tr><tr><td style="white-space:nowrap">V37NNNNN<a name="jami-codeSystem-ePreOrderUsageAuxCode-V37NNNNN"> </a></td><td>不均等・１回目・７単位量</td></tr><tr><td style="white-space:nowrap">V38NNNNN<a name="jami-codeSystem-ePreOrderUsageAuxCode-V38NNNNN"> </a></td><td>不均等・１回目・８単位量</td></tr><tr><td style="white-space:nowrap">V39NNNNN<a name="jami-codeSystem-ePreOrderUsageAuxCode-V39NNNNN"> </a></td><td>不均等・１回目・９単位量</td></tr><tr><td style="white-space:nowrap">V41NNNNN<a name="jami-codeSystem-ePreOrderUsageAuxCode-V41NNNNN"> </a></td><td>不均等・１回目・１単位量</td></tr><tr><td style="white-space:nowrap">V42NNNNN<a name="jami-codeSystem-ePreOrderUsageAuxCode-V42NNNNN"> </a></td><td>不均等・１回目・２単位量</td></tr><tr><td style="white-space:nowrap">V43NNNNN<a name="jami-codeSystem-ePreOrderUsageAuxCode-V43NNNNN"> </a></td><td>不均等・１回目・３単位量</td></tr><tr><td style="white-space:nowrap">V44NNNNN<a name="jami-codeSystem-ePreOrderUsageAuxCode-V44NNNNN"> </a></td><td>不均等・１回目・４単位量</td></tr><tr><td style="white-space:nowrap">V45NNNNN<a name="jami-codeSystem-ePreOrderUsageAuxCode-V45NNNNN"> </a></td><td>不均等・１回目・５単位量</td></tr><tr><td style="white-space:nowrap">V46NNNNN<a name="jami-codeSystem-ePreOrderUsageAuxCode-V46NNNNN"> </a></td><td>不均等・１回目・６単位量</td></tr><tr><td style="white-space:nowrap">V47NNNNN<a name="jami-codeSystem-ePreOrderUsageAuxCode-V47NNNNN"> </a></td><td>不均等・１回目・７単位量</td></tr><tr><td style="white-space:nowrap">V48NNNNN<a name="jami-codeSystem-ePreOrderUsageAuxCode-V48NNNNN"> </a></td><td>不均等・１回目・８単位量</td></tr><tr><td style="white-space:nowrap">V49NNNNN<a name="jami-codeSystem-ePreOrderUsageAuxCode-V49NNNNN"> </a></td><td>不均等・１回目・９単位量</td></tr><tr><td style="white-space:nowrap">V51NNNNN<a name="jami-codeSystem-ePreOrderUsageAuxCode-V51NNNNN"> </a></td><td>不均等・１回目・１単位量</td></tr><tr><td style="white-space:nowrap">V52NNNNN<a name="jami-codeSystem-ePreOrderUsageAuxCode-V52NNNNN"> </a></td><td>不均等・１回目・２単位量</td></tr><tr><td style="white-space:nowrap">V53NNNNN<a name="jami-codeSystem-ePreOrderUsageAuxCode-V53NNNNN"> </a></td><td>不均等・１回目・３単位量</td></tr><tr><td style="white-space:nowrap">V54NNNNN<a name="jami-codeSystem-ePreOrderUsageAuxCode-V54NNNNN"> </a></td><td>不均等・１回目・４単位量</td></tr><tr><td style="white-space:nowrap">V55NNNNN<a name="jami-codeSystem-ePreOrderUsageAuxCode-V55NNNNN"> </a></td><td>不均等・１回目・５単位量</td></tr><tr><td style="white-space:nowrap">V56NNNNN<a name="jami-codeSystem-ePreOrderUsageAuxCode-V56NNNNN"> </a></td><td>不均等・１回目・６単位量</td></tr><tr><td style="white-space:nowrap">V57NNNNN<a name="jami-codeSystem-ePreOrderUsageAuxCode-V57NNNNN"> </a></td><td>不均等・１回目・７単位量</td></tr><tr><td style="white-space:nowrap">V58NNNNN<a name="jami-codeSystem-ePreOrderUsageAuxCode-V58NNNNN"> </a></td><td>不均等・１回目・８単位量</td></tr><tr><td style="white-space:nowrap">V59NNNNN<a name="jami-codeSystem-ePreOrderUsageAuxCode-V59NNNNN"> </a></td><td>不均等・１回目・９単位量</td></tr><tr><td style="white-space:nowrap">V61NNNNN<a name="jami-codeSystem-ePreOrderUsageAuxCode-V61NNNNN"> </a></td><td>不均等・１回目・１単位量</td></tr><tr><td style="white-space:nowrap">V62NNNNN<a name="jami-codeSystem-ePreOrderUsageAuxCode-V62NNNNN"> </a></td><td>不均等・１回目・２単位量</td></tr><tr><td style="white-space:nowrap">V63NNNNN<a name="jami-codeSystem-ePreOrderUsageAuxCode-V63NNNNN"> </a></td><td>不均等・１回目・３単位量</td></tr><tr><td style="white-space:nowrap">V64NNNNN<a name="jami-codeSystem-ePreOrderUsageAuxCode-V64NNNNN"> </a></td><td>不均等・１回目・４単位量</td></tr><tr><td style="white-space:nowrap">V65NNNNN<a name="jami-codeSystem-ePreOrderUsageAuxCode-V65NNNNN"> </a></td><td>不均等・１回目・５単位量</td></tr><tr><td style="white-space:nowrap">V66NNNNN<a name="jami-codeSystem-ePreOrderUsageAuxCode-V66NNNNN"> </a></td><td>不均等・１回目・６単位量</td></tr><tr><td style="white-space:nowrap">V67NNNNN<a name="jami-codeSystem-ePreOrderUsageAuxCode-V67NNNNN"> </a></td><td>不均等・１回目・７単位量</td></tr><tr><td style="white-space:nowrap">V68NNNNN<a name="jami-codeSystem-ePreOrderUsageAuxCode-V68NNNNN"> </a></td><td>不均等・１回目・８単位量</td></tr><tr><td style="white-space:nowrap">V69NNNNN<a name="jami-codeSystem-ePreOrderUsageAuxCode-V69NNNNN"> </a></td><td>不均等・１回目・９単位量</td></tr><tr><td style="white-space:nowrap">I1100000<a name="jami-codeSystem-ePreOrderUsageAuxCode-I1100000"> </a></td><td>隔日投与</td></tr><tr><td style="white-space:nowrap">W1100001<a name="jami-codeSystem-ePreOrderUsageAuxCode-W1100001"> </a></td><td>日曜日、月曜日</td></tr><tr><td style="white-space:nowrap">W0110000<a name="jami-codeSystem-ePreOrderUsageAuxCode-W0110000"> </a></td><td>月曜日、火曜日</td></tr><tr><td style="white-space:nowrap">W0101000<a name="jami-codeSystem-ePreOrderUsageAuxCode-W0101000"> </a></td><td>月曜日、水曜日</td></tr><tr><td style="white-space:nowrap">W0100100<a name="jami-codeSystem-ePreOrderUsageAuxCode-W0100100"> </a></td><td>月曜日、木曜日</td></tr><tr><td style="white-space:nowrap">W0100010<a name="jami-codeSystem-ePreOrderUsageAuxCode-W0100010"> </a></td><td>月曜日、金曜日</td></tr><tr><td style="white-space:nowrap">W0100001<a name="jami-codeSystem-ePreOrderUsageAuxCode-W0100001"> </a></td><td>月曜日、土曜日</td></tr><tr><td style="white-space:nowrap">W0010000<a name="jami-codeSystem-ePreOrderUsageAuxCode-W0010000"> </a></td><td>火曜日、水曜日</td></tr><tr><td style="white-space:nowrap">W0011000<a name="jami-codeSystem-ePreOrderUsageAuxCode-W0011000"> </a></td><td>火曜日、目曜日</td></tr><tr><td style="white-space:nowrap">W0000100<a name="jami-codeSystem-ePreOrderUsageAuxCode-W0000100"> </a></td><td>火曜日、木曜日</td></tr><tr><td style="white-space:nowrap">W0000010<a name="jami-codeSystem-ePreOrderUsageAuxCode-W0000010"> </a></td><td>火曜日、金曜日</td></tr><tr><td style="white-space:nowrap">W0000001<a name="jami-codeSystem-ePreOrderUsageAuxCode-W0000001"> </a></td><td>火曜日、土曜日</td></tr></table></div></text><url value="urn:oid:1.2.392.200250.2.2.20.22"/><version value="1.0.0"/><name value="JAMI_codeSystem_ePreOrderUsageAuxCode"/><status value="active"/><date value="2022-06-29T08:26:07+00:00"/><publisher value="KOhe"/><contact><name value="KOhe"/><telecom><system value="url"/><value value="http://jpfhir.jp"/></telecom></contact><description value="JAMI補足用法コード8桁"/><caseSensitive value="false"/><content value="complete"/><count value="66"/><concept><code value="V11NNNNN"/><display value="不均等・１回目・１単位量"/></concept><concept><code value="V12NNNNN"/><display value="不均等・１回目・２単位量"/></concept><concept><code value="V13NNNNN"/><display value="不均等・１回目・３単位量"/></concept><concept><code value="V14NNNNN"/><display value="不均等・１回目・４単位量"/></concept><concept><code value="V15NNNNN"/><display value="不均等・１回目・５単位量"/></concept><concept><code value="V16NNNNN"/><display value="不均等・１回目・６単位量"/></concept><concept><code value="V17NNNNN"/><display value="不均等・１回目・７単位量"/></concept><concept><code value="V18NNNNN"/><display value="不均等・１回目・８単位量"/></concept><concept><code value="V19NNNNN"/><display value="不均等・１回目・９単位量"/></concept><concept><code value="V21NNNNN"/><display value="不均等・１回目・１単位量"/></concept><concept><code value="V22NNNNN"/><display value="不均等・１回目・２単位量"/></concept><concept><code value="V23NNNNN"/><display value="不均等・１回目・３単位量"/></concept><concept><code value="V24NNNNN"/><display value="不均等・１回目・４単位量"/></concept><concept><code value="V25NNNNN"/><display value="不均等・１回目・５単位量"/></concept><concept><code value="V26NNNNN"/><display value="不均等・１回目・６単位量"/></concept><concept><code value="V27NNNNN"/><display value="不均等・１回目・７単位量"/></concept><concept><code value="V28NNNNN"/><display value="不均等・１回目・８単位量"/></concept><concept><code value="V29NNNNN"/><display value="不均等・１回目・９単位量"/></concept><concept><code value="V31NNNNN"/><display value="不均等・１回目・１単位量"/></concept><concept><code value="V32NNNNN"/><display value="不均等・１回目・２単位量"/></concept><concept><code value="V33NNNNN"/><display value="不均等・１回目・３単位量"/></concept><concept><code value="V34NNNNN"/><display value="不均等・１回目・４単位量"/></concept><concept><code value="V35NNNNN"/><display value="不均等・１回目・５単位量"/></concept><concept><code value="V36NNNNN"/><display value="不均等・１回目・６単位量"/></concept><concept><code value="V37NNNNN"/><display value="不均等・１回目・７単位量"/></concept><concept><code value="V38NNNNN"/><display value="不均等・１回目・８単位量"/></concept><concept><code value="V39NNNNN"/><display value="不均等・１回目・９単位量"/></concept><concept><code value="V41NNNNN"/><display value="不均等・１回目・１単位量"/></concept><concept><code value="V42NNNNN"/><display value="不均等・１回目・２単位量"/></concept><concept><code value="V43NNNNN"/><display value="不均等・１回目・３単位量"/></concept><concept><code value="V44NNNNN"/><display value="不均等・１回目・４単位量"/></concept><concept><code value="V45NNNNN"/><display value="不均等・１回目・５単位量"/></concept><concept><code value="V46NNNNN"/><display value="不均等・１回目・６単位量"/></concept><concept><code value="V47NNNNN"/><display value="不均等・１回目・７単位量"/></concept><concept><code value="V48NNNNN"/><display value="不均等・１回目・８単位量"/></concept><concept><code value="V49NNNNN"/><display value="不均等・１回目・９単位量"/></concept><concept><code value="V51NNNNN"/><display value="不均等・１回目・１単位量"/></concept><concept><code value="V52NNNNN"/><display value="不均等・１回目・２単位量"/></concept><concept><code value="V53NNNNN"/><display value="不均等・１回目・３単位量"/></concept><concept><code value="V54NNNNN"/><display value="不均等・１回目・４単位量"/></concept><concept><code value="V55NNNNN"/><display value="不均等・１回目・５単位量"/></concept><concept><code value="V56NNNNN"/><display value="不均等・１回目・６単位量"/></concept><concept><code value="V57NNNNN"/><display value="不均等・１回目・７単位量"/></concept><concept><code value="V58NNNNN"/><display value="不均等・１回目・８単位量"/></concept><concept><code value="V59NNNNN"/><display value="不均等・１回目・９単位量"/></concept><concept><code value="V61NNNNN"/><display value="不均等・１回目・１単位量"/></concept><concept><code value="V62NNNNN"/><display value="不均等・１回目・２単位量"/></concept><concept><code value="V63NNNNN"/><display value="不均等・１回目・３単位量"/></concept><concept><code value="V64NNNNN"/><display value="不均等・１回目・４単位量"/></concept><concept><code value="V65NNNNN"/><display value="不均等・１回目・５単位量"/></concept><concept><code value="V66NNNNN"/><display value="不均等・１回目・６単位量"/></concept><concept><code value="V67NNNNN"/><display value="不均等・１回目・７単位量"/></concept><concept><code value="V68NNNNN"/><display value="不均等・１回目・８単位量"/></concept><concept><code value="V69NNNNN"/><display value="不均等・１回目・９単位量"/></concept><concept><code value="I1100000"/><display value="隔日投与"/></concept><concept><code value="W1100001"/><display value="日曜日、月曜日"/></concept><concept><code value="W0110000"/><display value="月曜日、火曜日"/></concept><concept><code value="W0101000"/><display value="月曜日、水曜日"/></concept><concept><code value="W0100100"/><display value="月曜日、木曜日"/></concept><concept><code value="W0100010"/><display value="月曜日、金曜日"/></concept><concept><code value="W0100001"/><display value="月曜日、土曜日"/></concept><concept><code value="W0010000"/><display value="火曜日、水曜日"/></concept><concept><code value="W0011000"/><display value="火曜日、目曜日"/></concept><concept><code value="W0000100"/><display value="火曜日、木曜日"/></concept><concept><code value="W0000010"/><display value="火曜日、金曜日"/></concept><concept><code value="W0000001"/><display value="火曜日、土曜日"/></concept></CodeSystem>