<?xml version="1.0" encoding="UTF-8"?><CodeSystem xmlns="http://hl7.org/fhir"><id value="jp-codeSystem-insurerNumber"/><text><status value="generated"/><div xmlns="http://www.w3.org/1999/xhtml"><p>This code system urn:oid:1.2.392.100495.20.3.61 defines the following codes:</p><table class="codes"><tr><td style="white-space:nowrap"><b>Code</b></td><td><b>Display</b></td></tr><tr><td style="white-space:nowrap">06123456<a name="jp-codeSystem-insurerNumber-06123456"> </a></td><td>サンプル健康保険組合06123456</td></tr></table></div></text><url value="urn:oid:1.2.392.100495.20.3.61"/><version value="0.9.3"/><name value="JP_codeSystem_insurerNumber"/><status value="active"/><date value="2022-05-03T23:41:08+00:00"/><publisher value="KOhe"/><contact><name value="KOhe"/><telecom><system value="url"/><value value="http://jpfhir.jp"/></telecom></contact><description value="保険者番号"/><caseSensitive value="false"/><valueSet value="http://jpfhir.jp/fhir/Common/ValueSet/insurerNumber"/><content value="complete"/><count value="1"/><concept><code value="06123456"/><display value="サンプル健康保険組合06123456"/></concept></CodeSystem>