<?xml version="1.0" encoding="UTF-8"?><CodeSystem xmlns="http://hl7.org/fhir"><id value="jp-codeSystem-publicPyerNumber"/><text><status value="generated"/><div xmlns="http://www.w3.org/1999/xhtml"><p>This code system urn:oid:1.2.392.100495.20.3.71 defines the following codes:</p><table class="codes"><tr><td style="white-space:nowrap"><b>Code</b></td><td><b>Display</b></td></tr><tr><td style="white-space:nowrap">01234567<a name="jp-codeSystem-publicPyerNumber-01234567"> </a></td><td>サンプル公費負担者0123456</td></tr></table></div></text><url value="urn:oid:1.2.392.100495.20.3.71"/><version value="0.9.3"/><name value="JP_codeSystem_publicPyerNumber"/><status value="active"/><date value="2022-05-01T09:09:29+00:00"/><publisher value="KOhe"/><contact><name value="KOhe"/><telecom><system value="url"/><value value="http://jpfhir.jp"/></telecom></contact><description value="公費負担者番号"/><caseSensitive value="false"/><valueSet value="http://jpfhir.jp/fhir/Common/ValueSet/publicPyerNumber"/><content value="complete"/><count value="1"/><concept><code value="01234567"/><display value="サンプル公費負担者0123456"/></concept></CodeSystem>