<?xml version="1.0" encoding="UTF-8"?><ImplementationGuide xmlns="http://hl7.org/fhir"><id value="ePrescriptionData"/><text><status value="extensions"/><div xmlns="http://www.w3.org/1999/xhtml"><h2>JAMIePrescriptionDataImplementationGuide</h2><p>The official URL for this implementation guide is: </p><pre>http://jpfhir.jp/fhir/ePrescriptionData/ImplementationGuide/ePrescriptionData</pre><div><p>JAMI ePrescriptionData ImplementationGuide</p>
</div></div></text><url value="http://jpfhir.jp/fhir/ePrescriptionData/ImplementationGuide/ePrescriptionData"/><version value="1.0.0"/><name value="JAMIePrescriptionDataImplementationGuide"/><title value="JAMI ePrescriptionData ImplementationGuide"/><status value="draft"/><date value="2022-05-20T02:53:22+00:00"/><publisher value="KOhe"/><contact><name value="KOhe"/><telecom><system value="url"/><value value="http://jpfhir.jp"/></telecom></contact><description value="JAMI ePrescriptionData ImplementationGuide"/><packageId value="ePrescriptionData"/><license value="CC0-1.0"/><fhirVersion value="4.0.1"/><dependsOn id="hl7tx"><uri value="http://terminology.hl7.org/ImplementationGuide/hl7.terminology"/><packageId value="hl7.terminology.r4"/><version value="3.1.0"/></dependsOn><dependsOn id="jp_core_draft1"><uri value="http://jpfhir.jp/fhir/core/ImplementationGuide/jp-core.draft1"/><packageId value="jp-core.draft1"/><version value="1.1.0-beta"/></dependsOn><definition><extension url="http://hl7.org/fhir/tools/StructureDefinition/ig-parameter"><extension url="code"><valueString value="copyrightyear"/></extension><extension url="value"><valueString value="2022+"/></extension></extension><extension url="http://hl7.org/fhir/tools/StructureDefinition/ig-parameter"><extension url="code"><valueString value="releaselabel"/></extension><extension url="value"><valueString value="ci-build"/></extension></extension><extension url="http://hl7.org/fhir/tools/StructureDefinition/ig-parameter"><extension url="code"><valueString value="path-expansion-params"/></extension><extension url="value"><valueString value="../../input/_resources/exp-params.json"/></extension></extension><extension url="http://hl7.org/fhir/tools/StructureDefinition/ig-parameter"><extension url="code"><valueString value="active-tables"/></extension><extension url="value"><valueString value="false"/></extension></extension><extension url="http://hl7.org/fhir/tools/StructureDefinition/ig-parameter"><extension url="code"><valueString value="apply-version"/></extension><extension url="value"><valueString value="true"/></extension></extension><extension url="http://hl7.org/fhir/tools/StructureDefinition/ig-parameter"><extension url="code"><valueString value="apply-copyright"/></extension><extension url="value"><valueString value="true"/></extension></extension><extension url="http://hl7.org/fhir/tools/StructureDefinition/ig-parameter"><extension url="code"><valueString value="apply-publisher"/></extension><extension url="value"><valueString value="true"/></extension></extension><extension url="http://hl7.org/fhir/tools/StructureDefinition/ig-parameter"><extension url="code"><valueString value="apply-contact"/></extension><extension url="value"><valueString value="true"/></extension></extension><extension url="http://hl7.org/fhir/tools/StructureDefinition/ig-parameter"><extension url="code"><valueString value="apply-licese"/></extension><extension url="value"><valueString value="true"/></extension></extension><extension url="http://hl7.org/fhir/tools/StructureDefinition/ig-parameter"><extension url="code"><valueString value="apply-jurisdiction"/></extension><extension url="value"><valueString value="true"/></extension></extension><extension url="http://hl7.org/fhir/tools/StructureDefinition/ig-parameter"><extension url="code"><valueString value="show-inherited-invariants"/></extension><extension url="value"><valueString value="true"/></extension></extension><extension url="http://hl7.org/fhir/tools/StructureDefinition/ig-parameter"><extension url="code"><valueString value="usage-stats-opt-out"/></extension><extension url="value"><valueString value="true"/></extension></extension><extension url="http://hl7.org/fhir/tools/StructureDefinition/ig-parameter"><extension url="code"><valueString value="excludexml"/></extension><extension url="value"><valueString value="true"/></extension></extension><extension url="http://hl7.org/fhir/tools/StructureDefinition/ig-parameter"><extension url="code"><valueString value="excludejsn"/></extension><extension url="value"><valueString value="false"/></extension></extension><extension url="http://hl7.org/fhir/tools/StructureDefinition/ig-parameter"><extension url="code"><valueString value="excludettl"/></extension><extension url="value"><valueString value="true"/></extension></extension><extension url="http://hl7.org/fhir/tools/StructureDefinition/ig-parameter"><extension url="code"><valueString value="excludemap"/></extension><extension url="value"><valueString value="true"/></extension></extension><extension url="http://hl7.org/fhir/tools/StructureDefinition/ig-parameter"><extension url="code"><valueString value="excludeexample"/></extension><extension url="value"><valueString value="false"/></extension></extension><extension url="http://hl7.org/fhir/tools/StructureDefinition/ig-parameter"><extension url="code"><valueString value="generate"/></extension><extension url="value"><valueString value="json"/></extension></extension><extension url="http://hl7.org/fhir/tools/StructureDefinition/ig-parameter"><extension url="code"><valueString value="autoload-resources"/></extension><extension url="value"><valueString value="true"/></extension></extension><extension url="http://hl7.org/fhir/tools/StructureDefinition/ig-parameter"><extension url="code"><valueString value="path-liquid"/></extension><extension url="value"><valueString value="template/liquid"/></extension></extension><extension url="http://hl7.org/fhir/tools/StructureDefinition/ig-parameter"><extension url="code"><valueString value="path-liquid"/></extension><extension url="value"><valueString value="input/liquid"/></extension></extension><extension url="http://hl7.org/fhir/tools/StructureDefinition/ig-parameter"><extension url="code"><valueString value="path-qa"/></extension><extension url="value"><valueString value="temp/qa"/></extension></extension><extension url="http://hl7.org/fhir/tools/StructureDefinition/ig-parameter"><extension url="code"><valueString value="path-temp"/></extension><extension url="value"><valueString value="temp/pages"/></extension></extension><extension url="http://hl7.org/fhir/tools/StructureDefinition/ig-parameter"><extension url="code"><valueString value="path-output"/></extension><extension url="value"><valueString value="output"/></extension></extension><extension url="http://hl7.org/fhir/tools/StructureDefinition/ig-parameter"><extension url="code"><valueString value="path-suppressed-warnings"/></extension><extension url="value"><valueString value="input/ignoreWarnings.txt"/></extension></extension><extension url="http://hl7.org/fhir/tools/StructureDefinition/ig-parameter"><extension url="code"><valueString value="path-history"/></extension><extension url="value"><valueString value="http://jpfhir.jp/fhir/ePrescriptionData/history.html"/></extension></extension><extension url="http://hl7.org/fhir/tools/StructureDefinition/ig-parameter"><extension url="code"><valueString value="template-html"/></extension><extension url="value"><valueString value="template-page.html"/></extension></extension><extension url="http://hl7.org/fhir/tools/StructureDefinition/ig-parameter"><extension url="code"><valueString value="template-md"/></extension><extension url="value"><valueString value="template-page-md.html"/></extension></extension><extension url="http://hl7.org/fhir/tools/StructureDefinition/ig-parameter"><extension url="code"><valueString value="apply-context"/></extension><extension url="value"><valueString value="true"/></extension></extension><extension url="http://hl7.org/fhir/tools/StructureDefinition/ig-parameter"><extension url="code"><valueString value="apply-license"/></extension><extension url="value"><valueString value="true"/></extension></extension><extension url="http://hl7.org/fhir/tools/StructureDefinition/ig-parameter"><extension url="code"><valueString value="fmm-definition"/></extension><extension url="value"><valueString value="http://hl7.org/fhir/versions.html#maturity"/></extension></extension><extension url="http://hl7.org/fhir/tools/StructureDefinition/ig-parameter"><extension url="code"><valueString value="propagate-status"/></extension><extension url="value"><valueString value="true"/></extension></extension><extension url="http://hl7.org/fhir/tools/StructureDefinition/ig-parameter"><extension url="code"><valueString value="excludelogbinaryformat"/></extension><extension url="value"><valueString value="true"/></extension></extension><grouping id="-str-profile"><name value="Structures: Resource Profiles"/><description value="These define constraints on FHIR resources for systems conforming to this implementation guide"/></grouping><grouping id="-str-extension"><name value="Structures: Extension Definitions"/><description value="These define constraints on FHIR data types for systems conforming to this implementation guide"/></grouping><grouping id="-term-valueset"><name value="Terminology: Value Sets"/><description value="These define sets of codes used by systems conforming to this implementation guide"/></grouping><grouping id="-term-codesystem"><name value="Terminology: Code Systems"/><description value="These define new code systems used by systems conforming to this implementation guide"/></grouping><grouping id="-ex-example"><name value="Example: Example Instances"/><description value="These are example instances that show what data produced and consumed by systems conforming with this implementation guide might look like"/></grouping><resource><extension url="http://hl7.org/fhir/StructureDefinition/implementationguide-page"><valueUri value="StructureDefinition-JP-Bundle-CCLIX.html"/></extension><reference><reference value="StructureDefinition/JP-Bundle-CCLIX"/></reference><name value="JP_Bundle_CCLIX"/><description value="医療情報交換のために使用される診療関連の文書形式の情報を記述するためのBundleリソースの共通プロファイル。&#xA;このリソースのインスタンスだけで、必要な参照情報はすべて包含され、外部のリソースインスタンスへの外部参照を持たないため作成した医療機関を超えた情報交換に使用できる。"/><exampleBoolean value="false"/><groupingId value="-str-profile"/></resource><resource><extension url="http://hl7.org/fhir/StructureDefinition/implementationguide-page"><valueUri value="StructureDefinition-JP-Bundle-ePrescriptionData.html"/></extension><reference><reference value="StructureDefinition/JP-Bundle-ePrescriptionData"/></reference><name value="JP_Bundle_ePrescriptionData"/><description value="処方情報のBundle Documentのプロファル。分割処方は別の分割情報処方用プロファイルを使用すること。"/><exampleBoolean value="false"/><groupingId value="-str-profile"/></resource><resource><extension url="http://hl7.org/fhir/StructureDefinition/implementationguide-page"><valueUri value="StructureDefinition-JP-Communication.html"/></extension><reference><reference value="StructureDefinition/JP-Communication"/></reference><name value="JP_Communication"/><description value="備考等での伝達情報　JP Core V1には含まれない"/><exampleBoolean value="false"/><groupingId value="-str-profile"/></resource><resource><extension url="http://hl7.org/fhir/StructureDefinition/implementationguide-page"><valueUri value="StructureDefinition-JP-Communication-ePrescriptionData.html"/></extension><reference><reference value="StructureDefinition/JP-Communication-ePrescriptionData"/></reference><name value="JP_Communication_ePrescriptionData"/><description value="処方の全体での備考等情報　JP_Communicationの派生プロファイル"/><exampleBoolean value="false"/><groupingId value="-str-profile"/></resource><resource><extension url="http://hl7.org/fhir/StructureDefinition/implementationguide-page"><valueUri value="StructureDefinition-JP-Composition-ePrescriptionData.html"/></extension><reference><reference value="StructureDefinition/JP-Composition-ePrescriptionData"/></reference><name value="JP_Composition_ePrescriptionData"/><description value="処方情報のリソース構成情報と文書日付に関するCompositionの派生プロファイル"/><exampleBoolean value="false"/><groupingId value="-str-profile"/></resource><resource><extension url="http://hl7.org/fhir/StructureDefinition/implementationguide-page"><valueUri value="StructureDefinition-JP-Coverage-ePrescriptionData-insurance.html"/></extension><reference><reference value="StructureDefinition/JP-Coverage-ePrescriptionData-insurance"/></reference><name value="JP_Coverage_ePrescriptionData_insurance"/><description value="処方の保険情報　Coverageリソースプロファイル　JP_Coverageの派生プロファイル"/><exampleBoolean value="false"/><groupingId value="-str-profile"/></resource><resource><extension url="http://hl7.org/fhir/StructureDefinition/implementationguide-page"><valueUri value="StructureDefinition-JP-Coverage-ePrescriptionData-publicPayment.html"/></extension><reference><reference value="StructureDefinition/JP-Coverage-ePrescriptionData-publicPayment"/></reference><name value="JP_Coverage_ePrescriptionData_publicPayment"/><description value="処方の公費負担情報　JP_Coverageの派生プロファイル"/><exampleBoolean value="false"/><groupingId value="-str-profile"/></resource><resource><extension url="http://hl7.org/fhir/StructureDefinition/implementationguide-page"><valueUri value="StructureDefinition-JP-Encounter-ePrescriptionData.html"/></extension><reference><reference value="StructureDefinition/JP-Encounter-ePrescriptionData"/></reference><name value="JP_Encounter_ePrescriptionData"/><description value="処方発行時の入退院受診情報などEncouter情報　JP_Encounterの派生プロファイル"/><exampleBoolean value="false"/><groupingId value="-str-profile"/></resource><resource><extension url="http://hl7.org/fhir/StructureDefinition/implementationguide-page"><valueUri value="StructureDefinition-JP-MedicationRequest-ePrescriptionData.html"/></extension><reference><reference value="StructureDefinition/JP-MedicationRequest-ePrescriptionData"/></reference><name value="JP_MedicationRequest_ePrescriptionData"/><description value="処方オーダ情報　JP_MedicationRequestの派生プロファイル"/><exampleBoolean value="false"/><groupingId value="-str-profile"/></resource><resource><extension url="http://hl7.org/fhir/StructureDefinition/implementationguide-page"><valueUri value="StructureDefinition-JP-Organization-ePrescriptionData-coveragePayer.html"/></extension><reference><reference value="StructureDefinition/JP-Organization-ePrescriptionData-coveragePayer"/></reference><name value="JP_Organization_ePrescriptionData_coveragePayer"/><description value="処方に適用される保険の保険者または公費の公費受給者　JP_Organizationの派生プロファイル"/><exampleBoolean value="false"/><groupingId value="-str-profile"/></resource><resource><extension url="http://hl7.org/fhir/StructureDefinition/implementationguide-page"><valueUri value="StructureDefinition-JP-Organization-ePrescriptionData-departmentOfIssuer.html"/></extension><reference><reference value="StructureDefinition/JP-Organization-ePrescriptionData-departmentOfIssuer"/></reference><name value="JP_Organization_ePrescriptionData_departmentOfIssuer"/><description value="処方を発行した医療機関の診療科情報　JP_Organizationの派生プロファイル"/><exampleBoolean value="false"/><groupingId value="-str-profile"/></resource><resource><extension url="http://hl7.org/fhir/StructureDefinition/implementationguide-page"><valueUri value="StructureDefinition-JP-Organization-ePrescriptionData-issuer.html"/></extension><reference><reference value="StructureDefinition/JP-Organization-ePrescriptionData-issuer"/></reference><name value="JP_Organization_ePrescriptionData_issuer"/><description value="処方を発行した医療機関の情報　JP_Organizationの派生プロファイル"/><exampleBoolean value="false"/><groupingId value="-str-profile"/></resource><resource><extension url="http://hl7.org/fhir/StructureDefinition/implementationguide-page"><valueUri value="StructureDefinition-JP-Patient-CCLIX.html"/></extension><reference><reference value="StructureDefinition/JP-Patient-CCLIX"/></reference><name value="JP_Patient_CCLIX"/><description value="診療情報交換に共通の患者情報プロファイル　JP_Patientの派生プロファイル"/><exampleBoolean value="false"/><groupingId value="-str-profile"/></resource><resource><extension url="http://hl7.org/fhir/StructureDefinition/implementationguide-page"><valueUri value="StructureDefinition-JP-Patient-ePrescriptionData.html"/></extension><reference><reference value="StructureDefinition/JP-Patient-ePrescriptionData"/></reference><name value="JP_Patient_ePrescriptionData"/><description value="処方情報の対象患者のPatientプロファイル　JP_Patientの派生プロファイル"/><exampleBoolean value="false"/><groupingId value="-str-profile"/></resource><resource><extension url="http://hl7.org/fhir/StructureDefinition/implementationguide-page"><valueUri value="StructureDefinition-JP-PractitionerRole-ePrescriptionData-author.html"/></extension><reference><reference value="StructureDefinition/JP-PractitionerRole-ePrescriptionData-author"/></reference><name value="JP_PractitionerRole_ePrescriptionData_author"/><description value="処方を発行した医療者の資格情報　JP_PractitionerRole の派生プロファイル"/><exampleBoolean value="false"/><groupingId value="-str-profile"/></resource><resource><extension url="http://hl7.org/fhir/StructureDefinition/implementationguide-page"><valueUri value="StructureDefinition-JP-Practitioner-ePrescriptionData-author.html"/></extension><reference><reference value="StructureDefinition/JP-Practitioner-ePrescriptionData-author"/></reference><name value="JP_Practitioner_ePrescriptionData_author"/><description value="処方を作成した医師情報　JP_Practitionerの派生プロファイル"/><exampleBoolean value="false"/><groupingId value="-str-profile"/></resource><resource><extension url="http://hl7.org/fhir/StructureDefinition/implementationguide-page"><valueUri value="StructureDefinition-JP-Communication-CommunicationContent.html"/></extension><reference><reference value="StructureDefinition/JP-Communication-CommunicationContent"/></reference><name value="JP_Communication_CommunicationContent"/><description value="処方箋備考情報のための拡張プロファイル"/><exampleBoolean value="false"/><groupingId value="-str-extension"/></resource><resource><extension url="http://hl7.org/fhir/StructureDefinition/implementationguide-page"><valueUri value="StructureDefinition-jp-medicationrequest-dispenserequest-instructionfordispense.html"/></extension><reference><reference value="StructureDefinition/jp-medicationrequest-dispenserequest-instructionfordispense"/></reference><name value="JP Core MedicationRequest DispenseRequest InstructionForDispense Extension"/><description value="調剤指示。薬剤単位の調剤指示を表現するための拡張"/><exampleBoolean value="false"/><groupingId value="-str-extension"/></resource><resource><extension url="http://hl7.org/fhir/StructureDefinition/implementationguide-page"><valueUri value="ValueSet-jami-valueSet-ePreDispenseInstruction.html"/></extension><reference><reference value="ValueSet/jami-valueSet-ePreDispenseInstruction"/></reference><name value="JAMI_valueSet_ePreDispenseInstruction"/><description value="調剤指示コード（備考欄）"/><exampleBoolean value="false"/><groupingId value="-term-valueset"/></resource><resource><extension url="http://hl7.org/fhir/StructureDefinition/implementationguide-page"><valueUri value="ValueSet-jami-valueSet-ePreOrderUsageCode-16digits.html"/></extension><reference><reference value="ValueSet/jami-valueSet-ePreOrderUsageCode-16digits"/></reference><name value="JAMI_valueSet_ePreOrderUsageCode_16digits"/><description value="JAMI16桁用法コード"/><exampleBoolean value="false"/><groupingId value="-term-valueset"/></resource><resource><extension url="http://hl7.org/fhir/StructureDefinition/implementationguide-page"><valueUri value="ValueSet-jp-valueSet-documentTypeCode.html"/></extension><reference><reference value="ValueSet/jp-valueSet-documentTypeCode"/></reference><name value="doc-typecodes"/><description value="FHIR文書の文書区分（医療文書全般）"/><exampleBoolean value="false"/><groupingId value="-term-valueset"/></resource><resource><extension url="http://hl7.org/fhir/StructureDefinition/implementationguide-page"><valueUri value="ValueSet-jp-valueSet-drugCode-gs1-14.html"/></extension><reference><reference value="ValueSet/jp-valueSet-drugCode-gs1-14"/></reference><name value="JP_valueSet_drugCode_gs1_14"/><description value="医薬品コードGTIN 14桁"/><exampleBoolean value="false"/><groupingId value="-term-valueset"/></resource><resource><extension url="http://hl7.org/fhir/StructureDefinition/implementationguide-page"><valueUri value="ValueSet-jp-valueSet-drugCode-hot9.html"/></extension><reference><reference value="ValueSet/jp-valueSet-drugCode-hot9"/></reference><name value="JP_valueSet_drugCode_hot9"/><description value="MEDIS 医薬品コードHOTコード（9桁）"/><exampleBoolean value="false"/><groupingId value="-term-valueset"/></resource><resource><extension url="http://hl7.org/fhir/StructureDefinition/implementationguide-page"><valueUri value="ValueSet-jp-valueSet-drugCode-yj.html"/></extension><reference><reference value="ValueSet/jp-valueSet-drugCode-yj"/></reference><name value="JP_valueSet_drugCode_yj"/><description value="医薬品コード（YJコード）"/><exampleBoolean value="false"/><groupingId value="-term-valueset"/></resource><resource><extension url="http://hl7.org/fhir/StructureDefinition/implementationguide-page"><valueUri value="ValueSet-mhlw-valueSet-drugCode-generalNameCode.html"/></extension><reference><reference value="ValueSet/mhlw-valueSet-drugCode-generalNameCode"/></reference><name value="MHLW_valueSet_drugCode_generalNameCode"/><description value="厚労省一般処方名マスター(厚労省保険局コード)"/><exampleBoolean value="false"/><groupingId value="-term-valueset"/></resource><resource><extension url="http://hl7.org/fhir/StructureDefinition/implementationguide-page"><valueUri value="ValueSet-mhlw-valueSet-ePreCDA-insuranceCategory-tbl11.html"/></extension><reference><reference value="ValueSet/mhlw-valueSet-ePreCDA-insuranceCategory-tbl11"/></reference><name value="MHLW_valueSet_ePreCDA_insuranceCategory_tbl11"/><description value="厚労省電子処方CDA規格別表11 保険種別コード"/><exampleBoolean value="false"/><groupingId value="-term-valueset"/></resource><resource><extension url="http://hl7.org/fhir/StructureDefinition/implementationguide-page"><valueUri value="CodeSystem-jami-codeSystem-ePreBasicUsageMethod-OneDigit.html"/></extension><reference><reference value="CodeSystem/jami-codeSystem-ePreBasicUsageMethod-OneDigit"/></reference><name value="JAMI_codeSystem_ePreBasicUsageMethod_OneDigit"/><description value="JAMI標準基本用法区分コード1桁"/><exampleBoolean value="false"/><groupingId value="-term-codesystem"/></resource><resource><extension url="http://hl7.org/fhir/StructureDefinition/implementationguide-page"><valueUri value="CodeSystem-jami-codeSystem-ePreDetailUsageMethod-TwoDigits.html"/></extension><reference><reference value="CodeSystem/jami-codeSystem-ePreDetailUsageMethod-TwoDigits"/></reference><name value="JAMI_codeSystem_ePreDetailUsageMethod_TwoDigits"/><description value="JAMI標準投与方法区分コード2桁"/><exampleBoolean value="false"/><groupingId value="-term-codesystem"/></resource><resource><extension url="http://hl7.org/fhir/StructureDefinition/implementationguide-page"><valueUri value="CodeSystem-jami-codeSystem-ePreDispenseInstruction.html"/></extension><reference><reference value="CodeSystem/jami-codeSystem-ePreDispenseInstruction"/></reference><name value="JAMI_codeSystem_ePreDispenseInstruction"/><description value="調剤指示コード（備考欄）"/><exampleBoolean value="false"/><groupingId value="-term-codesystem"/></resource><resource><extension url="http://hl7.org/fhir/StructureDefinition/implementationguide-page"><valueUri value="CodeSystem-jami-codeSystem-ePreOrderUsageAuxCode.html"/></extension><reference><reference value="CodeSystem/jami-codeSystem-ePreOrderUsageAuxCode"/></reference><name value="JAMI_codeSystem_ePreOrderUsageAuxCode"/><description value="JAMI補足用法コード8桁"/><exampleBoolean value="false"/><groupingId value="-term-codesystem"/></resource><resource><extension url="http://hl7.org/fhir/StructureDefinition/implementationguide-page"><valueUri value="CodeSystem-jami-codeSystem-ePreSiteCode.html"/></extension><reference><reference value="CodeSystem/jami-codeSystem-ePreSiteCode"/></reference><name value="JAMI_codeSystem_ePreSiteCode"/><description value="JAMI標準用法部位コード（３桁）"/><exampleBoolean value="false"/><groupingId value="-term-codesystem"/></resource><resource><extension url="http://hl7.org/fhir/StructureDefinition/implementationguide-page"><valueUri value="CodeSystem-jami-codeSystem-ePreUsageRoute.html"/></extension><reference><reference value="CodeSystem/jami-codeSystem-ePreUsageRoute"/></reference><name value="JAMI_codeSystem_ePreUsageRoute"/><description value="HL7医薬品投与経路コード（JAHIS 使用者定義表 0162 投薬経路）"/><exampleBoolean value="false"/><groupingId value="-term-codesystem"/></resource><resource><extension url="http://hl7.org/fhir/StructureDefinition/implementationguide-page"><valueUri value="CodeSystem-jp-codeSystem-documentTypeCode.html"/></extension><reference><reference value="CodeSystem/jp-codeSystem-documentTypeCode"/></reference><name value="JP_codeSystem_documentTypeCode"/><description value="FHIR文書の文書区分（医療文書全般）"/><exampleBoolean value="false"/><groupingId value="-term-codesystem"/></resource><resource><extension url="http://hl7.org/fhir/StructureDefinition/implementationguide-page"><valueUri value="CodeSystem-jp-codeSystem-ePreCommunication-category.html"/></extension><reference><reference value="CodeSystem/jp-codeSystem-ePreCommunication-category"/></reference><name value="JP_codeSystem_ePreCommunication_category"/><description value="処方箋備考区分"/><exampleBoolean value="false"/><groupingId value="-term-codesystem"/></resource><resource><extension url="http://hl7.org/fhir/StructureDefinition/implementationguide-page"><valueUri value="CodeSystem-jp-codeSystem-ePrescription-section.html"/></extension><reference><reference value="CodeSystem/jp-codeSystem-ePrescription-section"/></reference><name value="JP_codeSystem_ePrescription_section"/><description value="処方セクション区分コード"/><exampleBoolean value="false"/><groupingId value="-term-codesystem"/></resource><resource><extension url="http://hl7.org/fhir/StructureDefinition/implementationguide-page"><valueUri value="CodeSystem-jp-codeSystem-insurerNumber.html"/></extension><reference><reference value="CodeSystem/jp-codeSystem-insurerNumber"/></reference><name value="JP_codeSystem_insurerNumber"/><description value="保険者番号"/><exampleBoolean value="false"/><groupingId value="-term-codesystem"/></resource><resource><extension url="http://hl7.org/fhir/StructureDefinition/implementationguide-page"><valueUri value="CodeSystem-jp-codeSystem-practitioner-certificate-category.html"/></extension><reference><reference value="CodeSystem/jp-codeSystem-practitioner-certificate-category"/></reference><name value="JP_codeSystem_practitioner_certificate_category"/><description value="医療従事者資格種別"/><exampleBoolean value="false"/><groupingId value="-term-codesystem"/></resource><resource><extension url="http://hl7.org/fhir/StructureDefinition/implementationguide-page"><valueUri value="CodeSystem-jp-codeSystem-practitioner-role-category.html"/></extension><reference><reference value="CodeSystem/jp-codeSystem-practitioner-role-category"/></reference><name value="JP_codeSystem_practitioner_role_category"/><description value="医療者役割コード(処方)"/><exampleBoolean value="false"/><groupingId value="-term-codesystem"/></resource><resource><extension url="http://hl7.org/fhir/StructureDefinition/implementationguide-page"><valueUri value="CodeSystem-jp-codeSystem-prefectureNumber.html"/></extension><reference><reference value="CodeSystem/jp-codeSystem-prefectureNumber"/></reference><name value="JP_codeSystem_prefectureNumber"/><description value="都道府県番号"/><exampleBoolean value="false"/><groupingId value="-term-codesystem"/></resource><resource><extension url="http://hl7.org/fhir/StructureDefinition/implementationguide-page"><valueUri value="CodeSystem-jp-codeSystem-prescription-category.html"/></extension><reference><reference value="CodeSystem/jp-codeSystem-prescription-category"/></reference><name value="JP_codeSystem_prescription_category"/><description value="処方箋区分コード　（01:一般処方箋、02:麻薬処方箋、03:分割一般処方）"/><exampleBoolean value="false"/><groupingId value="-term-codesystem"/></resource><resource><extension url="http://hl7.org/fhir/StructureDefinition/implementationguide-page"><valueUri value="CodeSystem-jp-codeSystem-publicPyerNumber.html"/></extension><reference><reference value="CodeSystem/jp-codeSystem-publicPyerNumber"/></reference><name value="JP_codeSystem_publicPyerNumber"/><description value="公費負担者番号"/><exampleBoolean value="false"/><groupingId value="-term-codesystem"/></resource><resource><extension url="http://hl7.org/fhir/StructureDefinition/implementationguide-page"><valueUri value="CodeSystem-mhlw-codeSystem-claimOrganizationCategory-tbl22.html"/></extension><reference><reference value="CodeSystem/mhlw-codeSystem-claimOrganizationCategory-tbl22"/></reference><name value="MHLW_codeSystem_claimOrganizationCategory_tbl22"/><description value="厚労省電子処方CDA規格別別表２２ 点数表番号"/><exampleBoolean value="false"/><groupingId value="-term-codesystem"/></resource><resource><extension url="http://hl7.org/fhir/StructureDefinition/implementationguide-page"><valueUri value="CodeSystem-mhlw-codeSystem-claimOrganizationNo7digits-tbl23.html"/></extension><reference><reference value="CodeSystem/mhlw-codeSystem-claimOrganizationNo7digits-tbl23"/></reference><name value="MHLW_codeSystem_claimOrganizationNo7digits_tbl23"/><description value="厚労省電子処方CDA規格別別表２３ 保険医療機関番号（7桁）"/><exampleBoolean value="false"/><groupingId value="-term-codesystem"/></resource><resource><extension url="http://hl7.org/fhir/StructureDefinition/implementationguide-page"><valueUri value="CodeSystem-mhlw-codeSystem-drugUnitAbbr-tbl20.html"/></extension><reference><reference value="CodeSystem/mhlw-codeSystem-drugUnitAbbr-tbl20"/></reference><name value="MHLW_codeSystem_drugUnitAbbr_tbl20"/><description value="厚労省電子処方CDA規格別表２０&#x9;医薬品単位略号"/><exampleBoolean value="false"/><groupingId value="-term-codesystem"/></resource><resource><extension url="http://hl7.org/fhir/StructureDefinition/implementationguide-page"><valueUri value="CodeSystem-mhlw-codeSystem-ePreCDA-clinicalDepartment-tbl10.html"/></extension><reference><reference value="CodeSystem/mhlw-codeSystem-ePreCDA-clinicalDepartment-tbl10"/></reference><name value="MHLW_codeSystem_ePreCDA_clinicalDepartment_tbl10"/><description value="厚労省電子処方CDA規格別表10 診療科コード"/><exampleBoolean value="false"/><groupingId value="-term-codesystem"/></resource><resource><extension url="http://hl7.org/fhir/StructureDefinition/implementationguide-page"><valueUri value="CodeSystem-mhlw-codeSystem-ePreCDA-documentCategory-tbl011.html"/></extension><reference><reference value="CodeSystem/mhlw-codeSystem-ePreCDA-documentCategory-tbl011"/></reference><name value="MHLW_codeSystem_ePreCDA_documentCategory_tbl01"/><description value="厚労省電子処方CDA規格別表１ 文書区分コード"/><exampleBoolean value="false"/><groupingId value="-term-codesystem"/></resource><resource><extension url="http://hl7.org/fhir/StructureDefinition/implementationguide-page"><valueUri value="CodeSystem-mhlw-codeSystem-ePreCDA-drugDosageStrength-tbl04.html"/></extension><reference><reference value="CodeSystem/mhlw-codeSystem-ePreCDA-drugDosageStrength-tbl04"/></reference><name value="MHLW_codeSystem_ePreCDA_drugDosageStrength_tbl04"/><description value="厚労省電子処方CDA規格別表4 力価区分コード"/><exampleBoolean value="false"/><groupingId value="-term-codesystem"/></resource><resource><extension url="http://hl7.org/fhir/StructureDefinition/implementationguide-page"><valueUri value="CodeSystem-mhlw-codeSystem-ePreCDA-drugUsageForm-tbl03.html"/></extension><reference><reference value="CodeSystem/mhlw-codeSystem-ePreCDA-drugUsageForm-tbl03"/></reference><name value="MHLW_codeSystem_ePreCDA_drugsageForm_tbl03"/><description value="厚労省電子処方CDA規格別表3  剤形区分コード"/><exampleBoolean value="false"/><groupingId value="-term-codesystem"/></resource><resource><extension url="http://hl7.org/fhir/StructureDefinition/implementationguide-page"><valueUri value="CodeSystem-mhlw-codeSystem-ePreCDA-instructionResidual-tbl09.html"/></extension><reference><reference value="CodeSystem/mhlw-codeSystem-ePreCDA-instructionResidual-tbl09"/></reference><name value="MHLW_codeSystem_ePreCDA_instructionResidual_tbl09"/><description value="厚労省電子処方CDA規格別表9 残薬確認指示コード"/><exampleBoolean value="false"/><groupingId value="-term-codesystem"/></resource><resource><extension url="http://hl7.org/fhir/StructureDefinition/implementationguide-page"><valueUri value="CodeSystem-mhlw-codeSystem-ePreCDA-insuranceCategory-tbl11.html"/></extension><reference><reference value="CodeSystem/mhlw-codeSystem-ePreCDA-insuranceCategory-tbl11"/></reference><name value="MHLW_codeSystem_ePreCDA_insuranceCategory_tbl11"/><description value="厚労省電子処方CDA規格別表11 保険種別コード"/><exampleBoolean value="false"/><groupingId value="-term-codesystem"/></resource><resource><extension url="http://hl7.org/fhir/StructureDefinition/implementationguide-page"><valueUri value="CodeSystem-mhlw-codeSystem-ePreCDA-insuredCoPayCategory-tbl13.html"/></extension><reference><reference value="CodeSystem/mhlw-codeSystem-ePreCDA-insuredCoPayCategory-tbl13"/></reference><name value="MHLW_codeSystem_ePreCDA_insuredCoPayCategory_tbl13"/><description value="厚労省電子処方CDA規格別表13 患者一部負担コード"/><exampleBoolean value="false"/><groupingId value="-term-codesystem"/></resource><resource><extension url="http://hl7.org/fhir/StructureDefinition/implementationguide-page"><valueUri value="CodeSystem-mhlw-codeSystem-ePreCDA-insuredRelationship-tbl12.html"/></extension><reference><reference value="CodeSystem/mhlw-codeSystem-ePreCDA-insuredRelationship-tbl12"/></reference><name value="MHLW_codeSystem_ePreCDA_insuredRelationship_tbl12"/><description value="厚労省電子処方CDA規格別表12 被保険者区分コード"/><exampleBoolean value="false"/><groupingId value="-term-codesystem"/></resource><resource><extension url="http://hl7.org/fhir/StructureDefinition/implementationguide-page"><valueUri value="CodeSystem-mhlw-codeSystem-ePreCDA-sectionCategory-tbl02.html"/></extension><reference><reference value="CodeSystem/mhlw-codeSystem-ePreCDA-sectionCategory-tbl02"/></reference><name value="MHLW_codeSystem_ePreCDA_sectionCategory_tbl02"/><description value="厚労省電子処方CDA規格別表2 セクション区分コード"/><exampleBoolean value="false"/><groupingId value="-term-codesystem"/></resource><resource><extension url="http://hl7.org/fhir/StructureDefinition/implementationguide-page"><valueUri value="CodeSystem-mhlw-codeSystem-ePreCDA-unable2Change2Generic-tbl08.html"/></extension><reference><reference value="CodeSystem/mhlw-codeSystem-ePreCDA-unable2Change2Generic-tbl08"/></reference><name value="MHLW_codeSystem_ePreCDA_unable2Change2Generic_tbl08"/><description value="厚労省電子処方CDA規格別表8 後発品変更不可コード"/><exampleBoolean value="false"/><groupingId value="-term-codesystem"/></resource><resource><extension url="http://hl7.org/fhir/StructureDefinition/implementationguide-page"><valueUri value="Bundle-Bundle-for-JP-MedReq-ePreData-Example01.html"/></extension><reference><reference value="Bundle/Bundle-for-JP-MedReq-ePreData-Example01"/></reference><name value="Bundle-for-JP-MedReq-ePreData-Example01"/><description value="処方Bundleのインスタンス例"/><exampleCanonical value="http://jpfhir.jp/fhir/ePrescription/StructureDefinition/JP_Bundle_ePrescriptionData"/><groupingId value="-ex-example"/></resource><resource><extension url="http://hl7.org/fhir/StructureDefinition/implementationguide-page"><valueUri value="Coverage-JP-Coverage-ePreData-insurance-Example.html"/></extension><reference><reference value="Coverage/JP-Coverage-ePreData-insurance-Example"/></reference><name value="JP-Coverage-ePreData-insurance-Example"/><description value="医療保険Coverageリソースのインスタンス例（被保険者記号12345　番号６７８９０ 枝番01）"/><exampleCanonical value="http://jpfhir.jp/fhir/ePrescription/StructureDefinition/JP_Coverage_ePrescriptionData_insurance"/><groupingId value="-ex-example"/></resource><resource><extension url="http://hl7.org/fhir/StructureDefinition/implementationguide-page"><valueUri value="Coverage-JP-Coverage-ePreData-publicPayment-Example.html"/></extension><reference><reference value="Coverage/JP-Coverage-ePreData-publicPayment-Example"/></reference><name value="JP-Coverage-ePreData-publicPayment-Example"/><description value="公費Coverageリソースのインスタンス例（公費負担者番号12345678）"/><exampleCanonical value="http://jpfhir.jp/fhir/ePrescription/StructureDefinition/JP_Coverage_ePrescriptionData_publicPayment"/><groupingId value="-ex-example"/></resource><resource><extension url="http://hl7.org/fhir/StructureDefinition/implementationguide-page"><valueUri value="Encounter-JP-Encounter-ePreData-Example.html"/></extension><reference><reference value="Encounter/JP-Encounter-ePreData-Example"/></reference><name value="JP-Encounter-ePreData-Example"/><description value="受診情報Encounterリソースのインスタンス例（外来）"/><exampleCanonical value="http://jpfhir.jp/fhir/ePrescription/StructureDefinition/JP_Encounter_ePrescriptionData"/><groupingId value="-ex-example"/></resource><resource><extension url="http://hl7.org/fhir/StructureDefinition/implementationguide-page"><valueUri value="MedicationRequest-JP-MedReq-ePreData-Example-fukintouByDay.html"/></extension><reference><reference value="MedicationRequest/JP-MedReq-ePreData-Example-fukintouByDay"/></reference><name value="JP-MedReq-ePreData-Example-fukintouByDay"/><description value="不均等投与1日用法の医薬品処方１件　MedicationRequestリソースのインスタンス例（プレドニン錠５ｍｇ１日３回　毎食後　７錠（４錠－２錠－１錠））"/><exampleCanonical value="http://jpfhir.jp/fhir/ePrescription/StructureDefinition/JP_MedicationRequest_ePrescriptionData"/><groupingId value="-ex-example"/></resource><resource><extension url="http://hl7.org/fhir/StructureDefinition/implementationguide-page"><valueUri value="MedicationRequest-JP-MedReq-ePreData-Example-fukintouByTimes01.html"/></extension><reference><reference value="MedicationRequest/JP-MedReq-ePreData-Example-fukintouByTimes01"/></reference><name value="JP-MedReq-ePreData-Example-fukintouByTimes01"/><description value="不均等投与の各回処方例　医薬品処方１件　MedicationRequestリソースのインスタンス例（1回目）"/><exampleCanonical value="http://jpfhir.jp/fhir/ePrescription/StructureDefinition/JP_MedicationRequest_ePrescriptionData"/><groupingId value="-ex-example"/></resource><resource><extension url="http://hl7.org/fhir/StructureDefinition/implementationguide-page"><valueUri value="MedicationRequest-JP-MedReq-ePreData-Example-fukintouByTimes02.html"/></extension><reference><reference value="MedicationRequest/JP-MedReq-ePreData-Example-fukintouByTimes02"/></reference><name value="JP-MedReq-ePreData-Example-fukintouByTimes02"/><description value="不均等投与の各回処方例　医薬品処方１件　MedicationRequestリソースのインスタンス例（２回目）"/><exampleCanonical value="http://jpfhir.jp/fhir/ePrescription/StructureDefinition/JP_MedicationRequest_ePrescriptionData"/><groupingId value="-ex-example"/></resource><resource><extension url="http://hl7.org/fhir/StructureDefinition/implementationguide-page"><valueUri value="MedicationRequest-JP-MedReq-ePreData-Example-fukintouByTimes03.html"/></extension><reference><reference value="MedicationRequest/JP-MedReq-ePreData-Example-fukintouByTimes03"/></reference><name value="JP-MedReq-ePreData-Example-fukintouByTimes03"/><description value="不均等投与の各回処方例　医薬品処方１件　MedicationRequestリソースのインスタンス例（３回目）"/><exampleCanonical value="http://jpfhir.jp/fhir/ePrescription/StructureDefinition/JP_MedicationRequest_ePrescriptionData"/><groupingId value="-ex-example"/></resource><resource><extension url="http://hl7.org/fhir/StructureDefinition/implementationguide-page"><valueUri value="MedicationRequest-JP-MedReq-ePreData-Example-gaiyou01.html"/></extension><reference><reference value="MedicationRequest/JP-MedReq-ePreData-Example-gaiyou01"/></reference><name value="JP-MedReq-ePreData-Example-gaiyou01"/><description value="外用点眼　処方例１件　MedicationRequestリソースのインスタンス例"/><exampleCanonical value="http://jpfhir.jp/fhir/ePrescription/StructureDefinition/JP_MedicationRequest_ePrescriptionData"/><groupingId value="-ex-example"/></resource><resource><extension url="http://hl7.org/fhir/StructureDefinition/implementationguide-page"><valueUri value="MedicationRequest-JP-MedReq-ePreData-Example-gaiyou02.html"/></extension><reference><reference value="MedicationRequest/JP-MedReq-ePreData-Example-gaiyou02"/></reference><name value="JP-MedReq-ePreData-Example-gaiyou02"/><description value="外用塗布　処方例１件　MedicationRequestリソースのインスタンス例"/><exampleCanonical value="http://jpfhir.jp/fhir/ePrescription/StructureDefinition/JP_MedicationRequest_ePrescriptionData"/><groupingId value="-ex-example"/></resource><resource><extension url="http://hl7.org/fhir/StructureDefinition/implementationguide-page"><valueUri value="MedicationRequest-JP-MedReq-ePreData-Example-gaiyou03.html"/></extension><reference><reference value="MedicationRequest/JP-MedReq-ePreData-Example-gaiyou03"/></reference><name value="JP-MedReq-ePreData-Example-gaiyou03"/><description value="外用坐薬　処方例１件　MedicationRequestリソースのインスタンス例"/><exampleCanonical value="http://jpfhir.jp/fhir/ePrescription/StructureDefinition/JP_MedicationRequest_ePrescriptionData"/><groupingId value="-ex-example"/></resource><resource><extension url="http://hl7.org/fhir/StructureDefinition/implementationguide-page"><valueUri value="MedicationRequest-JP-MedReq-ePreData-Example-kakujitsu.html"/></extension><reference><reference value="MedicationRequest/JP-MedReq-ePreData-Example-kakujitsu"/></reference><name value="JP-MedReq-ePreData-Example-kakujitsu"/><description value="隔日投与内服　処方例１件　MedicationRequestリソースのインスタンス例"/><exampleCanonical value="http://jpfhir.jp/fhir/ePrescription/StructureDefinition/JP_MedicationRequest_ePrescriptionData"/><groupingId value="-ex-example"/></resource><resource><extension url="http://hl7.org/fhir/StructureDefinition/implementationguide-page"><valueUri value="MedicationRequest-JP-MedReq-ePreData-Example-naihuku.html"/></extension><reference><reference value="MedicationRequest/JP-MedReq-ePreData-Example-naihuku"/></reference><name value="JP-MedReq-ePreData-Example-naihuku"/><description value="内服　処方例１件　MedicationRequestリソースのインスタンス例"/><exampleCanonical value="http://jpfhir.jp/fhir/ePrescription/StructureDefinition/JP_MedicationRequest_ePrescriptionData"/><groupingId value="-ex-example"/></resource><resource><extension url="http://hl7.org/fhir/StructureDefinition/implementationguide-page"><valueUri value="MedicationRequest-JP-MedReq-ePreData-Example-youbiShiitei.html"/></extension><reference><reference value="MedicationRequest/JP-MedReq-ePreData-Example-youbiShiitei"/></reference><name value="JP-MedReq-ePreData-Example-youbiShiitei"/><description value="曜日指定の内服　処方例１件　MedicationRequestリソースのインスタンス例"/><exampleCanonical value="http://jpfhir.jp/fhir/ePrescription/StructureDefinition/JP_MedicationRequest_ePrescriptionData"/><groupingId value="-ex-example"/></resource><resource><extension url="http://hl7.org/fhir/StructureDefinition/implementationguide-page"><valueUri value="MedicationRequest-JP-MedReq-ePreData-Example-zenzou01per03.html"/></extension><reference><reference value="MedicationRequest/JP-MedReq-ePreData-Example-zenzou01per03"/></reference><name value="JP-MedReq-ePreData-Example-zenzou01per03"/><description value="漸増内服処方最初の２日間　処方例１件　MedicationRequestリソースのインスタンス例"/><exampleCanonical value="http://jpfhir.jp/fhir/ePrescription/StructureDefinition/JP_MedicationRequest_ePrescriptionData"/><groupingId value="-ex-example"/></resource><resource><extension url="http://hl7.org/fhir/StructureDefinition/implementationguide-page"><valueUri value="MedicationRequest-JP-MedReq-ePreData-Example-zenzou02per03.html"/></extension><reference><reference value="MedicationRequest/JP-MedReq-ePreData-Example-zenzou02per03"/></reference><name value="JP-MedReq-ePreData-Example-zenzou02per03"/><description value="漸増内服処方　次の３日間　処方例１件　MedicationRequestリソースのインスタンス例"/><exampleCanonical value="http://jpfhir.jp/fhir/ePrescription/StructureDefinition/JP_MedicationRequest_ePrescriptionData"/><groupingId value="-ex-example"/></resource><resource><extension url="http://hl7.org/fhir/StructureDefinition/implementationguide-page"><valueUri value="MedicationRequest-JP-MedReq-ePreData-Example-zenzou03per03.html"/></extension><reference><reference value="MedicationRequest/JP-MedReq-ePreData-Example-zenzou03per03"/></reference><name value="JP-MedReq-ePreData-Example-zenzou03per03"/><description value="漸増内服処方　最後の２日間処方例１件　MedicationRequestリソースのインスタンス例"/><exampleCanonical value="http://jpfhir.jp/fhir/ePrescription/StructureDefinition/JP_MedicationRequest_ePrescriptionData"/><groupingId value="-ex-example"/></resource><resource><extension url="http://hl7.org/fhir/StructureDefinition/implementationguide-page"><valueUri value="Organization-JP-Organization-ePreData-coveragePayer-Example.html"/></extension><reference><reference value="Organization/JP-Organization-ePreData-coveragePayer-Example"/></reference><name value="JP-Organization-ePreData-coveragePayer-Example"/><description value="健康保険者　 Organizationリソースのインスタンス例"/><exampleCanonical value="http://jpfhir.jp/fhir/ePrescription/StructureDefinition/JP_Organization_ePrescriptionData_coveragePayer"/><groupingId value="-ex-example"/></resource><resource><extension url="http://hl7.org/fhir/StructureDefinition/implementationguide-page"><valueUri value="Organization-JP-Organization-ePreData-departmentOfIssuer-Example.html"/></extension><reference><reference value="Organization/JP-Organization-ePreData-departmentOfIssuer-Example"/></reference><name value="JP-Organization-ePreData-departmentOfIssuer-Example"/><description value="処方発行の診療科　 Organizationリソースのインスタンス例（診療科コードがある例）"/><exampleCanonical value="http://jpfhir.jp/fhir/ePrescription/StructureDefinition/JP_Organization_ePrescriptionData_departmentOfIssuer"/><groupingId value="-ex-example"/></resource><resource><extension url="http://hl7.org/fhir/StructureDefinition/implementationguide-page"><valueUri value="Organization-JP-Organization-ePreData-departmentOfIssuer-ExampleType2.html"/></extension><reference><reference value="Organization/JP-Organization-ePreData-departmentOfIssuer-ExampleType2"/></reference><name value="JP-Organization-ePreData-departmentOfIssuer-ExampleType2"/><description value="処方発行の診療科　 Organizationリソースのインスタンス例（診療科コードがない例）"/><exampleCanonical value="http://jpfhir.jp/fhir/ePrescription/StructureDefinition/JP_Organization_ePrescriptionData_departmentOfIssuer"/><groupingId value="-ex-example"/></resource><resource><extension url="http://hl7.org/fhir/StructureDefinition/implementationguide-page"><valueUri value="Organization-JP-Organization-ePreData-issuer-Example.html"/></extension><reference><reference value="Organization/JP-Organization-ePreData-issuer-Example"/></reference><name value="JP-Organization-ePreData-issuer-Example"/><description value="処方発行の医療機関　 Organizationリソースのインスタンス例"/><exampleCanonical value="http://jpfhir.jp/fhir/ePrescription/StructureDefinition/JP_Organization_ePrescriptionData_issuer"/><groupingId value="-ex-example"/></resource><resource><extension url="http://hl7.org/fhir/StructureDefinition/implementationguide-page"><valueUri value="Organization-JP-Organization-ePreData-publicPayer-Example.html"/></extension><reference><reference value="Organization/JP-Organization-ePreData-publicPayer-Example"/></reference><name value="JP-Organization-ePreData-publicPayer-Example"/><description value="公費負担者組織（自治体） Organizationリソースのインスタンス例"/><exampleCanonical value="http://jpfhir.jp/fhir/ePrescription/StructureDefinition/JP_Organization_ePrescriptionData_coveragePayer"/><groupingId value="-ex-example"/></resource><resource><extension url="http://hl7.org/fhir/StructureDefinition/implementationguide-page"><valueUri value="Patient-JP-Patient-ePreData-Example.html"/></extension><reference><reference value="Patient/JP-Patient-ePreData-Example"/></reference><name value="JP-Patient-ePreData-Example"/><description value="処方対象の患者 Patientリソースのインスタンス例"/><exampleCanonical value="http://jpfhir.jp/fhir/ePrescription/StructureDefinition/JP_Patient_ePrescriptionData"/><groupingId value="-ex-example"/></resource><resource><extension url="http://hl7.org/fhir/StructureDefinition/implementationguide-page"><valueUri value="Practitioner-JP-Practitioner-ePreData-author-Example.html"/></extension><reference><reference value="Practitioner/JP-Practitioner-ePreData-author-Example"/></reference><name value="JP-Practitioner-ePreData-author-Example"/><description value="処方した医師 Practitionerリソースのインスタンス例（医師免許番号と麻薬施用者番号あり）"/><exampleCanonical value="http://jpfhir.jp/fhir/ePrescription/StructureDefinition/JP_Practitioner_ePrescriptionData_author"/><groupingId value="-ex-example"/></resource><resource><extension url="http://hl7.org/fhir/StructureDefinition/implementationguide-page"><valueUri value="PractitionerRole-JP-PractitionerRole-ePreData-author-Example.html"/></extension><reference><reference value="PractitionerRole/JP-PractitionerRole-ePreData-author-Example"/></reference><name value="JP-PractitionerRole-ePreData-author-Example"/><description value="処方した医師の役割 PractitionerRoleリソースのインスタンス例"/><exampleCanonical value="http://jpfhir.jp/fhir/ePrescription/StructureDefinition/JP_PractitionerRole_ePrescriptionData_author"/><groupingId value="-ex-example"/></resource><page><nameUrl value="toc.html"/><title value="Table of Contents"/><generation value="html"/><page><nameUrl value="index.html"/><title value="処方情報HL7&amp;reg; FHIR&amp;reg;記述仕様書 第1版"/><generation value="markdown"/></page><page><nameUrl value="ePreTables.html"/><title value="各表一覧"/><generation value="markdown"/></page><page><nameUrl value="artifacts.html"/><title value="Artifacts Summary"/><generation value="html"/><page><nameUrl value="StructureDefinition-JP-Bundle-CCLIX.html"/><title value="JP_Bundle_CCLIX"/><generation value="generated"/></page><page><nameUrl value="StructureDefinition-JP-Bundle-ePrescriptionData.html"/><title value="JP_Bundle_ePrescriptionData"/><generation value="generated"/></page><page><nameUrl value="StructureDefinition-JP-Communication.html"/><title value="JP_Communication"/><generation value="generated"/></page><page><nameUrl value="StructureDefinition-JP-Communication-ePrescriptionData.html"/><title value="JP_Communication_ePrescriptionData"/><generation value="generated"/></page><page><nameUrl value="StructureDefinition-JP-Composition-ePrescriptionData.html"/><title value="JP_Composition_ePrescriptionData"/><generation value="generated"/></page><page><nameUrl value="StructureDefinition-JP-Coverage-ePrescriptionData-insurance.html"/><title value="JP_Coverage_ePrescriptionData_insurance"/><generation value="generated"/></page><page><nameUrl value="StructureDefinition-JP-Coverage-ePrescriptionData-publicPayment.html"/><title value="JP_Coverage_ePrescriptionData_publicPayment"/><generation value="generated"/></page><page><nameUrl value="StructureDefinition-JP-Encounter-ePrescriptionData.html"/><title value="JP_Encounter_ePrescriptionData"/><generation value="generated"/></page><page><nameUrl value="StructureDefinition-JP-MedicationRequest-ePrescriptionData.html"/><title value="JP_MedicationRequest_ePrescriptionData"/><generation value="generated"/></page><page><nameUrl value="StructureDefinition-JP-Organization-ePrescriptionData-coveragePayer.html"/><title value="JP_Organization_ePrescriptionData_coveragePayer"/><generation value="generated"/></page><page><nameUrl value="StructureDefinition-JP-Organization-ePrescriptionData-departmentOfIssuer.html"/><title value="JP_Organization_ePrescriptionData_departmentOfIssuer"/><generation value="generated"/></page><page><nameUrl value="StructureDefinition-JP-Organization-ePrescriptionData-issuer.html"/><title value="JP_Organization_ePrescriptionData_issuer"/><generation value="generated"/></page><page><nameUrl value="StructureDefinition-JP-Patient-CCLIX.html"/><title value="JP_Patient_CCLIX"/><generation value="generated"/></page><page><nameUrl value="StructureDefinition-JP-Patient-ePrescriptionData.html"/><title value="JP_Patient_ePrescriptionData"/><generation value="generated"/></page><page><nameUrl value="StructureDefinition-JP-PractitionerRole-ePrescriptionData-author.html"/><title value="JP_PractitionerRole_ePrescriptionData_author"/><generation value="generated"/></page><page><nameUrl value="StructureDefinition-JP-Practitioner-ePrescriptionData-author.html"/><title value="JP_Practitioner_ePrescriptionData_author"/><generation value="generated"/></page><page><nameUrl value="StructureDefinition-JP-Communication-CommunicationContent.html"/><title value="JP_Communication_CommunicationContent"/><generation value="generated"/></page><page><nameUrl value="StructureDefinition-jp-medicationrequest-dispenserequest-instructionfordispense.html"/><title value="JP Core MedicationRequest DispenseRequest InstructionForDispense Extension"/><generation value="generated"/></page><page><nameUrl value="ValueSet-jami-valueSet-ePreDispenseInstruction.html"/><title value="JAMI_valueSet_ePreDispenseInstruction"/><generation value="generated"/></page><page><nameUrl value="ValueSet-jami-valueSet-ePreOrderUsageCode-16digits.html"/><title value="JAMI_valueSet_ePreOrderUsageCode_16digits"/><generation value="generated"/></page><page><nameUrl value="ValueSet-jp-valueSet-documentTypeCode.html"/><title value="doc-typecodes"/><generation value="generated"/></page><page><nameUrl value="ValueSet-jp-valueSet-drugCode-gs1-14.html"/><title value="JP_valueSet_drugCode_gs1_14"/><generation value="generated"/></page><page><nameUrl value="ValueSet-jp-valueSet-drugCode-hot9.html"/><title value="JP_valueSet_drugCode_hot9"/><generation value="generated"/></page><page><nameUrl value="ValueSet-jp-valueSet-drugCode-yj.html"/><title value="JP_valueSet_drugCode_yj"/><generation value="generated"/></page><page><nameUrl value="ValueSet-mhlw-valueSet-drugCode-generalNameCode.html"/><title value="MHLW_valueSet_drugCode_generalNameCode"/><generation value="generated"/></page><page><nameUrl value="ValueSet-mhlw-valueSet-ePreCDA-insuranceCategory-tbl11.html"/><title value="MHLW_valueSet_ePreCDA_insuranceCategory_tbl11"/><generation value="generated"/></page><page><nameUrl value="CodeSystem-jami-codeSystem-ePreBasicUsageMethod-OneDigit.html"/><title value="JAMI_codeSystem_ePreBasicUsageMethod_OneDigit"/><generation value="generated"/></page><page><nameUrl value="CodeSystem-jami-codeSystem-ePreDetailUsageMethod-TwoDigits.html"/><title value="JAMI_codeSystem_ePreDetailUsageMethod_TwoDigits"/><generation value="generated"/></page><page><nameUrl value="CodeSystem-jami-codeSystem-ePreDispenseInstruction.html"/><title value="JAMI_codeSystem_ePreDispenseInstruction"/><generation value="generated"/></page><page><nameUrl value="CodeSystem-jami-codeSystem-ePreOrderUsageAuxCode.html"/><title value="JAMI_codeSystem_ePreOrderUsageAuxCode"/><generation value="generated"/></page><page><nameUrl value="CodeSystem-jami-codeSystem-ePreSiteCode.html"/><title value="JAMI_codeSystem_ePreSiteCode"/><generation value="generated"/></page><page><nameUrl value="CodeSystem-jami-codeSystem-ePreUsageRoute.html"/><title value="JAMI_codeSystem_ePreUsageRoute"/><generation value="generated"/></page><page><nameUrl value="CodeSystem-jp-codeSystem-documentTypeCode.html"/><title value="JP_codeSystem_documentTypeCode"/><generation value="generated"/></page><page><nameUrl value="CodeSystem-jp-codeSystem-ePreCommunication-category.html"/><title value="JP_codeSystem_ePreCommunication_category"/><generation value="generated"/></page><page><nameUrl value="CodeSystem-jp-codeSystem-ePrescription-section.html"/><title value="JP_codeSystem_ePrescription_section"/><generation value="generated"/></page><page><nameUrl value="CodeSystem-jp-codeSystem-insurerNumber.html"/><title value="JP_codeSystem_insurerNumber"/><generation value="generated"/></page><page><nameUrl value="CodeSystem-jp-codeSystem-practitioner-certificate-category.html"/><title value="JP_codeSystem_practitioner_certificate_category"/><generation value="generated"/></page><page><nameUrl value="CodeSystem-jp-codeSystem-practitioner-role-category.html"/><title value="JP_codeSystem_practitioner_role_category"/><generation value="generated"/></page><page><nameUrl value="CodeSystem-jp-codeSystem-prefectureNumber.html"/><title value="JP_codeSystem_prefectureNumber"/><generation value="generated"/></page><page><nameUrl value="CodeSystem-jp-codeSystem-prescription-category.html"/><title value="JP_codeSystem_prescription_category"/><generation value="generated"/></page><page><nameUrl value="CodeSystem-jp-codeSystem-publicPyerNumber.html"/><title value="JP_codeSystem_publicPyerNumber"/><generation value="generated"/></page><page><nameUrl value="CodeSystem-mhlw-codeSystem-claimOrganizationCategory-tbl22.html"/><title value="MHLW_codeSystem_claimOrganizationCategory_tbl22"/><generation value="generated"/></page><page><nameUrl value="CodeSystem-mhlw-codeSystem-claimOrganizationNo7digits-tbl23.html"/><title value="MHLW_codeSystem_claimOrganizationNo7digits_tbl23"/><generation value="generated"/></page><page><nameUrl value="CodeSystem-mhlw-codeSystem-drugUnitAbbr-tbl20.html"/><title value="MHLW_codeSystem_drugUnitAbbr_tbl20"/><generation value="generated"/></page><page><nameUrl value="CodeSystem-mhlw-codeSystem-ePreCDA-clinicalDepartment-tbl10.html"/><title value="MHLW_codeSystem_ePreCDA_clinicalDepartment_tbl10"/><generation value="generated"/></page><page><nameUrl value="CodeSystem-mhlw-codeSystem-ePreCDA-documentCategory-tbl011.html"/><title value="MHLW_codeSystem_ePreCDA_documentCategory_tbl01"/><generation value="generated"/></page><page><nameUrl value="CodeSystem-mhlw-codeSystem-ePreCDA-drugDosageStrength-tbl04.html"/><title value="MHLW_codeSystem_ePreCDA_drugDosageStrength_tbl04"/><generation value="generated"/></page><page><nameUrl value="CodeSystem-mhlw-codeSystem-ePreCDA-drugUsageForm-tbl03.html"/><title value="MHLW_codeSystem_ePreCDA_drugsageForm_tbl03"/><generation value="generated"/></page><page><nameUrl value="CodeSystem-mhlw-codeSystem-ePreCDA-instructionResidual-tbl09.html"/><title value="MHLW_codeSystem_ePreCDA_instructionResidual_tbl09"/><generation value="generated"/></page><page><nameUrl value="CodeSystem-mhlw-codeSystem-ePreCDA-insuranceCategory-tbl11.html"/><title value="MHLW_codeSystem_ePreCDA_insuranceCategory_tbl11"/><generation value="generated"/></page><page><nameUrl value="CodeSystem-mhlw-codeSystem-ePreCDA-insuredCoPayCategory-tbl13.html"/><title value="MHLW_codeSystem_ePreCDA_insuredCoPayCategory_tbl13"/><generation value="generated"/></page><page><nameUrl value="CodeSystem-mhlw-codeSystem-ePreCDA-insuredRelationship-tbl12.html"/><title value="MHLW_codeSystem_ePreCDA_insuredRelationship_tbl12"/><generation value="generated"/></page><page><nameUrl value="CodeSystem-mhlw-codeSystem-ePreCDA-sectionCategory-tbl02.html"/><title value="MHLW_codeSystem_ePreCDA_sectionCategory_tbl02"/><generation value="generated"/></page><page><nameUrl value="CodeSystem-mhlw-codeSystem-ePreCDA-unable2Change2Generic-tbl08.html"/><title value="MHLW_codeSystem_ePreCDA_unable2Change2Generic_tbl08"/><generation value="generated"/></page><page><nameUrl value="Bundle-Bundle-for-JP-MedReq-ePreData-Example01.html"/><title value="Bundle-for-JP-MedReq-ePreData-Example01"/><generation value="generated"/></page><page><nameUrl value="Coverage-JP-Coverage-ePreData-insurance-Example.html"/><title value="JP-Coverage-ePreData-insurance-Example"/><generation value="generated"/></page><page><nameUrl value="Coverage-JP-Coverage-ePreData-publicPayment-Example.html"/><title value="JP-Coverage-ePreData-publicPayment-Example"/><generation value="generated"/></page><page><nameUrl value="Encounter-JP-Encounter-ePreData-Example.html"/><title value="JP-Encounter-ePreData-Example"/><generation value="generated"/></page><page><nameUrl value="MedicationRequest-JP-MedReq-ePreData-Example-fukintouByDay.html"/><title value="JP-MedReq-ePreData-Example-fukintouByDay"/><generation value="generated"/></page><page><nameUrl value="MedicationRequest-JP-MedReq-ePreData-Example-fukintouByTimes01.html"/><title value="JP-MedReq-ePreData-Example-fukintouByTimes01"/><generation value="generated"/></page><page><nameUrl value="MedicationRequest-JP-MedReq-ePreData-Example-fukintouByTimes02.html"/><title value="JP-MedReq-ePreData-Example-fukintouByTimes02"/><generation value="generated"/></page><page><nameUrl value="MedicationRequest-JP-MedReq-ePreData-Example-fukintouByTimes03.html"/><title value="JP-MedReq-ePreData-Example-fukintouByTimes03"/><generation value="generated"/></page><page><nameUrl value="MedicationRequest-JP-MedReq-ePreData-Example-gaiyou01.html"/><title value="JP-MedReq-ePreData-Example-gaiyou01"/><generation value="generated"/></page><page><nameUrl value="MedicationRequest-JP-MedReq-ePreData-Example-gaiyou02.html"/><title value="JP-MedReq-ePreData-Example-gaiyou02"/><generation value="generated"/></page><page><nameUrl value="MedicationRequest-JP-MedReq-ePreData-Example-gaiyou03.html"/><title value="JP-MedReq-ePreData-Example-gaiyou03"/><generation value="generated"/></page><page><nameUrl value="MedicationRequest-JP-MedReq-ePreData-Example-kakujitsu.html"/><title value="JP-MedReq-ePreData-Example-kakujitsu"/><generation value="generated"/></page><page><nameUrl value="MedicationRequest-JP-MedReq-ePreData-Example-naihuku.html"/><title value="JP-MedReq-ePreData-Example-naihuku"/><generation value="generated"/></page><page><nameUrl value="MedicationRequest-JP-MedReq-ePreData-Example-youbiShiitei.html"/><title value="JP-MedReq-ePreData-Example-youbiShiitei"/><generation value="generated"/></page><page><nameUrl value="MedicationRequest-JP-MedReq-ePreData-Example-zenzou01per03.html"/><title value="JP-MedReq-ePreData-Example-zenzou01per03"/><generation value="generated"/></page><page><nameUrl value="MedicationRequest-JP-MedReq-ePreData-Example-zenzou02per03.html"/><title value="JP-MedReq-ePreData-Example-zenzou02per03"/><generation value="generated"/></page><page><nameUrl value="MedicationRequest-JP-MedReq-ePreData-Example-zenzou03per03.html"/><title value="JP-MedReq-ePreData-Example-zenzou03per03"/><generation value="generated"/></page><page><nameUrl value="Organization-JP-Organization-ePreData-coveragePayer-Example.html"/><title value="JP-Organization-ePreData-coveragePayer-Example"/><generation value="generated"/></page><page><nameUrl value="Organization-JP-Organization-ePreData-departmentOfIssuer-Example.html"/><title value="JP-Organization-ePreData-departmentOfIssuer-Example"/><generation value="generated"/></page><page><nameUrl value="Organization-JP-Organization-ePreData-departmentOfIssuer-ExampleType2.html"/><title value="JP-Organization-ePreData-departmentOfIssuer-ExampleType2"/><generation value="generated"/></page><page><nameUrl value="Organization-JP-Organization-ePreData-issuer-Example.html"/><title value="JP-Organization-ePreData-issuer-Example"/><generation value="generated"/></page><page><nameUrl value="Organization-JP-Organization-ePreData-publicPayer-Example.html"/><title value="JP-Organization-ePreData-publicPayer-Example"/><generation value="generated"/></page><page><nameUrl value="Patient-JP-Patient-ePreData-Example.html"/><title value="JP-Patient-ePreData-Example"/><generation value="generated"/></page><page><nameUrl value="Practitioner-JP-Practitioner-ePreData-author-Example.html"/><title value="JP-Practitioner-ePreData-author-Example"/><generation value="generated"/></page><page><nameUrl value="PractitionerRole-JP-PractitionerRole-ePreData-author-Example.html"/><title value="JP-PractitionerRole-ePreData-author-Example"/><generation value="generated"/></page></page></page><parameter><code value="path-resource"/><value value="input/resources"/></parameter><parameter><code value="path-resource"/><value value="fsh-generated/resources"/></parameter><parameter><code value="path-pages"/><value value="input/pagecontent"/></parameter><parameter><code value="path-pages"/><value value="fsh-generated/includes"/></parameter><parameter><code value="path-resource"/><value value="input/capabilities"/></parameter><parameter><code value="path-resource"/><value value="input/examples"/></parameter><parameter><code value="path-resource"/><value value="input/extensions"/></parameter><parameter><code value="path-resource"/><value value="input/models"/></parameter><parameter><code value="path-resource"/><value value="input/operations"/></parameter><parameter><code value="path-resource"/><value value="input/profiles"/></parameter><parameter><code value="path-resource"/><value value="input/vocabulary"/></parameter><parameter><code value="path-resource"/><value value="input/testing"/></parameter><parameter><code value="path-resource"/><value value="input/history"/></parameter><parameter><code value="path-pages"/><value value="template/config"/></parameter><parameter><code value="path-pages"/><value value="input/images"/></parameter><parameter><code value="path-tx-cache"/><value value="input-cache/txcache"/></parameter></definition></ImplementationGuide>