<?xml version="1.0" encoding="UTF-8"?><SearchParameter xmlns="http://hl7.org/fhir"><id value="jp-allergyintolerance-type-sp"/><url value="http://jpfhir.jp/fhir/core/SearchParameter/JP_AllergyIntolerance_Type_SP"/><version value="1.1.0a"/><name value="jp-allergyintolerance-type-sp"/><status value="draft"/><date value="2022-03-16"/><publisher value="FHIR Japanese implementation research working group in Japan Association of Medical Informatics (JAMI)"/><contact><name value="FHIR Japanese implementation research working group in Japan Association of Medical Informatics (JAMI)"/><telecom><system value="url"/><value value="http://jpfhir.jp"/></telecom><telecom><system value="email"/><value value="office@hlfhir.jp"/></telecom></contact><description value="AllergyIntoleranceリソースのtypeに関する検索を定義します。"/><jurisdiction><coding><system value="urn:iso:std:iso:3166"/><code value="JP"/></coding></jurisdiction><code value="type"/><base value="AllergyIntolerance"/><type value="token"/><expression value="AllergyIntolerance.type"/><xpath value="f:AllergyIntolerance/f:type"/><xpathUsage value="normal"/><multipleOr value="true"><extension url="http://hl7.org/fhir/StructureDefinition/capabilitystatement-expectation"><valueCode value="MAY"/></extension></multipleOr><multipleAnd value="true"><extension url="http://hl7.org/fhir/StructureDefinition/capabilitystatement-expectation"><valueCode value="MAY"/></extension></multipleAnd><modifier value="missing"><extension url="http://hl7.org/fhir/StructureDefinition/capabilitystatement-expectation"><valueCode value="MAY"/></extension></modifier><modifier value="text"><extension url="http://hl7.org/fhir/StructureDefinition/capabilitystatement-expectation"><valueCode value="MAY"/></extension></modifier><modifier value="not"><extension url="http://hl7.org/fhir/StructureDefinition/capabilitystatement-expectation"><valueCode value="MAY"/></extension></modifier><modifier value="in"><extension url="http://hl7.org/fhir/StructureDefinition/capabilitystatement-expectation"><valueCode value="MAY"/></extension></modifier><modifier value="not-in"><extension url="http://hl7.org/fhir/StructureDefinition/capabilitystatement-expectation"><valueCode value="MAY"/></extension></modifier><modifier value="below"><extension url="http://hl7.org/fhir/StructureDefinition/capabilitystatement-expectation"><valueCode value="MAY"/></extension></modifier><modifier value="above"><extension url="http://hl7.org/fhir/StructureDefinition/capabilitystatement-expectation"><valueCode value="MAY"/></extension></modifier><modifier value="ofType"><extension url="http://hl7.org/fhir/StructureDefinition/capabilitystatement-expectation"><valueCode value="MAY"/></extension></modifier></SearchParameter>