<?xml version="1.0" encoding="UTF-8"?><StructureDefinition xmlns="http://hl7.org/fhir"><id value="EP-Bundle"/><text><status value="extensions"/><div xmlns="http://www.w3.org/1999/xhtml"><table border="0" cellpadding="0" cellspacing="0" style="border: 0px #F0F0F0 solid; font-size: 11px; font-family: verdana; vertical-align: top;"><tr style="border: 1px #F0F0F0 solid; font-size: 11px; font-family: verdana; vertical-align: top"><th style="vertical-align: top; text-align : left; background-color: white; border: 0px #F0F0F0 solid; padding:0px 4px 0px 4px" class="hierarchy"><a href="http://hl7.org/fhir/R4/formats.html#table" title="The logical name of the element">Name</a></th><th style="vertical-align: top; text-align : left; background-color: white; border: 0px #F0F0F0 solid; padding:0px 4px 0px 4px" class="hierarchy"><a href="http://hl7.org/fhir/R4/formats.html#table" title="Information about the use of the element">Flags</a></th><th style="vertical-align: top; text-align : left; background-color: white; border: 0px #F0F0F0 solid; padding:0px 4px 0px 4px" class="hierarchy"><a href="http://hl7.org/fhir/R4/formats.html#table" title="Minimum and Maximum # of times the the element can appear in the instance">Card.</a></th><th style="width: 100px" class="hierarchy"><a href="http://hl7.org/fhir/R4/formats.html#table" title="Reference to the type of the element">Type</a></th><th style="vertical-align: top; text-align : left; background-color: white; border: 0px #F0F0F0 solid; padding:0px 4px 0px 4px" class="hierarchy"><a href="http://hl7.org/fhir/R4/formats.html#table" title="Additional information about the element">Description &amp; Constraints</a><span style="float: right"><a href="http://hl7.org/fhir/R4/formats.html#table" title="Legend for this format"><img src="http://hl7.org/fhir/R4/help16.png" alt="doco" style="background-color: inherit"/></a></span></th></tr><tr style="border: 0px #F0F0F0 solid; padding:0px; vertical-align: top; background-color: white"><td style="vertical-align: top; text-align : left; background-color: white; border: 0px #F0F0F0 solid; padding:0px 4px 0px 4px; white-space: nowrap; background-image: url(tbl_bck1.png)" class="hierarchy"><img src="tbl_spacer.png" alt="." style="background-color: inherit" class="hierarchy"/><img src="icon_resource.png" alt="." style="background-color: white; background-color: inherit" title="Resource" class="hierarchy"/> <a href="StructureDefinition-EP-Bundle-definitions.html#Bundle" title="A container for a collection of resources.&#xD;&#xA;リソース集合のためのコンテナ&#xD;&#xA;診療情報交換のための文書形式のバンドルの共通プロファイル">Bundle</a><a name="Bundle"> </a></td><td style="vertical-align: top; text-align : left; background-color: white; border: 0px #F0F0F0 solid; padding:0px 4px 0px 4px" class="hierarchy"/><td style="vertical-align: top; text-align : left; background-color: white; border: 0px #F0F0F0 solid; padding:0px 4px 0px 4px" class="hierarchy"><span style="opacity: 0.5">0</span><span style="opacity: 0.5">..</span><span style="opacity: 0.5">*</span></td><td style="vertical-align: top; text-align : left; background-color: white; border: 0px #F0F0F0 solid; padding:0px 4px 0px 4px" class="hierarchy"><a href="http://hl7.org/fhir/R4/bundle.html">Bundle</a></td><td style="vertical-align: top; text-align : left; background-color: white; border: 0px #F0F0F0 solid; padding:0px 4px 0px 4px" class="hierarchy">Contains a collection of resources リソース集合を含む文書バンドル</td></tr>
<tr style="border: 0px #F0F0F0 solid; padding:0px; vertical-align: top; background-color: #F7F7F7"><td style="vertical-align: top; text-align : left; background-color: #F7F7F7; border: 0px #F0F0F0 solid; padding:0px 4px 0px 4px; white-space: nowrap; background-image: url(tbl_bck10.png)" class="hierarchy"><img src="tbl_spacer.png" alt="." style="background-color: inherit" class="hierarchy"/><img src="tbl_vjoin.png" alt="." style="background-color: inherit" class="hierarchy"/><img src="icon_element.gif" alt="." style="background-color: #F7F7F7; background-color: inherit" title="Element" class="hierarchy"/> <a href="StructureDefinition-EP-Bundle-definitions.html#Bundle.type" title="このバンドルの目的コード。本プロファイルでは document 固定とする。&#xD;&#xA;（document | message | transaction | transaction_response | batch | batch_response | history | searchset | collection）">type</a><a name="Bundle.type"> </a></td><td style="vertical-align: top; text-align : left; background-color: #F7F7F7; border: 0px #F0F0F0 solid; padding:0px 4px 0px 4px" class="hierarchy"><span style="padding-left: 3px; padding-right: 3px; color: white; background-color: red" title="This element must be supported">S</span></td><td style="vertical-align: top; text-align : left; background-color: #F7F7F7; border: 0px #F0F0F0 solid; padding:0px 4px 0px 4px" class="hierarchy"><span style="opacity: 0.5">1</span><span style="opacity: 0.5">..</span><span style="opacity: 0.5">1</span></td><td style="vertical-align: top; text-align : left; background-color: #F7F7F7; border: 0px #F0F0F0 solid; padding:0px 4px 0px 4px" class="hierarchy"><a style="opacity: 0.5" href="http://hl7.org/fhir/R4/datatypes.html#code">code</a></td><td style="vertical-align: top; text-align : left; background-color: #F7F7F7; border: 0px #F0F0F0 solid; padding:0px 4px 0px 4px" class="hierarchy"><span style="opacity: 0.5">document | message | transaction | transaction-response | batch | batch-response | history | searchset | collection</span><br/><span style="font-weight:bold">Fixed Value: </span><span style="color: darkgreen">document</span></td></tr>
<tr style="border: 0px #F0F0F0 solid; padding:0px; vertical-align: top; background-color: white"><td style="vertical-align: top; text-align : left; background-color: white; border: 0px #F0F0F0 solid; padding:0px 4px 0px 4px; white-space: nowrap; background-image: url(tbl_bck10.png)" class="hierarchy"><img src="tbl_spacer.png" alt="." style="background-color: inherit" class="hierarchy"/><img src="tbl_vjoin.png" alt="." style="background-color: inherit" class="hierarchy"/><img src="icon_element.gif" alt="." style="background-color: white; background-color: inherit" title="Element" class="hierarchy"/> <a href="StructureDefinition-EP-Bundle-definitions.html#Bundle.timestamp" title="このリソースを生成した日時。時刻の精度はミリ秒とし、タイムゾーンを含めること。　例：&quot;2021-02-01T13:28:17.239+09:00&quot;">timestamp</a><a name="Bundle.timestamp"> </a></td><td style="vertical-align: top; text-align : left; background-color: white; border: 0px #F0F0F0 solid; padding:0px 4px 0px 4px" class="hierarchy"><span style="padding-left: 3px; padding-right: 3px; color: white; background-color: red" title="This element must be supported">S</span></td><td style="vertical-align: top; text-align : left; background-color: white; border: 0px #F0F0F0 solid; padding:0px 4px 0px 4px" class="hierarchy">1..<span style="opacity: 0.5">1</span></td><td style="vertical-align: top; text-align : left; background-color: white; border: 0px #F0F0F0 solid; padding:0px 4px 0px 4px" class="hierarchy"><a style="opacity: 0.5" href="http://hl7.org/fhir/R4/datatypes.html#instant">instant</a></td><td style="vertical-align: top; text-align : left; background-color: white; border: 0px #F0F0F0 solid; padding:0px 4px 0px 4px" class="hierarchy">このバンドルリソースのインスタンスが作成された日時。</td></tr>
<tr style="border: 0px #F0F0F0 solid; padding:0px; vertical-align: top; background-color: #F7F7F7"><td style="vertical-align: top; text-align : left; background-color: #F7F7F7; border: 0px #F0F0F0 solid; padding:0px 4px 0px 4px; white-space: nowrap; background-image: url(tbl_bck10.png)" class="hierarchy"><img src="tbl_spacer.png" alt="." style="background-color: inherit" class="hierarchy"/><img src="tbl_vjoin.png" alt="." style="background-color: inherit" class="hierarchy"/><img src="icon_element.gif" alt="." style="background-color: #F7F7F7; background-color: inherit" title="Element" class="hierarchy"/> <span style="text-decoration:line-through">total</span><a name="Bundle.total"> </a></td><td style="vertical-align: top; text-align : left; background-color: #F7F7F7; border: 0px #F0F0F0 solid; padding:0px 4px 0px 4px" class="hierarchy"/><td style="vertical-align: top; text-align : left; background-color: #F7F7F7; border: 0px #F0F0F0 solid; padding:0px 4px 0px 4px" class="hierarchy"><span style="text-decoration:line-through"/><span style="text-decoration:line-through">0</span><span style="text-decoration:line-through">..</span><span style="text-decoration:line-through">0</span></td><td style="vertical-align: top; text-align : left; background-color: #F7F7F7; border: 0px #F0F0F0 solid; padding:0px 4px 0px 4px" class="hierarchy"/><td style="vertical-align: top; text-align : left; background-color: #F7F7F7; border: 0px #F0F0F0 solid; padding:0px 4px 0px 4px" class="hierarchy"/></tr>
<tr style="border: 0px #F0F0F0 solid; padding:0px; vertical-align: top; background-color: white"><td style="vertical-align: top; text-align : left; background-color: white; border: 0px #F0F0F0 solid; padding:0px 4px 0px 4px; white-space: nowrap; background-image: url(tbl_bck10.png)" class="hierarchy"><img src="tbl_spacer.png" alt="." style="background-color: inherit" class="hierarchy"/><img src="tbl_vjoin.png" alt="." style="background-color: inherit" class="hierarchy"/><img src="icon_element.gif" alt="." style="background-color: white; background-color: inherit" title="Element" class="hierarchy"/> <a href="StructureDefinition-EP-Bundle-definitions.html#Bundle.link" title="A series of links that provide context to this bundle.&#xD;&#xA;このBundleへ文脈情報を付与するための一連のリンク情報。">link</a><a name="Bundle.link"> </a></td><td style="vertical-align: top; text-align : left; background-color: white; border: 0px #F0F0F0 solid; padding:0px 4px 0px 4px" class="hierarchy"/><td style="vertical-align: top; text-align : left; background-color: white; border: 0px #F0F0F0 solid; padding:0px 4px 0px 4px" class="hierarchy"><span style="opacity: 0.5">0</span><span style="opacity: 0.5">..</span><span style="opacity: 0.5">*</span></td><td style="vertical-align: top; text-align : left; background-color: white; border: 0px #F0F0F0 solid; padding:0px 4px 0px 4px" class="hierarchy"><a style="opacity: 0.5" href="http://hl7.org/fhir/R4/datatypes.html#BackboneElement">BackboneElement</a></td><td style="vertical-align: top; text-align : left; background-color: white; border: 0px #F0F0F0 solid; padding:0px 4px 0px 4px" class="hierarchy"><span style="opacity: 0.5">Links related to this Bundle</span></td></tr>
<tr style="border: 0px #F0F0F0 solid; padding:0px; vertical-align: top; background-color: #F7F7F7"><td style="vertical-align: top; text-align : left; background-color: #F7F7F7; border: 0px #F0F0F0 solid; padding:0px 4px 0px 4px; white-space: nowrap; background-image: url(tbl_bck02.png)" class="hierarchy"><img src="tbl_spacer.png" alt="." style="background-color: inherit" class="hierarchy"/><img src="tbl_vjoin_end.png" alt="." style="background-color: inherit" class="hierarchy"/><img src="icon_slice.png" alt="." style="background-color: #F7F7F7; background-color: inherit" title="Slice Definition" class="hierarchy"/> <a style="font-style: italic" href="StructureDefinition-EP-Bundle-definitions.html#Bundle.entry">entry</a><a name="Bundle.entry"> </a></td><td style="vertical-align: top; text-align : left; background-color: #F7F7F7; border: 0px #F0F0F0 solid; padding:0px 4px 0px 4px" class="hierarchy"/><td style="vertical-align: top; text-align : left; background-color: #F7F7F7; border: 0px #F0F0F0 solid; padding:0px 4px 0px 4px" class="hierarchy"><span style="font-style: italic"/><span style="opacity: 0.5; font-style: italic">0</span><span style="opacity: 0.5; font-style: italic">..</span><span style="opacity: 0.5; font-style: italic">*</span></td><td style="vertical-align: top; text-align : left; background-color: #F7F7F7; border: 0px #F0F0F0 solid; padding:0px 4px 0px 4px" class="hierarchy"><a style="opacity: 0.5; font-style: italic" href="http://hl7.org/fhir/R4/datatypes.html#BackboneElement">BackboneElement</a></td><td style="vertical-align: top; text-align : left; background-color: #F7F7F7; border: 0px #F0F0F0 solid; padding:0px 4px 0px 4px" class="hierarchy"><span style="opacity: 0.5; font-style: italic">Entry in the bundle - will have a resource or information</span><br style="font-style: italic"/><span style="font-weight:bold; font-style: italic">Slice: </span><span style="font-style: italic">Unordered, Open by profile:resource</span></td></tr>
<tr><td colspan="5" class="hierarchy"><br/><a href="http://hl7.org/fhir/R4/formats.html#table" title="Legend for this format"><img src="http://hl7.org/fhir/R4/help16.png" alt="doco" style="background-color: inherit"/> Documentation for this format</a></td></tr></table></div></text><extension url="http://hl7.org/fhir/StructureDefinition/structuredefinition-category"><valueString value="Foundation.Other"/></extension><extension url="http://hl7.org/fhir/StructureDefinition/structuredefinition-security-category"><valueCode value="not-classified"/></extension><url value="http://jpfhir.jp/fhir/ePrescription/StructureDefinition/EP_Bundle"/><version value="0.9.3"/><name value="EP_Bundle"/><status value="draft"/><date value="2022-05-16T06:42:02+00:00"/><publisher value="KOhe"/><contact><name value="KOhe"/><telecom><system value="url"/><value value="http://jpfhir.jp"/></telecom></contact><description value="医療情報交換のために使用される診療関連の文書形式の情報を記述するためのBundleリソースの共通プロファイル。&#xA;このリソースのインスタンスだけで、必要な参照情報はすべて包含され、外部のリソースインスタンスへの外部参照を持たないため作成した医療機関を超えた情報交換に使用できる。"/><fhirVersion value="4.0.1"/><mapping><identity value="v2"/><uri value="http://hl7.org/v2"/><name value="HL7 v2 Mapping"/></mapping><mapping><identity value="rim"/><uri value="http://hl7.org/v3"/><name value="RIM Mapping"/></mapping><mapping><identity value="cda"/><uri value="http://hl7.org/v3/cda"/><name value="CDA (R2)"/></mapping><mapping><identity value="w5"/><uri value="http://hl7.org/fhir/fivews"/><name value="FiveWs Pattern Mapping"/></mapping><kind value="resource"/><abstract value="false"/><type value="Bundle"/><baseDefinition value="http://hl7.org/fhir/StructureDefinition/Bundle"/><derivation value="constraint"/><snapshot><element id="Bundle"><path value="Bundle"/><short value="Contains a collection of resources リソース集合を含む文書バンドル"/><definition value="A container for a collection of resources.&#xD;&#xA;リソース集合のためのコンテナ&#xD;&#xA;診療情報交換のための文書形式のバンドルの共通プロファイル"/><min value="0"/><max value="*"/><base><path value="Bundle"/><min value="0"/><max value="*"/></base><constraint><key value="bdl-1"/><severity value="error"/><human value="total only when a search or history"/><expression value="total.empty() or (type = 'searchset') or (type = 'history')"/><xpath value="not(f:total) or (f:type/@value = 'searchset') or (f:type/@value = 'history')"/><source value="http://hl7.org/fhir/StructureDefinition/Bundle"/></constraint><constraint><key value="bdl-2"/><severity value="error"/><human value="entry.search only when a search"/><expression value="entry.search.empty() or (type = 'searchset')"/><xpath value="not(f:entry/f:search) or (f:type/@value = 'searchset')"/><source value="http://hl7.org/fhir/StructureDefinition/Bundle"/></constraint><constraint><key value="bdl-3"/><severity value="error"/><human value="entry.request mandatory for batch/transaction/history, otherwise prohibited"/><expression value="entry.all(request.exists() = (%resource.type = 'batch' or %resource.type = 'transaction' or %resource.type = 'history'))"/><xpath value="not(f:entry/f:request) or (f:type/@value = 'batch') or (f:type/@value = 'transaction') or (f:type/@value = 'history')"/><source value="http://hl7.org/fhir/StructureDefinition/Bundle"/></constraint><constraint><key value="bdl-4"/><severity value="error"/><human value="entry.response mandatory for batch-response/transaction-response/history, otherwise prohibited"/><expression value="entry.all(response.exists() = (%resource.type = 'batch-response' or %resource.type = 'transaction-response' or %resource.type = 'history'))"/><xpath value="not(f:entry/f:response) or (f:type/@value = 'batch-response') or (f:type/@value = 'transaction-response') or (f:type/@value = 'history')"/><source value="http://hl7.org/fhir/StructureDefinition/Bundle"/></constraint><constraint><key value="bdl-7"/><severity value="error"/><human value="FullUrl must be unique in a bundle, or else entries with the same fullUrl must have different meta.versionId (except in history bundles)"/><expression value="(type = 'history') or entry.where(fullUrl.exists()).select(fullUrl&amp;resource.meta.versionId).isDistinct()"/><xpath value="(f:type/@value = 'history') or (count(for $entry in f:entry[f:resource] return $entry[count(parent::f:Bundle/f:entry[f:fullUrl/@value=$entry/f:fullUrl/@value and ((not(f:resource/*/f:meta/f:versionId/@value) and not($entry/f:resource/*/f:meta/f:versionId/@value)) or f:resource/*/f:meta/f:versionId/@value=$entry/f:resource/*/f:meta/f:versionId/@value)])!=1])=0)"/><source value="http://hl7.org/fhir/StructureDefinition/Bundle"/></constraint><constraint><key value="bdl-9"/><severity value="error"/><human value="A document must have an identifier with a system and a value"/><expression value="type = 'document' implies (identifier.system.exists() and identifier.value.exists())"/><xpath value="not(f:type/@value = 'document') or exists(f:identifier/f:system) or exists(f:identifier/f:value)"/><source value="http://hl7.org/fhir/StructureDefinition/Bundle"/></constraint><constraint><key value="bdl-10"/><severity value="error"/><human value="A document must have a date"/><expression value="type = 'document' implies (timestamp.hasValue())"/><xpath value="not(f:type/@value = 'document') or exists(f:timestamp/@value)"/><source value="http://hl7.org/fhir/StructureDefinition/Bundle"/></constraint><constraint><key value="bdl-11"/><severity value="error"/><human value="A document must have a Composition as the first resource"/><expression value="type = 'document' implies entry.first().resource.is(Composition)"/><xpath value="not(f:type/@value='document') or f:entry[1]/f:resource/f:Composition"/><source value="http://hl7.org/fhir/StructureDefinition/Bundle"/></constraint><constraint><key value="bdl-12"/><severity value="error"/><human value="A message must have a MessageHeader as the first resource"/><expression value="type = 'message' implies entry.first().resource.is(MessageHeader)"/><xpath value="not(f:type/@value='message') or f:entry[1]/f:resource/f:MessageHeader"/><source value="http://hl7.org/fhir/StructureDefinition/Bundle"/></constraint><isModifier value="false"/><isSummary value="false"/><mapping><identity value="rim"/><map value="Entity. Role, or Act"/></mapping><mapping><identity value="v2"/><map value="N/A"/></mapping><mapping><identity value="rim"/><map value="N/A"/></mapping><mapping><identity value="cda"/><map value="ClinicalDocument, if bundle.type = document"/></mapping></element><element id="Bundle.id"><path value="Bundle.id"/><short value="Logical id of this artifact"/><definition value="The logical id of the resource, as used in the URL for the resource. Once assigned, this value never changes."/><comment value="The only time that a resource does not have an id is when it is being submitted to the server using a create operation."/><min value="0"/><max value="1"/><base><path value="Resource.id"/><min value="0"/><max value="1"/></base><type><extension url="http://hl7.org/fhir/StructureDefinition/structuredefinition-fhir-type"><valueUrl value="string"/></extension><code value="http://hl7.org/fhirpath/System.String"/></type><isModifier value="false"/><isSummary value="true"/></element><element id="Bundle.meta"><path value="Bundle.meta"/><short value="Metadata about the resource"/><definition value="The metadata about the resource. This is content that is maintained by the infrastructure. Changes to the content might not always be associated with version changes to the resource."/><min value="0"/><max value="1"/><base><path value="Resource.meta"/><min value="0"/><max value="1"/></base><type><code value="Meta"/></type><constraint><key value="ele-1"/><severity value="error"/><human value="All FHIR elements must have a @value or children"/><expression value="hasValue() or (children().count() &gt; id.count())"/><xpath value="@value|f:*|h:div"/><source value="http://hl7.org/fhir/StructureDefinition/Element"/></constraint><isModifier value="false"/><isSummary value="true"/></element><element id="Bundle.implicitRules"><path value="Bundle.implicitRules"/><short value="A set of rules under which this content was created"/><definition value="A reference to a set of rules that were followed when the resource was constructed, and which must be understood when processing the content. Often, this is a reference to an implementation guide that defines the special rules along with other profiles etc."/><comment value="Asserting this rule set restricts the content to be only understood by a limited set of trading partners. This inherently limits the usefulness of the data in the long term. However, the existing health eco-system is highly fractured, and not yet ready to define, collect, and exchange data in a generally computable sense. Wherever possible, implementers and/or specification writers should avoid using this element. Often, when used, the URL is a reference to an implementation guide that defines these special rules as part of it's narrative along with other profiles, value sets, etc."/><min value="0"/><max value="1"/><base><path value="Resource.implicitRules"/><min value="0"/><max value="1"/></base><type><code value="uri"/></type><constraint><key value="ele-1"/><severity value="error"/><human value="All FHIR elements must have a @value or children"/><expression value="hasValue() or (children().count() &gt; id.count())"/><xpath value="@value|f:*|h:div"/><source value="http://hl7.org/fhir/StructureDefinition/Element"/></constraint><isModifier value="true"/><isModifierReason value="This element is labeled as a modifier because the implicit rules may provide additional knowledge about the resource that modifies it's meaning or interpretation"/><isSummary value="true"/></element><element id="Bundle.language"><path value="Bundle.language"/><short value="Language of the resource content"/><definition value="The base language in which the resource is written."/><comment value="Language is provided to support indexing and accessibility (typically, services such as text to speech use the language tag). The html language tag in the narrative applies  to the narrative. The language tag on the resource may be used to specify the language of other presentations generated from the data in the resource. Not all the content has to be in the base language. The Resource.language should not be assumed to apply to the narrative automatically. If a language is specified, it should it also be specified on the div element in the html (see rules in HTML5 for information about the relationship between xml:lang and the html lang attribute)."/><min value="0"/><max value="1"/><base><path value="Resource.language"/><min value="0"/><max value="1"/></base><type><code value="code"/></type><constraint><key value="ele-1"/><severity value="error"/><human value="All FHIR elements must have a @value or children"/><expression value="hasValue() or (children().count() &gt; id.count())"/><xpath value="@value|f:*|h:div"/><source value="http://hl7.org/fhir/StructureDefinition/Element"/></constraint><isModifier value="false"/><isSummary value="false"/><binding><extension url="http://hl7.org/fhir/StructureDefinition/elementdefinition-maxValueSet"><valueCanonical value="http://hl7.org/fhir/ValueSet/all-languages"/></extension><extension url="http://hl7.org/fhir/StructureDefinition/elementdefinition-bindingName"><valueString value="Language"/></extension><extension url="http://hl7.org/fhir/StructureDefinition/elementdefinition-isCommonBinding"><valueBoolean value="true"/></extension><strength value="preferred"/><description value="A human language."/><valueSet value="http://hl7.org/fhir/ValueSet/languages"/></binding></element><element id="Bundle.identifier"><path value="Bundle.identifier"/><short value="Persistent identifier for the bundle"/><definition value="A persistent identifier for the bundle that won't change as a bundle is copied from server to server."/><comment value="Persistent identity generally only matters for batches of type Document, Message, and Collection. It would not normally be populated for search and history results and servers ignore Bundle.identifier when processing batches and transactions. For Documents  the .identifier SHALL be populated such that the .identifier is globally unique."/><min value="0"/><max value="1"/><base><path value="Bundle.identifier"/><min value="0"/><max value="1"/></base><type><code value="Identifier"/></type><constraint><key value="ele-1"/><severity value="error"/><human value="All FHIR elements must have a @value or children"/><expression value="hasValue() or (children().count() &gt; id.count())"/><xpath value="@value|f:*|h:div"/><source value="http://hl7.org/fhir/StructureDefinition/Element"/></constraint><isModifier value="false"/><isSummary value="true"/><mapping><identity value="w5"/><map value="FiveWs.identifier"/></mapping><mapping><identity value="cda"/><map value="ClinicalDocument.id"/></mapping></element><element id="Bundle.type"><path value="Bundle.type"/><short value="document | message | transaction | transaction-response | batch | batch-response | history | searchset | collection"/><definition value="このバンドルの目的コード。本プロファイルでは document 固定とする。&#xD;&#xA;（document | message | transaction | transaction_response | batch | batch_response | history | searchset | collection）"/><comment value="It's possible to use a bundle for other purposes (e.g. a document can be accepted as a transaction). This is primarily defined so that there can be specific rules for some of the bundle types."/><min value="1"/><max value="1"/><base><path value="Bundle.type"/><min value="1"/><max value="1"/></base><type><code value="code"/></type><fixedCode value="document"/><constraint><key value="ele-1"/><severity value="error"/><human value="All FHIR elements must have a @value or children"/><expression value="hasValue() or (children().count() &gt; id.count())"/><xpath value="@value|f:*|h:div"/><source value="http://hl7.org/fhir/StructureDefinition/Element"/></constraint><mustSupport value="true"/><isModifier value="false"/><isSummary value="true"/><binding><extension url="http://hl7.org/fhir/StructureDefinition/elementdefinition-bindingName"><valueString value="BundleType"/></extension><strength value="required"/><description value="Indicates the purpose of a bundle - how it is intended to be used."/><valueSet value="http://hl7.org/fhir/ValueSet/bundle-type|4.0.1"/></binding><mapping><identity value="w5"/><map value="FiveWs.class"/></mapping></element><element id="Bundle.timestamp"><path value="Bundle.timestamp"/><short value="このバンドルリソースのインスタンスが作成された日時。"/><definition value="このリソースを生成した日時。時刻の精度はミリ秒とし、タイムゾーンを含めること。　例：&quot;2021-02-01T13:28:17.239+09:00&quot;"/><comment value="For many bundles, the timestamp is equal to .meta.lastUpdated, because they are not stored (e.g. search results). When a bundle is placed in a persistent store, .meta.lastUpdated will be usually be changed by the server. When the bundle is a message, a middleware agent altering the message (even if not stored) SHOULD update .meta.lastUpdated. .timestamp is used to track the original time of the Bundle, and SHOULD be populated.  &#xA;&#xA;Usage:&#xA;&#xA;* document : the date the document was created. Note: the composition may predate the document, or be associated with multiple documents. The date of the composition - the authoring time - may be earlier than the document assembly time&#xA;* message : the date that the content of the message was assembled. This date is not changed by middleware engines unless they add additional data that changes the meaning of the time of the message&#xA;* history : the date that the history was assembled. This time would be used as the _since time to ask for subsequent updates&#xA;* searchset : the time that the search set was assembled. Note that different pages MAY have different timestamps but need not. Having different timestamps does not imply that subsequent pages will represent or include changes made since the initial query&#xA;* transaction | transaction-response | batch | batch-response | collection : no particular assigned meaning&#xA;&#xA;The timestamp value should be greater than the lastUpdated and other timestamps in the resources in the bundle, and it should be equal or earlier than the .meta.lastUpdated on the Bundle itself."/><min value="1"/><max value="1"/><base><path value="Bundle.timestamp"/><min value="0"/><max value="1"/></base><type><code value="instant"/></type><constraint><key value="ele-1"/><severity value="error"/><human value="All FHIR elements must have a @value or children"/><expression value="hasValue() or (children().count() &gt; id.count())"/><xpath value="@value|f:*|h:div"/><source value="http://hl7.org/fhir/StructureDefinition/Element"/></constraint><mustSupport value="true"/><isModifier value="false"/><isSummary value="true"/><mapping><identity value="w5"/><map value="FiveWs.init"/></mapping><mapping><identity value="cda"/><map value="ClinicalDocument.effectiveTime"/></mapping></element><element id="Bundle.total"><path value="Bundle.total"/><short value="If search, the total number of matches"/><definition value="If a set of search matches, this is the total number of entries of type 'match' across all pages in the search.  It does not include search.mode = 'include' or 'outcome' entries and it does not provide a count of the number of entries in the Bundle."/><comment value="Only used if the bundle is a search result set. The total does not include resources such as OperationOutcome and included resources, only the total number of matching resources."/><min value="0"/><max value="0"/><base><path value="Bundle.total"/><min value="0"/><max value="1"/></base><type><code value="unsignedInt"/></type><condition value="bdl-1"/><constraint><key value="ele-1"/><severity value="error"/><human value="All FHIR elements must have a @value or children"/><expression value="hasValue() or (children().count() &gt; id.count())"/><xpath value="@value|f:*|h:div"/><source value="http://hl7.org/fhir/StructureDefinition/Element"/></constraint><isModifier value="false"/><isSummary value="true"/></element><element id="Bundle.link"><path value="Bundle.link"/><short value="Links related to this Bundle"/><definition value="A series of links that provide context to this bundle.&#xD;&#xA;このBundleへ文脈情報を付与するための一連のリンク情報。"/><comment value="使用予定はない。　&#xD;&#xA;&#xD;&#xA;Both Bundle.link and Bundle.entry.link are defined to support providing additional context when Bundles are used (e.g. [HATEOAS](http://en.wikipedia.org/wiki/HATEOAS)). &#xA;&#xA;Bundle.entry.link corresponds to links found in the HTTP header if the resource in the entry was [read](http.html#read) directly.&#xA;&#xA;This specification defines some specific uses of Bundle.link for [searching](search.html#conformance) and [paging](http.html#paging), but no specific uses for Bundle.entry.link, and no defined function in a transaction _ the meaning is implementation specific."/><min value="0"/><max value="*"/><base><path value="Bundle.link"/><min value="0"/><max value="*"/></base><type><code value="BackboneElement"/></type><constraint><key value="ele-1"/><severity value="error"/><human value="All FHIR elements must have a @value or children"/><expression value="hasValue() or (children().count() &gt; id.count())"/><xpath value="@value|f:*|h:div"/><source value="http://hl7.org/fhir/StructureDefinition/Element"/></constraint><isModifier value="false"/><isSummary value="true"/></element><element id="Bundle.link.id"><path value="Bundle.link.id"/><representation value="xmlAttr"/><short value="Unique id for inter-element referencing"/><definition value="Unique id for the element within a resource (for internal references). This may be any string value that does not contain spaces."/><min value="0"/><max value="1"/><base><path value="Element.id"/><min value="0"/><max value="1"/></base><type><extension url="http://hl7.org/fhir/StructureDefinition/structuredefinition-fhir-type"><valueUrl value="string"/></extension><code value="http://hl7.org/fhirpath/System.String"/></type><isModifier value="false"/><isSummary value="false"/><mapping><identity value="rim"/><map value="n/a"/></mapping></element><element id="Bundle.link.extension"><path value="Bundle.link.extension"/><short value="Additional content defined by implementations"/><definition value="May be used to represent additional information that is not part of the basic definition of the element. To make the use of extensions safe and manageable, there is a strict set of governance  applied to the definition and use of extensions. Though any implementer can define an extension, there is a set of requirements that SHALL be met as part of the definition of the extension."/><comment value="There can be no stigma associated with the use of extensions by any application, project, or standard - regardless of the institution or jurisdiction that uses or defines the extensions.  The use of extensions is what allows the FHIR specification to retain a core level of simplicity for everyone."/><alias value="extensions"/><alias value="user content"/><min value="0"/><max value="*"/><base><path value="Element.extension"/><min value="0"/><max value="*"/></base><type><code value="Extension"/></type><constraint><key value="ele-1"/><severity value="error"/><human value="All FHIR elements must have a @value or children"/><expression value="hasValue() or (children().count() &gt; id.count())"/><xpath value="@value|f:*|h:div"/><source value="http://hl7.org/fhir/StructureDefinition/Element"/></constraint><constraint><key value="ext-1"/><severity value="error"/><human value="Must have either extensions or value[x], not both"/><expression value="extension.exists() != value.exists()"/><xpath value="exists(f:extension)!=exists(f:*[starts-with(local-name(.), &quot;value&quot;)])"/><source value="http://hl7.org/fhir/StructureDefinition/Extension"/></constraint><isModifier value="false"/><isSummary value="false"/><mapping><identity value="rim"/><map value="n/a"/></mapping></element><element id="Bundle.link.modifierExtension"><path value="Bundle.link.modifierExtension"/><short value="Extensions that cannot be ignored even if unrecognized"/><definition value="May be used to represent additional information that is not part of the basic definition of the element and that modifies the understanding of the element in which it is contained and/or the understanding of the containing element's descendants. Usually modifier elements provide negation or qualification. To make the use of extensions safe and manageable, there is a strict set of governance applied to the definition and use of extensions. Though any implementer can define an extension, there is a set of requirements that SHALL be met as part of the definition of the extension. Applications processing a resource are required to check for modifier extensions.&#xA;&#xA;Modifier extensions SHALL NOT change the meaning of any elements on Resource or DomainResource (including cannot change the meaning of modifierExtension itself)."/><comment value="There can be no stigma associated with the use of extensions by any application, project, or standard - regardless of the institution or jurisdiction that uses or defines the extensions.  The use of extensions is what allows the FHIR specification to retain a core level of simplicity for everyone."/><requirements value="Modifier extensions allow for extensions that *cannot* be safely ignored to be clearly distinguished from the vast majority of extensions which can be safely ignored.  This promotes interoperability by eliminating the need for implementers to prohibit the presence of extensions. For further information, see the [definition of modifier extensions](http://hl7.org/fhir/R4/extensibility.html#modifierExtension)."/><alias value="extensions"/><alias value="user content"/><alias value="modifiers"/><min value="0"/><max value="*"/><base><path value="BackboneElement.modifierExtension"/><min value="0"/><max value="*"/></base><type><code value="Extension"/></type><constraint><key value="ele-1"/><severity value="error"/><human value="All FHIR elements must have a @value or children"/><expression value="hasValue() or (children().count() &gt; id.count())"/><xpath value="@value|f:*|h:div"/><source value="http://hl7.org/fhir/StructureDefinition/Element"/></constraint><constraint><key value="ext-1"/><severity value="error"/><human value="Must have either extensions or value[x], not both"/><expression value="extension.exists() != value.exists()"/><xpath value="exists(f:extension)!=exists(f:*[starts-with(local-name(.), &quot;value&quot;)])"/><source value="http://hl7.org/fhir/StructureDefinition/Extension"/></constraint><isModifier value="true"/><isModifierReason value="Modifier extensions are expected to modify the meaning or interpretation of the element that contains them"/><isSummary value="true"/><mapping><identity value="rim"/><map value="N/A"/></mapping></element><element id="Bundle.link.relation"><path value="Bundle.link.relation"/><short value="See http://www.iana.org/assignments/link-relations/link-relations.xhtml#link-relations-1"/><definition value="A name which details the functional use for this link - see [http://www.iana.org/assignments/link-relations/link-relations.xhtml#link-relations-1](http://www.iana.org/assignments/link-relations/link-relations.xhtml#link-relations-1)."/><min value="1"/><max value="1"/><base><path value="Bundle.link.relation"/><min value="1"/><max value="1"/></base><type><code value="string"/></type><constraint><key value="ele-1"/><severity value="error"/><human value="All FHIR elements must have a @value or children"/><expression value="hasValue() or (children().count() &gt; id.count())"/><xpath value="@value|f:*|h:div"/><source value="http://hl7.org/fhir/StructureDefinition/Element"/></constraint><isModifier value="false"/><isSummary value="true"/></element><element id="Bundle.link.url"><path value="Bundle.link.url"/><short value="Reference details for the link"/><definition value="The reference details for the link."/><min value="1"/><max value="1"/><base><path value="Bundle.link.url"/><min value="1"/><max value="1"/></base><type><code value="uri"/></type><constraint><key value="ele-1"/><severity value="error"/><human value="All FHIR elements must have a @value or children"/><expression value="hasValue() or (children().count() &gt; id.count())"/><xpath value="@value|f:*|h:div"/><source value="http://hl7.org/fhir/StructureDefinition/Element"/></constraint><isModifier value="false"/><isSummary value="true"/></element><element id="Bundle.entry"><path value="Bundle.entry"/><slicing><discriminator><type value="profile"/><path value="resource"/></discriminator><rules value="open"/></slicing><short value="Entry in the bundle - will have a resource or information"/><definition value="An entry in a bundle resource - will either contain a resource or information about a resource (transactions and history only)."/><min value="0"/><max value="*"/><base><path value="Bundle.entry"/><min value="0"/><max value="*"/></base><type><code value="BackboneElement"/></type><orderMeaning value="For bundles of type 'document' and 'message', the first resource is special (must be Composition or MessageHeader respectively). For all bundles, the meaning of the order of entries depends on the bundle type"/><constraint><key value="bdl-5"/><severity value="error"/><human value="must be a resource unless there's a request or response"/><expression value="resource.exists() or request.exists() or response.exists()"/><xpath value="exists(f:resource) or exists(f:request) or exists(f:response)"/><source value="http://hl7.org/fhir/StructureDefinition/Bundle"/></constraint><constraint><key value="bdl-8"/><severity value="error"/><human value="fullUrl cannot be a version specific reference"/><expression value="fullUrl.contains('/_history/').not()"/><xpath value="not(exists(f:fullUrl[contains(string(@value), '/_history/')]))"/><source value="http://hl7.org/fhir/StructureDefinition/Bundle"/></constraint><constraint><key value="ele-1"/><severity value="error"/><human value="All FHIR elements must have a @value or children"/><expression value="hasValue() or (children().count() &gt; id.count())"/><xpath value="@value|f:*|h:div"/><source value="http://hl7.org/fhir/StructureDefinition/Element"/></constraint><isModifier value="false"/><isSummary value="true"/></element><element id="Bundle.signature"><extension url="http://hl7.org/fhir/StructureDefinition/structuredefinition-standards-status"><valueCode value="trial-use"/></extension><path value="Bundle.signature"/><short value="Digital Signature"/><definition value="Digital Signature - base64 encoded. XML-DSig or a JWT."/><comment value="The signature could be created by the &quot;author&quot; of the bundle or by the originating device.   Requirements around inclusion of a signature, verification of signatures and treatment of signed/non-signed bundles is implementation-environment specific."/><requirements value="A Signature holds an electronic representation of a signature and its supporting context in a FHIR accessible form. The signature may either be a cryptographic type (XML DigSig or a JWS), which is able to provide non-repudiation proof, or it may be a graphical image that represents a signature or a signature process. This element allows capturing signatures on documents, messages, transactions or even search responses, to support content-authentication, non-repudiation or other business cases. This is primarily relevant where the bundle may travel through multiple hops or via other mechanisms where HTTPS non-repudiation is insufficient."/><min value="0"/><max value="1"/><base><path value="Bundle.signature"/><min value="0"/><max value="1"/></base><type><code value="Signature"/></type><constraint><key value="ele-1"/><severity value="error"/><human value="All FHIR elements must have a @value or children"/><expression value="hasValue() or (children().count() &gt; id.count())"/><xpath value="@value|f:*|h:div"/><source value="http://hl7.org/fhir/StructureDefinition/Element"/></constraint><isModifier value="false"/><isSummary value="true"/></element></snapshot><differential><element id="Bundle"><path value="Bundle"/><short value="Contains a collection of resources リソース集合を含む文書バンドル"/><definition value="A container for a collection of resources.&#xD;&#xA;リソース集合のためのコンテナ&#xD;&#xA;診療情報交換のための文書形式のバンドルの共通プロファイル"/></element><element id="Bundle.type"><path value="Bundle.type"/><definition value="このバンドルの目的コード。本プロファイルでは document 固定とする。&#xD;&#xA;（document | message | transaction | transaction_response | batch | batch_response | history | searchset | collection）"/><fixedCode value="document"/><mustSupport value="true"/></element><element id="Bundle.timestamp"><path value="Bundle.timestamp"/><short value="このバンドルリソースのインスタンスが作成された日時。"/><definition value="このリソースを生成した日時。時刻の精度はミリ秒とし、タイムゾーンを含めること。　例：&quot;2021-02-01T13:28:17.239+09:00&quot;"/><min value="1"/><mustSupport value="true"/></element><element id="Bundle.total"><path value="Bundle.total"/><max value="0"/></element><element id="Bundle.link"><path value="Bundle.link"/><definition value="A series of links that provide context to this bundle.&#xD;&#xA;このBundleへ文脈情報を付与するための一連のリンク情報。"/><comment value="使用予定はない。　&#xD;&#xA;&#xD;&#xA;Both Bundle.link and Bundle.entry.link are defined to support providing additional context when Bundles are used (e.g. [HATEOAS](http://en.wikipedia.org/wiki/HATEOAS)). &#xA;&#xA;Bundle.entry.link corresponds to links found in the HTTP header if the resource in the entry was [read](http.html#read) directly.&#xA;&#xA;This specification defines some specific uses of Bundle.link for [searching](search.html#conformance) and [paging](http.html#paging), but no specific uses for Bundle.entry.link, and no defined function in a transaction _ the meaning is implementation specific."/></element><element id="Bundle.entry"><path value="Bundle.entry"/><slicing><discriminator><type value="profile"/><path value="resource"/></discriminator><rules value="open"/></slicing></element></differential></StructureDefinition>