<?xml version="1.0" encoding="UTF-8"?><ValueSet xmlns="http://hl7.org/fhir"><id value="jp-valueSet-drugCode-yj"/><text><status value="generated"/><div xmlns="http://www.w3.org/1999/xhtml"><ul><li>Include all codes defined in <code>urn:oid:1.2.392.100495.20.1.73</code></li></ul></div></text><url value="http://jpfhir.jp/fhir/ePrescription/ValueSet/jp-drugCode-yj"/><version value="0.9.3"/><name value="JP_valueSet_drugCode_yj"/><status value="active"/><date value="2022-05-19T07:59:09+00:00"/><publisher value="KOhe"/><contact><name value="KOhe"/><telecom><system value="url"/><value value="http://jpfhir.jp"/></telecom></contact><description value="医薬品コード（YJコード）"/><compose><include><system value="urn:oid:1.2.392.100495.20.1.73"/></include></compose></ValueSet>