<?xml version="1.0" encoding="UTF-8"?><ValueSet xmlns="http://hl7.org/fhir"><id value="jp-valueSet-drugCode-hot9"/><text><status value="generated"/><div xmlns="http://www.w3.org/1999/xhtml"><ul><li>Include all codes defined in <code>urn:oid:1.2.392.200119.4.403.1</code></li></ul></div></text><url value="http://jpfhir.jp/fhir/ePrescription/ValueSet/jp-drugCode-hot9"/><version value="1.0.0"/><name value="JP_valueSet_drugCode_hot9"/><status value="active"/><date value="2022-06-26T00:19:47+00:00"/><publisher value="KOhe"/><contact><name value="KOhe"/><telecom><system value="url"/><value value="http://jpfhir.jp"/></telecom></contact><description value="MEDIS 医薬品コードHOTコード（9桁）"/><compose><include><system value="urn:oid:1.2.392.200119.4.403.1"/></include></compose></ValueSet>