<?xml version="1.0" encoding="UTF-8"?><ValueSet xmlns="http://hl7.org/fhir"><id value="mhlw-valueSet-drugCode-generalNameCode"/><text><status value="generated"/><div xmlns="http://www.w3.org/1999/xhtml"><ul><li>Include all codes defined in <code>urn:oid:1.2.392.100495.20.1.81</code></li></ul></div></text><url value="http://jpfhir.jp/fhir/ePrescription/ValueSet/mhlw-drugCode-generalNameCode"/><version value="1.0.0"/><name value="MHLW_valueSet_drugCode_generalNameCode"/><status value="active"/><date value="2022-05-20T02:53:22+00:00"/><publisher value="KOhe"/><contact><name value="KOhe"/><telecom><system value="url"/><value value="http://jpfhir.jp"/></telecom></contact><description value="厚労省一般処方名マスター(厚労省保険局コード)"/><compose><include><system value="urn:oid:1.2.392.100495.20.1.81"/></include></compose></ValueSet>