{
  "resourceType": "Bundle",
  "id": "EP-nedtesBundle-Example",
  "meta": {
    "profile": [
      "http://jpfhir.jp/fhir/ePrescription/StructureDefinition/EP_Bundle"
    ]
  },
  "identifier": {
    "system": "urn:ietf:rfc:3986",
    "value": "urn:uuid:0c3151bd-1cbf-4d64-b04d-cd9187a4c6e0"
  },
  "type": "document",
  "timestamp": "2020-08-21T12:12:02+09:00",
  "entry": [
    {
      "fullUrl": "urn:uuid:954a5be8-8c83-49d7-9ce5-39ed9b20589a",
      "resource": {
        "resourceType": "Composition",
        "id": "EP-nestedComposition-Example",
        "meta": {
          "profile": [
            "http://jpfhir.jp/fhir/ePrescription/StructureDefinition/EP_Composition"
          ]
        },
        "text": {
          "status": "extensions",
          "div": "<div xmlns=\"http://www.w3.org/1999/xhtml\"><p><b>Generated Narrative</b></p><div style=\"display: inline-block; background-color: #d9e0e7; padding: 6px; margin: 4px; border: 1px solid #8da1b4; border-radius: 5px; line-height: 60%\"><p style=\"margin-bottom: 0px\">Resource \"EP-nestedComposition-Example\" </p><p style=\"margin-bottom: 0px\">Profile: <a href=\"StructureDefinition-EP-Composition.html\">EP_Composition</a></p></div><p><b>versionNumber</b>: 1.0</p><p><b>identifier</b>: id: 1311234567-2020-00123456</p><p><b>status</b>: final</p><p><b>type</b>: 処方箋 <span style=\"background: LightGoldenRodYellow; margin: 4px; border: 1px solid khaki\"> (<a href=\"CodeSystem-jp-codeSystem-documentTypeCode.html\">JP_codeSystem_documentTypeCode</a>#57833-6)</span></p><p><b>category</b>: 分割一般処方 <span style=\"background: LightGoldenRodYellow; margin: 4px; border: 1px solid khaki\"> (<a href=\"CodeSystem-jp-codeSystem-prescription-category.html\">JP_codeSystem_prescription_category</a>#03)</span></p><p><b>date</b>: 2020-08-21 12:12:22+0900</p><p><b>author</b>: <a href=\"#PractitionerRole_PractitionerRole-for-JP-MedReq-ePreData-Example-bunkatsu\">See above (PractitionerRole/PractitionerRole-for-JP-MedReq-ePreData-Example-bunkatsu)</a></p><p><b>title</b>: 分割処方箋</p></div>"
        },
        "extension": [
          {
            "url": "http://hl7.org/fhir/StructureDefinition/composition-clinicaldocument-versionNumber",
            "valueString": "1.0"
          }
        ],
        "identifier": {
          "system": "http://jpfhir.jp/fhir/Common/IdSystem/resourceInstance-identifier",
          "value": "1311234567-2020-00123456"
        },
        "status": "final",
        "type": {
          "coding": [
            {
              "system": "http://jpfhir.jp/fhir/Common/CodeSystem/doc-typecodes",
              "code": "57833-6",
              "display": "処方箋"
            }
          ]
        },
        "category": [
          {
            "coding": [
              {
                "system": "http://jpfhir.jp/fhir/ePrescription/CodeSystem/prescription-category",
                "code": "03",
                "display": "分割一般処方"
              }
            ]
          }
        ],
        "date": "2020-08-21T12:12:22+09:00",
        "author": [
          {
            "reference": "PractitionerRole/PractitionerRole-for-JP-MedReq-ePreData-Example-bunkatsu"
          }
        ],
        "title": "分割処方箋",
        "section": [
          {
            "title": "分割処方箋セクション",
            "code": {
              "coding": [
                {
                  "system": "http://jpfhir.jp/fhir/ePrescription/CodeSystem/prescription-section",
                  "code": "11",
                  "display": "分割処方箋セクション"
                }
              ]
            },
            "text": {
              "status": "generated",
              "div": "<div xmlns=\"http://www.w3.org/1999/xhtml\">xxx</div>"
            },
            "entry": [
              {
                "reference": "Bundle/EP-Bundle01Inline-Example"
              }
            ]
          }
        ]
      }
    },
    {
      "fullUrl": "urn:uuid:9495ef34-a77d-4f3e-8dce-5688e169d0fa",
      "resource": {
        "resourceType": "Bundle",
        "id": "EP-Bundle01Inline-Example",
        "meta": {
          "profile": [
            "http://jpfhir.jp/fhir/ePrescription/StructureDefinition/EP_Bundle_inline"
          ]
        },
        "identifier": {
          "system": "urn:ietf:rfc:3986",
          "value": "urn:uuid:0c3151bd-1cbf-4d64-b04d-cd9187a4c6e0"
        },
        "type": "document",
        "timestamp": "2020-08-21T12:12:21+09:00",
        "entry": [
          {
            "fullUrl": "urn:uuid:20ade057-b106-9223-585e-20aa8d1635af",
            "resource": {
              "resourceType": "Composition",
              "id": "Inline-Instance-for-EP-Bundle-ePreData-Example01-1",
              "meta": {
                "profile": [
                  "http://jpfhir.jp/fhir/ePrescription/StructureDefinition/EP_Composition"
                ]
              },
              "extension": [
                {
                  "url": "http://hl7.org/fhir/StructureDefinition/composition-clinicaldocument-versionNumber",
                  "valueString": "1"
                }
              ],
              "identifier": {
                "system": "http://jpfhir.jp/fhir/Common/IdSystem/resourceInstance-identifier",
                "value": "34875506"
              },
              "status": "final",
              "type": {
                "coding": [
                  {
                    "system": "http://jpfhir.jp/fhir/Common/CodeSystem/doc-typecodes",
                    "code": "57833-6",
                    "display": "処方箋"
                  }
                ]
              },
              "category": [
                {
                  "coding": [
                    {
                      "system": "http://jpfhir.jp/fhir/ePrescription/CodeSystem/prescription-category",
                      "code": "01",
                      "display": "一般処方箋"
                    }
                  ]
                }
              ],
              "subject": {
                "reference": "urn:uuid:e22017ff-4c65-649c-2dfe-c6676b654be5",
                "display": "患者リソースPatient"
              },
              "encounter": {
                "reference": "urn:uuid:d151a740-d8a1-9c19-29f0-f52476e619d7",
                "display": "受診Encounterリソース"
              },
              "date": "2020-08-21T12:12:20+09:00",
              "author": [
                {
                  "reference": "urn:uuid:2e61a47b-a7fa-1d23-ebbf-eade736e9b00"
                }
              ],
              "title": "処方箋",
              "custodian": {
                "reference": "urn:uuid:51c6333d-92ff-0113-56cd-a1f566f43a09",
                "display": "処方箋交付責任機関Organaizationリソース"
              },
              "event": [
                {
                  "code": [
                    {
                      "text": "処方箋交付"
                    }
                  ],
                  "period": {
                    "start": "2020-08-21"
                  }
                }
              ],
              "section": [
                {
                  "title": "処方情報",
                  "code": {
                    "coding": [
                      {
                        "system": "http://jpfhir.jp/fhir/ePrescription/CodeSystem/prescription-section",
                        "code": "01",
                        "display": "処方情報セクション"
                      }
                    ]
                  },
                  "entry": [
                    {
                      "reference": "urn:uuid:a58040b7-6283-fb0c-4b25-a17dca08cc3d",
                      "display": "処方指示 内服処方7日分MedicationRequestリソース"
                    },
                    {
                      "reference": "urn:uuid:632cdb4b-36fe-05fb-9a3d-b4230cb7e608",
                      "display": "処方指示 外用MedicationRequestリソース"
                    }
                  ]
                }
              ]
            }
          }
        ]
      }
    },
    {
      "fullUrl": "urn:uuid:ef7892cc-fb3a-b951-9ac7-f8cd6c746f0a",
      "resource": {
        "resourceType": "Organization",
        "id": "OrgIssuer-for-JP-MedReq-ePreData-Example-bunkatsu",
        "meta": {
          "profile": [
            "http://jpfhir.jp/fhir/ePrescription/StructureDefinition/JP_Organization_ePrescriptionData_issuer"
          ]
        },
        "text": {
          "status": "extensions",
          "div": "<div xmlns=\"http://www.w3.org/1999/xhtml\"><p><b>Generated Narrative</b></p><div style=\"display: inline-block; background-color: #d9e0e7; padding: 6px; margin: 4px; border: 1px solid #8da1b4; border-radius: 5px; line-height: 60%\"><p style=\"margin-bottom: 0px\">Resource \"OrgIssuer-for-JP-MedReq-ePreData-Example-bunkatsu\" </p><p style=\"margin-bottom: 0px\">Profile: <a href=\"StructureDefinition-JP-Organization-ePrescriptionData-issuer.html\">JP_Organization_ePrescriptionData_issuer</a></p></div><p><b>JP Core Organization PrefectureNo Extension</b>: id: 13</p><p><b>JP Core Organization InsuranceOrganizationCategory Extension</b>: id: 1</p><p><b>JP Core Organization InsuranceOrganizationNo Extension</b>: id: 1234567</p><p><b>identifier</b>: id: 1311234567</p><p><b>type</b>: Healthcare Provider <span style=\"background: LightGoldenRodYellow; margin: 4px; border: 1px solid khaki\"> (<a href=\"http://terminology.hl7.org/3.1.0/CodeSystem-organization-type.html\">Organization type</a>#prov)</span></p><p><b>name</b>: 第一病院</p><p><b>telecom</b>: ph: 0123-456-7890, fax: 0123-456-7891, 090-9999-9999</p><p><b>address</b>: 神奈川県横浜市港区１−２−３</p></div>"
        },
        "extension": [
          {
            "url": "http://jpfhir.jp/fhir/core/Extension/StructureDefinition/JP_Organization_PrefectureNo",
            "valueIdentifier": {
              "system": "urn:oid:1.2.392.100495.20.3.21",
              "value": "13"
            }
          },
          {
            "url": "http://jpfhir.jp/fhir/core/Extension/StructureDefinition/JP_Organization_InsuranceOrganizationCategory",
            "valueIdentifier": {
              "system": "urn:oid:1.2.392.100495.20.3.22",
              "value": "1"
            }
          },
          {
            "url": "http://jpfhir.jp/fhir/core/Extension/StructureDefinition/JP_Organization_InsuranceOrganizationNo",
            "valueIdentifier": {
              "system": "urn:oid:1.2.392.100495.20.3.23",
              "value": "1234567"
            }
          }
        ],
        "identifier": [
          {
            "system": "http://jpfhir.jp/fhir/Common/IdSystem/insurance-medical-institution-no",
            "value": "1311234567"
          }
        ],
        "type": [
          {
            "coding": [
              {
                "system": "http://terminology.hl7.org/CodeSystem/organization-type",
                "code": "prov"
              }
            ]
          }
        ],
        "name": "第一病院",
        "telecom": [
          {
            "system": "phone",
            "value": "0123-456-7890"
          },
          {
            "system": "fax",
            "value": "0123-456-7891"
          },
          {
            "system": "other",
            "value": "090-9999-9999"
          }
        ],
        "address": [
          {
            "text": "神奈川県横浜市港区１−２−３",
            "postalCode": "123-4567",
            "country": "JP"
          }
        ]
      }
    },
    {
      "fullUrl": "urn:uuid:37eab6c7-473a-aed1-3297-766839896d47",
      "resource": {
        "resourceType": "PractitionerRole",
        "id": "PractitionerRole-for-JP-MedReq-ePreData-Example-bunkatsu",
        "meta": {
          "profile": [
            "http://jpfhir.jp/fhir/ePrescription/StructureDefinition/JP_PractitionerRole_ePrescriptionData_author"
          ]
        },
        "text": {
          "status": "generated",
          "div": "<div xmlns=\"http://www.w3.org/1999/xhtml\"><p><b>Generated Narrative</b></p><div style=\"display: inline-block; background-color: #d9e0e7; padding: 6px; margin: 4px; border: 1px solid #8da1b4; border-radius: 5px; line-height: 60%\"><p style=\"margin-bottom: 0px\">Resource \"PractitionerRole-for-JP-MedReq-ePreData-Example-bunkatsu\" </p><p style=\"margin-bottom: 0px\">Profile: <a href=\"StructureDefinition-JP-PractitionerRole-ePrescriptionData-author.html\">JP_PractitionerRole_ePrescriptionData_author</a></p></div><p><b>identifier</b>: id: 701</p><p><b>practitioner</b>: <a href=\"#Practitioner_Practitioner-for-JP-MedReq-ePreData-Example-bunkatsu\">See above (Practitioner/Practitioner-for-JP-MedReq-ePreData-Example-bunkatsu: 医療者Practionerリソース)</a></p><p><b>organization</b>: <a href=\"#Organization_OrgIssuer-for-JP-MedReq-ePreData-Example-bunkatsu\">See above (Organization/OrgIssuer-for-JP-MedReq-ePreData-Example-bunkatsu: 医療機関Organizationリソース)</a></p><p><b>code</b>: 医師 <span style=\"background: LightGoldenRodYellow; margin: 4px; border: 1px solid khaki\"> (<a href=\"CodeSystem-jp-codeSystem-practitioner-role-category.html\">JP_codeSystem_practitioner_role_category</a>#doctor)</span></p></div>"
        },
        "identifier": [
          {
            "system": "http://exapmleHospital.jp/IdSystem/hisUserRoleId",
            "value": "701"
          }
        ],
        "practitioner": {
          "reference": "Practitioner/Practitioner-for-JP-MedReq-ePreData-Example-bunkatsu",
          "display": "医療者Practionerリソース"
        },
        "organization": {
          "reference": "Organization/OrgIssuer-for-JP-MedReq-ePreData-Example-bunkatsu",
          "display": "医療機関Organizationリソース"
        },
        "code": [
          {
            "coding": [
              {
                "system": "http://jpfhir.jp/fhir/Common/CodeSystem/practitioner-role-category",
                "code": "doctor"
              }
            ]
          }
        ]
      }
    },
    {
      "fullUrl": "urn:uuid:07a43eb6-71d3-816a-0767-45a2a9b39899",
      "resource": {
        "resourceType": "Practitioner",
        "id": "Practitioner-for-JP-MedReq-ePreData-Example-bunkatsu",
        "meta": {
          "profile": [
            "http://jpfhir.jp/fhir/ePrescription/StructureDefinition/JP_Practitioner_ePrescriptionData_author"
          ]
        },
        "language": "ja",
        "text": {
          "status": "generated",
          "div": "<div xmlns=\"http://www.w3.org/1999/xhtml\" xml:lang=\"ja\" lang=\"ja\"><p><b>Generated Narrative</b></p><div style=\"display: inline-block; background-color: #d9e0e7; padding: 6px; margin: 4px; border: 1px solid #8da1b4; border-radius: 5px; line-height: 60%\"><p style=\"margin-bottom: 0px\">Resource \"Practitioner-for-JP-MedReq-ePreData-Example-bunkatsu\"  (Language \"ja\") </p><p style=\"margin-bottom: 0px\">Profile: <a href=\"StructureDefinition-JP-Practitioner-ePrescriptionData-author.html\">JP_Practitioner_ePrescriptionData_author</a></p></div><p><b>identifier</b>: id: 123</p><p><b>name</b>: 神奈川　花子, カナガワ　ハナコ</p><blockquote><p><b>qualification</b></p><p><b>identifier</b>: id: 123456</p><p><b>code</b>: 医師 <span style=\"background: LightGoldenRodYellow; margin: 4px; border: 1px solid khaki\"> (<a href=\"CodeSystem-jp-codeSystem-practitioner-certificate-category.html\">JP_codeSystem_practitioner_certificate_category</a>#MedicalDoctorLicense)</span></p></blockquote><blockquote><p><b>qualification</b></p><p><b>identifier</b>: id: 4-321</p><p><b>code</b>: 麻薬施用者 <span style=\"background: LightGoldenRodYellow; margin: 4px; border: 1px solid khaki\"> (<a href=\"CodeSystem-jp-codeSystem-practitioner-certificate-category.html\">JP_codeSystem_practitioner_certificate_category</a>#NarcoticsPractitioner)</span></p></blockquote></div>"
        },
        "identifier": [
          {
            "system": "urn:oid:1.2.392.100495.20.3.41.11311234567",
            "value": "123"
          }
        ],
        "name": [
          {
            "extension": [
              {
                "url": "http://hl7.org/fhir/StructureDefinition/iso21090-EN-representation",
                "valueCode": "IDE"
              }
            ],
            "text": "神奈川　花子",
            "family": "神奈川",
            "given": [
              "花子"
            ]
          },
          {
            "extension": [
              {
                "url": "http://hl7.org/fhir/StructureDefinition/iso21090-EN-representation",
                "valueCode": "SYL"
              }
            ],
            "text": "カナガワ　ハナコ",
            "family": "カナガワ",
            "given": [
              "ハナコ"
            ]
          }
        ],
        "qualification": [
          {
            "identifier": [
              {
                "system": "urn:oid:1.2.392.100495.20.3.31",
                "value": "123456"
              }
            ],
            "code": {
              "coding": [
                {
                  "system": "http://jpfhir.jp/fhir/core/CodeSystem/practitioner-certificate-category",
                  "code": "MedicalDoctorLicense"
                }
              ]
            }
          },
          {
            "identifier": [
              {
                "system": "urn:oid:1.2.392.100495.20.3.32.113",
                "value": "4-321"
              }
            ],
            "code": {
              "coding": [
                {
                  "system": "http://jpfhir.jp/fhir/core/CodeSystem/practitioner-certificate-category",
                  "code": "NarcoticsPractitioner"
                }
              ]
            }
          }
        ]
      }
    }
  ]
}