<?xml version="1.0" encoding="UTF-8"?>

<Bundle xmlns="http://hl7.org/fhir">
  <id value="Bundle02-for-JP-MedReq-ePreData-Example-bunkatsu"/>
  <meta>
    <profile value="http://jpfhir.jp/fhir/ePrescription/StructureDefinition/JP_Bundle_ePrescriptionData"/>
  </meta>
  <identifier>
    <system value="urn:ietf:rfc:3986"/>
    <value value="urn:uuid:0c3151bd-1cbf-4d64-b04d-cd9187a4c6e0"/>
  </identifier>
  <type value="document"/>
  <timestamp value="2020-08-21T12:12:21+09:00"/>
  <entry>
    <fullUrl value="urn:uuid:3d9d51fd-9c54-7455-acd1-334a7b814bad"/>
    <resource>
      <Composition>
        <id value="Inline-Instance-for-JP-Bundle-ePreData-Example02-1"/>
        <meta>
          <profile value="http://jpfhir.jp/fhir/ePrescription/StructureDefinition/JP_Composition_ePrescriptionData"/>
        </meta>
        <text>
          <status value="extensions"/><div xmlns="http://www.w3.org/1999/xhtml"><p><b>Generated Narrative</b></p><div style="display: inline-block; background-color: #d9e0e7; padding: 6px; margin: 4px; border: 1px solid #8da1b4; border-radius: 5px; line-height: 60%"><p style="margin-bottom: 0px">Resource "Inline-Instance-for-JP-Bundle-ePreData-Example02-1" </p><p style="margin-bottom: 0px">Profile: <a href="StructureDefinition-JP-Composition-ePrescriptionData.html">JP_Composition_ePrescriptionData</a></p></div><p><b>versionNumber</b>: 1</p><p><b>identifier</b>: id: 34875506</p><p><b>status</b>: final</p><p><b>type</b>: 処方箋 <span style="background: LightGoldenRodYellow; margin: 4px; border: 1px solid khaki"> (<a href="CodeSystem-jp-codeSystem-documentTypeCode.html">JP_codeSystem_documentTypeCode</a>#57833-6)</span></p><p><b>category</b>: 一般処方箋 <span style="background: LightGoldenRodYellow; margin: 4px; border: 1px solid khaki"> (<a href="CodeSystem-jp-codeSystem-prescription-category.html">JP_codeSystem_prescription_category</a>#01)</span></p><p><b>encounter</b>: <a href="#Encounter_Inline-Instance-for-JP-Bundle-ePreData-Example02-3">See above (urn:uuid:c81aba39-0aba-4d4e-b06f-39f721ae3c2c: 受診Encounterリソース)</a></p><p><b>date</b>: 2020-08-21 12:12:20+0900</p><p><b>author</b>: </p><ul><li><a href="#PractitionerRole_Inline-Instance-for-JP-Bundle-ePreData-Example02-10">See above (urn:uuid:5c96291d-5d8c-02c1-e5a5-1cee31ad1bf4: 処方作成者PractitionerRoleリソース)</a></li><li><a href="#Organization_Inline-Instance-for-JP-Bundle-ePreData-Example02-8">See above (urn:uuid:24d770ee-41ab-b0e0-3138-de036e37b288: 処方作成機関Organaizationリソース)</a></li></ul><p><b>title</b>: 処方箋</p><p><b>custodian</b>: <a href="#Organization_Inline-Instance-for-JP-Bundle-ePreData-Example02-8">See above (urn:uuid:24d770ee-41ab-b0e0-3138-de036e37b288: 処方箋交付責任機関Organaizationリソース)</a></p><h3>Events</h3><table class="grid"><tr><td>-</td><td><b>Code</b></td><td><b>Period</b></td></tr><tr><td>*</td><td>処方箋交付 <span style="background: LightGoldenRodYellow; margin: 4px; border: 1px solid khaki"> ()</span></td><td>2020-08-28 --&gt; (ongoing)</td></tr></table></div>
        </text>
        <extension url="http://hl7.org/fhir/StructureDefinition/composition-clinicaldocument-versionNumber">
          <valueString value="1"/>
        </extension>
        <identifier>
          <system value="http://jpfhir.jp/fhir/Common/IdSystem/resourceInstance-identifier"/>
          <value value="34875506"/>
        </identifier>
        <status value="final"/>
        <type>
          <coding>
            <system value="http://jpfhir.jp/fhir/Common/CodeSystem/doc-typecodes"/>
            <code value="57833-6"/>
            <display value="処方箋"/>
          </coding>
        </type>
        <category>
          <coding>
            <system value="http://jpfhir.jp/fhir/ePrescription/CodeSystem/prescription-category"/>
            <code value="01"/>
            <display value="一般処方箋"/>
          </coding>
        </category>
        <subject>
          <reference value="urn:uuid:16ae585e-f47a-c838-b215-85b4abfc8c3d"/>
          <display value="患者リソースPatient"/>
        </subject>
        <encounter>
          <reference value="urn:uuid:c81aba39-0aba-4d4e-b06f-39f721ae3c2c"/>
          <display value="受診Encounterリソース"/>
        </encounter>
        <date value="2020-08-21T12:12:20+09:00"/>
        <author>
          <reference value="urn:uuid:5c96291d-5d8c-02c1-e5a5-1cee31ad1bf4"/>
          <display value="処方作成者PractitionerRoleリソース"/>
        </author>
        <author>
          <reference value="urn:uuid:24d770ee-41ab-b0e0-3138-de036e37b288"/>
          <display value="処方作成機関Organaizationリソース"/>
        </author>
        <title value="処方箋"/>
        <custodian>
          <reference value="urn:uuid:24d770ee-41ab-b0e0-3138-de036e37b288"/>
          <display value="処方箋交付責任機関Organaizationリソース"/>
        </custodian>
        <event>
          <code>
            <text value="処方箋交付"/>
          </code>
          <period>
            <start value="2020-08-28"/>
          </period>
        </event>
        <section>
          <title value="処方情報"/>
          <code>
            <coding>
              <system value="http://jpfhir.jp/fhir/ePrescription/CodeSystem/prescription-section"/>
              <code value="01"/>
              <display value="処方情報セクション"/>
            </coding>
          </code>
          <entry>
            <reference value="urn:uuid:ed36a3ae-0625-faa6-fbb9-b9b2ab00ec03"/>
            <display value="健康保険Coverage"/>
          </entry>
          <entry>
            <reference value="urn:uuid:97b4a2b1-cd91-8f1f-d81c-8297407c94ee"/>
            <display value="健康保険者Organaization"/>
          </entry>
          <entry>
            <reference value="urn:uuid:49e8f3a2-8b29-1d58-1366-556504d32a33"/>
            <display value="公費負担Coverage"/>
          </entry>
          <entry>
            <reference value="urn:uuid:60ddc218-7a8b-f0ca-2e75-c9aed06ffd83"/>
            <display value="公費負担者Organaization"/>
          </entry>
          <entry>
            <reference value="urn:uuid:398bd608-dd06-76ed-54e0-fd72eb503b40"/>
            <display value="処方指示 内服処方7日分MedicationRequestリソース"/>
          </entry>
          <entry>
            <reference value="urn:uuid:b1ba0abe-58e1-b6c3-91ea-def6f2b5aa0a"/>
            <display value="処方指示 外用点眼MedicationRequestリソース"/>
          </entry>
          <entry>
            <reference value="urn:uuid:76c44b69-13d4-2c32-57f4-5cd918f10c28"/>
            <display value="調剤者への指示"/>
          </entry>
        </section>
      </Composition>
    </resource>
  </entry>
  <entry>
    <fullUrl value="urn:uuid:16ae585e-f47a-c838-b215-85b4abfc8c3d"/>
    <resource>
      <Patient>
        <id value="Inline-Instance-for-JP-Bundle-ePreData-Example02-2"/>
        <meta>
          <profile value="http://jpfhir.jp/fhir/ePrescription/StructureDefinition/JP_Patient_ePrescriptionData"/>
        </meta>
        <text>
          <status value="generated"/><div xmlns="http://www.w3.org/1999/xhtml"><p><b>Generated Narrative</b></p><div style="display: inline-block; background-color: #d9e0e7; padding: 6px; margin: 4px; border: 1px solid #8da1b4; border-radius: 5px; line-height: 60%"><p style="margin-bottom: 0px">Resource "Inline-Instance-for-JP-Bundle-ePreData-Example02-2" </p><p style="margin-bottom: 0px">Profile: <a href="StructureDefinition-JP-Patient-ePrescriptionData.html">JP_Patient_ePrescriptionData</a></p></div><p><b>identifier</b>: id: 00000010</p><p><b>name</b>: 東京　太郎(OFFICIAL), トウキョウ　タロウ(OFFICIAL)</p><p><b>gender</b>: male</p><p><b>birthDate</b>: 1920-02-11</p><p><b>address</b>: 神奈川県横浜市港区１－２－３</p></div>
        </text>
        <identifier>
          <system value="urn:oid:1.2.392.100495.20.3.51.11311234567"/>
          <value value="00000010"/>
        </identifier>
        <name>
          <extension url="http://hl7.org/fhir/StructureDefinition/iso21090-EN-representation">
            <valueCode value="IDE"/>
          </extension>
          <use value="official"/>
          <text value="東京　太郎"/>
          <family value="東京"/>
          <given value="太郎"/>
        </name>
        <name>
          <extension url="http://hl7.org/fhir/StructureDefinition/iso21090-EN-representation">
            <valueCode value="SYL"/>
          </extension>
          <use value="official"/>
          <text value="トウキョウ　タロウ"/>
          <family value="トウキョウ"/>
          <given value="タロウ"/>
        </name>
        <gender value="male"/>
        <birthDate value="1920-02-11"/>
        <address>
          <text value="神奈川県横浜市港区１－２－３"/>
          <postalCode value="123-4567"/>
          <country value="JP"/>
        </address>
      </Patient>
    </resource>
  </entry>
  <entry>
    <fullUrl value="urn:uuid:c81aba39-0aba-4d4e-b06f-39f721ae3c2c"/>
    <resource>
      <Encounter>
        <id value="Inline-Instance-for-JP-Bundle-ePreData-Example02-3"/>
        <meta>
          <profile value="http://jpfhir.jp/fhir/ePrescription/StructureDefinition/JP_Encounter_ePrescriptionData"/>
        </meta>
        <text>
          <status value="generated"/><div xmlns="http://www.w3.org/1999/xhtml"><p><b>Generated Narrative</b></p><div style="display: inline-block; background-color: #d9e0e7; padding: 6px; margin: 4px; border: 1px solid #8da1b4; border-radius: 5px; line-height: 60%"><p style="margin-bottom: 0px">Resource "Inline-Instance-for-JP-Bundle-ePreData-Example02-3" </p><p style="margin-bottom: 0px">Profile: <a href="StructureDefinition-JP-Encounter-ePrescriptionData.html">JP_Encounter_ePrescriptionData</a></p></div><p><b>status</b>: finished</p><p><b>class</b>: 外来 (Details: http://terminology.hl7.org/CodeSystem/v3-ActCode code AMB = 'ambulatory', stated as '外来')</p></div>
        </text>
        <status value="finished"/>
        <class>
          <system value="http://terminology.hl7.org/CodeSystem/v3-ActCode"/>
          <code value="AMB"/>
          <display value="外来"/>
        </class>
      </Encounter>
    </resource>
  </entry>
  <entry>
    <fullUrl value="urn:uuid:ed36a3ae-0625-faa6-fbb9-b9b2ab00ec03"/>
    <resource>
      <Coverage>
        <id value="Inline-Instance-for-JP-Bundle-ePreData-Example02-4"/>
        <meta>
          <profile value="http://jpfhir.jp/fhir/ePrescription/StructureDefinition/JP_Coverage_ePrescriptionData_insurance"/>
        </meta>
        <text>
          <status value="extensions"/><div xmlns="http://www.w3.org/1999/xhtml"><p><b>Generated Narrative</b></p><div style="display: inline-block; background-color: #d9e0e7; padding: 6px; margin: 4px; border: 1px solid #8da1b4; border-radius: 5px; line-height: 60%"><p style="margin-bottom: 0px">Resource "Inline-Instance-for-JP-Bundle-ePreData-Example02-4" </p><p style="margin-bottom: 0px">Profile: <a href="StructureDefinition-JP-Coverage-ePrescriptionData-insurance.html">JP_Coverage_ePrescriptionData_insurance</a></p></div><p><b>JP Core Coverage InsuredPersonSymbol Extension</b>: 12345</p><p><b>JP Core Coverage InsuredPersonNumber Extension</b>: ６７８９０</p><p><b>JP Core Coverage InsuredPersonSubNumber Extension</b>: 01</p><p><b>status</b>: active</p><p><b>type</b>: 医保 <span style="background: LightGoldenRodYellow; margin: 4px; border: 1px solid khaki"> (<a href="CodeSystem-mhlw-codeSystem-ePreCDA-insuranceCategory-tbl11.html">MHLW_codeSystem_ePreCDA_insuranceCategory_tbl11</a>#1)</span></p><p><b>beneficiary</b>: <a href="#Patient_Inline-Instance-for-JP-Bundle-ePreData-Example02-2">See above (urn:uuid:16ae585e-f47a-c838-b215-85b4abfc8c3d: 患者Patientリソース)</a></p><p><b>dependent</b>: 01</p><p><b>relationship</b>: 被保険者 <span style="background: LightGoldenRodYellow; margin: 4px; border: 1px solid khaki"> (<a href="CodeSystem-mhlw-codeSystem-ePreCDA-insuredRelationship-tbl12.html">MHLW_codeSystem_ePreCDA_insuredRelationship_tbl12</a>#1)</span></p><p><b>period</b>: 2018-04-01 --&gt; (ongoing)</p><p><b>payor</b>: <a href="#Organization_Inline-Instance-for-JP-Bundle-ePreData-Example02-6">See above (urn:uuid:97b4a2b1-cd91-8f1f-d81c-8297407c94ee: 保険者Organizationリソース)</a></p><h3>CostToBeneficiaries</h3><table class="grid"><tr><td>-</td><td><b>Type</b></td><td><b>Value[x]</b></td></tr><tr><td>*</td><td>負担率 <span style="background: LightGoldenRodYellow; margin: 4px; border: 1px solid khaki"> (<a href="http://terminology.hl7.org/3.1.0/CodeSystem-coverage-copay-type.html">Coverage Copay Type Codes</a>#copaypct)</span></td><td>30 %<span style="background: LightGoldenRodYellow"> (Details: UCUM code % = '%')</span></td></tr></table></div>
        </text>
        <extension url="http://jpfhir.jp/fhir/core/Extension/StructureDefinition/JP_Coverage_InsuredPersonSymbol">
          <valueString value="12345"/>
        </extension>
        <extension url="http://jpfhir.jp/fhir/core/Extension/StructureDefinition/JP_Coverage_InsuredPersonNumber">
          <valueString value="６７８９０"/>
        </extension>
        <extension url="http://jpfhir.jp/fhir/core/Extension/StructureDefinition/JP_Coverage_InsuredPersonSubNumber">
          <valueString value="01"/>
        </extension>
        <status value="active"/>
        <type>
          <coding>
            <system value="urn:oid:1.2.392.100495.20.2.61"/>
            <code value="1"/>
          </coding>
        </type>
        <beneficiary>
          <reference value="urn:uuid:16ae585e-f47a-c838-b215-85b4abfc8c3d"/>
          <display value="患者Patientリソース"/>
        </beneficiary>
        <dependent value="01"/>
        <relationship>
          <coding>
            <system value="urn:oid:1.2.392.100495.20.2.62"/>
            <code value="1"/>
            <display value="被保険者"/>
          </coding>
        </relationship>
        <period>
          <start value="2018-04-01"/>
        </period>
        <payor>
          <reference value="urn:uuid:97b4a2b1-cd91-8f1f-d81c-8297407c94ee"/>
          <display value="保険者Organizationリソース"/>
        </payor>
        <costToBeneficiary>
          <type>
            <coding>
              <system value="http://terminology.hl7.org/CodeSystem/coverage-copay-type"/>
              <code value="copaypct"/>
              <display value="負担率"/>
            </coding>
          </type>
          <valueQuantity>
            <value value="30"/>
            <unit value="%"/>
            <system value="http://unitsofmeasure.org"/>
            <code value="%"/>
          </valueQuantity>
        </costToBeneficiary>
      </Coverage>
    </resource>
  </entry>
  <entry>
    <fullUrl value="urn:uuid:49e8f3a2-8b29-1d58-1366-556504d32a33"/>
    <resource>
      <Coverage>
        <id value="Inline-Instance-for-JP-Bundle-ePreData-Example02-5"/>
        <meta>
          <profile value="http://jpfhir.jp/fhir/ePrescription/StructureDefinition/JP_Coverage_ePrescriptionData_publicPayment"/>
        </meta>
        <text>
          <status value="generated"/><div xmlns="http://www.w3.org/1999/xhtml"><p><b>Generated Narrative</b></p><div style="display: inline-block; background-color: #d9e0e7; padding: 6px; margin: 4px; border: 1px solid #8da1b4; border-radius: 5px; line-height: 60%"><p style="margin-bottom: 0px">Resource "Inline-Instance-for-JP-Bundle-ePreData-Example02-5" </p><p style="margin-bottom: 0px">Profile: <a href="StructureDefinition-JP-Coverage-ePrescriptionData-publicPayment.html">JP_Coverage_ePrescriptionData_publicPayment</a></p></div><p><b>status</b>: active</p><p><b>type</b>: 公費 <span style="background: LightGoldenRodYellow; margin: 4px; border: 1px solid khaki"> (<a href="CodeSystem-mhlw-codeSystem-ePreCDA-insuranceCategory-tbl11.html">MHLW_codeSystem_ePreCDA_insuranceCategory_tbl11</a>#8)</span></p><p><b>subscriberId</b>: 12345678</p><p><b>beneficiary</b>: <a href="#Patient_Inline-Instance-for-JP-Bundle-ePreData-Example02-2">See above (urn:uuid:16ae585e-f47a-c838-b215-85b4abfc8c3d: 患者Patientリソース)</a></p><p><b>period</b>: 2020-01-01 --&gt; 2020-12-31</p><p><b>payor</b>: <a href="#Organization_Inline-Instance-for-JP-Bundle-ePreData-Example02-7">See above (urn:uuid:60ddc218-7a8b-f0ca-2e75-c9aed06ffd83: 公費負担者Organization)</a></p><p><b>order</b>: 1</p><h3>CostToBeneficiaries</h3><table class="grid"><tr><td>-</td><td><b>Type</b></td><td><b>Value[x]</b></td></tr><tr><td>*</td><td>負担率 <span style="background: LightGoldenRodYellow; margin: 4px; border: 1px solid khaki"> (<a href="http://terminology.hl7.org/3.1.0/CodeSystem-coverage-copay-type.html">Coverage Copay Type Codes</a>#copaypct)</span></td><td>10 %<span style="background: LightGoldenRodYellow"> (Details: UCUM code % = '%')</span></td></tr></table></div>
        </text>
        <status value="active"/>
        <type>
          <coding>
            <system value="urn:oid:1.2.392.100495.20.2.61"/>
            <code value="8"/>
          </coding>
        </type>
        <subscriberId value="12345678"/>
        <beneficiary>
          <reference value="urn:uuid:16ae585e-f47a-c838-b215-85b4abfc8c3d"/>
          <display value="患者Patientリソース"/>
        </beneficiary>
        <period>
          <start value="2020-01-01"/>
          <end value="2020-12-31"/>
        </period>
        <payor>
          <reference value="urn:uuid:60ddc218-7a8b-f0ca-2e75-c9aed06ffd83"/>
          <display value="公費負担者Organization"/>
        </payor>
        <order value="1"/>
        <costToBeneficiary>
          <type>
            <coding>
              <system value="http://terminology.hl7.org/CodeSystem/coverage-copay-type"/>
              <code value="copaypct"/>
              <display value="負担率"/>
            </coding>
          </type>
          <valueQuantity>
            <value value="10"/>
            <unit value="%"/>
            <system value="http://unitsofmeasure.org"/>
            <code value="%"/>
          </valueQuantity>
        </costToBeneficiary>
      </Coverage>
    </resource>
  </entry>
  <entry>
    <fullUrl value="urn:uuid:97b4a2b1-cd91-8f1f-d81c-8297407c94ee"/>
    <resource>
      <Organization>
        <id value="Inline-Instance-for-JP-Bundle-ePreData-Example02-6"/>
        <meta>
          <profile value="http://jpfhir.jp/fhir/ePrescription/StructureDefinition/JP_Organization_ePrescriptionData_coveragePayer"/>
        </meta>
        <text>
          <status value="generated"/><div xmlns="http://www.w3.org/1999/xhtml"><p><b>Generated Narrative</b></p><div style="display: inline-block; background-color: #d9e0e7; padding: 6px; margin: 4px; border: 1px solid #8da1b4; border-radius: 5px; line-height: 60%"><p style="margin-bottom: 0px">Resource "Inline-Instance-for-JP-Bundle-ePreData-Example02-6" </p><p style="margin-bottom: 0px">Profile: <a href="StructureDefinition-JP-Organization-ePrescriptionData-coveragePayer.html">JP_Organization_ePrescriptionData_coveragePayer</a></p></div><p><b>identifier</b>: id: 06123456</p><p><b>type</b>: Insurance Company <span style="background: LightGoldenRodYellow; margin: 4px; border: 1px solid khaki"> (<a href="http://terminology.hl7.org/3.1.0/CodeSystem-organization-type.html">Organization type</a>#ins)</span></p><p><b>name</b>: サンプル健康保険組合</p></div>
        </text>
        <identifier>
          <system value="urn:oid:1.2.392.100495.20.3.61"/>
          <value value="06123456"/>
        </identifier>
        <type>
          <coding>
            <system value="http://terminology.hl7.org/CodeSystem/organization-type"/>
            <code value="ins"/>
          </coding>
        </type>
        <name value="サンプル健康保険組合"/>
      </Organization>
    </resource>
  </entry>
  <entry>
    <fullUrl value="urn:uuid:60ddc218-7a8b-f0ca-2e75-c9aed06ffd83"/>
    <resource>
      <Organization>
        <id value="Inline-Instance-for-JP-Bundle-ePreData-Example02-7"/>
        <meta>
          <profile value="http://jpfhir.jp/fhir/ePrescription/StructureDefinition/JP_Organization_ePrescriptionData_coveragePayer"/>
        </meta>
        <text>
          <status value="generated"/><div xmlns="http://www.w3.org/1999/xhtml"><p><b>Generated Narrative</b></p><div style="display: inline-block; background-color: #d9e0e7; padding: 6px; margin: 4px; border: 1px solid #8da1b4; border-radius: 5px; line-height: 60%"><p style="margin-bottom: 0px">Resource "Inline-Instance-for-JP-Bundle-ePreData-Example02-7" </p><p style="margin-bottom: 0px">Profile: <a href="StructureDefinition-JP-Organization-ePrescriptionData-coveragePayer.html">JP_Organization_ePrescriptionData_coveragePayer</a></p></div><p><b>identifier</b>: id: 94733</p><p><b>type</b>: Other <span style="background: LightGoldenRodYellow; margin: 4px; border: 1px solid khaki"> (<a href="http://terminology.hl7.org/3.1.0/CodeSystem-organization-type.html">Organization type</a>#other)</span></p><p><b>name</b>: 神奈川県横浜市</p></div>
        </text>
        <identifier>
          <system value="urn:oid:1.2.392.100495.20.3.71"/>
          <value value="94733"/>
        </identifier>
        <type>
          <coding>
            <system value="http://terminology.hl7.org/CodeSystem/organization-type"/>
            <code value="other"/>
          </coding>
        </type>
        <name value="神奈川県横浜市"/>
      </Organization>
    </resource>
  </entry>
  <entry>
    <fullUrl value="urn:uuid:24d770ee-41ab-b0e0-3138-de036e37b288"/>
    <resource>
      <Organization>
        <id value="Inline-Instance-for-JP-Bundle-ePreData-Example02-8"/>
        <meta>
          <profile value="http://jpfhir.jp/fhir/ePrescription/StructureDefinition/JP_Organization_ePrescriptionData_coveragePayer"/>
        </meta>
        <text>
          <status value="extensions"/><div xmlns="http://www.w3.org/1999/xhtml"><p><b>Generated Narrative</b></p><div style="display: inline-block; background-color: #d9e0e7; padding: 6px; margin: 4px; border: 1px solid #8da1b4; border-radius: 5px; line-height: 60%"><p style="margin-bottom: 0px">Resource "Inline-Instance-for-JP-Bundle-ePreData-Example02-8" </p><p style="margin-bottom: 0px">Profile: <a href="StructureDefinition-JP-Organization-ePrescriptionData-coveragePayer.html">JP_Organization_ePrescriptionData_coveragePayer</a></p></div><p><b>JP Core Organization PrefectureNo Extension</b>: id: 13</p><p><b>JP Core Organization InsuranceOrganizationCategory Extension</b>: id: 1</p><p><b>JP Core Organization InsuranceOrganizationNo Extension</b>: id: 1234567</p><p><b>identifier</b>: id: 1311234567</p><p><b>type</b>: Healthcare Provider <span style="background: LightGoldenRodYellow; margin: 4px; border: 1px solid khaki"> (<a href="http://terminology.hl7.org/3.1.0/CodeSystem-organization-type.html">Organization type</a>#prov)</span></p><p><b>name</b>: 第一病院</p><p><b>telecom</b>: ph: 0123-456-7890</p><p><b>address</b>: 〒100-0001 東京都千代田区千代田９－９－９</p></div>
        </text>
        <extension url="http://jpfhir.jp/fhir/core/Extension/StructureDefinition/JP_Organization_PrefectureNo">
          <valueIdentifier>
            <system value="urn:oid:1.2.392.100495.20.3.21"/>
            <value value="13"/>
          </valueIdentifier>
        </extension>
        <extension url="http://jpfhir.jp/fhir/core/Extension/StructureDefinition/JP_Organization_InsuranceOrganizationCategory">
          <valueIdentifier>
            <system value="urn:oid:1.2.392.100495.20.3.22"/>
            <value value="1"/>
          </valueIdentifier>
        </extension>
        <extension url="http://jpfhir.jp/fhir/core/Extension/StructureDefinition/JP_Organization_InsuranceOrganizationNo">
          <valueIdentifier>
            <system value="urn:oid:1.2.392.100495.20.3.23"/>
            <value value="1234567"/>
          </valueIdentifier>
        </extension>
        <identifier>
          <system value="http://jpfhir.jp/fhir/Common/IdSystem/insurance-medical-institution-no"/>
          <value value="1311234567"/>
        </identifier>
        <type>
          <coding>
            <system value="http://terminology.hl7.org/CodeSystem/organization-type"/>
            <code value="prov"/>
          </coding>
        </type>
        <name value="第一病院"/>
        <telecom>
          <system value="phone"/>
          <value value="0123-456-7890"/>
        </telecom>
        <address>
          <text value="〒100-0001 東京都千代田区千代田９－９－９"/>
        </address>
      </Organization>
    </resource>
  </entry>
  <entry>
    <fullUrl value="urn:uuid:5c96291d-5d8c-02c1-e5a5-1cee31ad1bf4"/>
    <resource>
      <PractitionerRole>
        <id value="Inline-Instance-for-JP-Bundle-ePreData-Example02-10"/>
        <meta>
          <profile value="http://jpfhir.jp/fhir/ePrescription/StructureDefinition/JP_PractitionerRole_ePrescriptionData_author"/>
        </meta>
        <text>
          <status value="generated"/><div xmlns="http://www.w3.org/1999/xhtml"><p><b>Generated Narrative</b></p><div style="display: inline-block; background-color: #d9e0e7; padding: 6px; margin: 4px; border: 1px solid #8da1b4; border-radius: 5px; line-height: 60%"><p style="margin-bottom: 0px">Resource "Inline-Instance-for-JP-Bundle-ePreData-Example02-10" </p><p style="margin-bottom: 0px">Profile: <code>http://jpfhir.jp/fhir/ePrescription/StructureDefinition/JP_PractitionerRole_ePrescriptionData_author</code></p></div><p><b>identifier</b>: id: 702</p><p><b>practitioner</b>: <a href="#Practitioner_Inline-Instance-for-JP-Bundle-ePreData-Example02-11">See above (urn:uuid:92f15eb4-3539-eb38-ebfc-3f2765087f33: 医療者Practionerリソース)</a></p><p><b>organization</b>: <a href="#Organization_Inline-Instance-for-JP-Bundle-ePreData-Example02-8">See above (urn:uuid:24d770ee-41ab-b0e0-3138-de036e37b288: 医療機関Organizationリソース)</a></p><p><b>code</b>: 医師 <span style="background: LightGoldenRodYellow; margin: 4px; border: 1px solid khaki"> (<a href="CodeSystem-jp-codeSystem-practitioner-role-category.html">JP_codeSystem_practitioner_role_category</a>#doctor)</span></p></div>
        </text>
        <identifier>
          <system value="http://exapmleHospital.jp/IdSystem/hisUserRoleId"/>
          <value value="702"/>
        </identifier>
        <practitioner>
          <reference value="urn:uuid:92f15eb4-3539-eb38-ebfc-3f2765087f33"/>
          <display value="医療者Practionerリソース"/>
        </practitioner>
        <organization>
          <reference value="urn:uuid:24d770ee-41ab-b0e0-3138-de036e37b288"/>
          <display value="医療機関Organizationリソース"/>
        </organization>
        <code>
          <coding>
            <system value="http://jpfhir.jp/fhir/Common/CodeSystem/practitioner-role-category"/>
            <code value="doctor"/>
          </coding>
        </code>
      </PractitionerRole>
    </resource>
  </entry>
  <entry>
    <fullUrl value="urn:uuid:92f15eb4-3539-eb38-ebfc-3f2765087f33"/>
    <resource>
      <Practitioner>
        <id value="Inline-Instance-for-JP-Bundle-ePreData-Example02-11"/>
        <meta>
          <profile value="http://jpfhir.jp/fhir/ePrescription/StructureDefinition/JP_Practitioner_ePrescriptionData_author"/>
        </meta>
        <text>
          <status value="generated"/><div xmlns="http://www.w3.org/1999/xhtml"><p><b>Generated Narrative</b></p><div style="display: inline-block; background-color: #d9e0e7; padding: 6px; margin: 4px; border: 1px solid #8da1b4; border-radius: 5px; line-height: 60%"><p style="margin-bottom: 0px">Resource "Inline-Instance-for-JP-Bundle-ePreData-Example02-11" </p><p style="margin-bottom: 0px">Profile: <a href="StructureDefinition-JP-Practitioner-ePrescriptionData-author.html">JP_Practitioner_ePrescriptionData_author</a></p></div><p><b>identifier</b>: id: 123</p><p><b>name</b>: 神奈川　花子, カナガワ　ハナコ</p><blockquote><p><b>qualification</b></p><p><b>identifier</b>: id: 123456</p><p><b>code</b>: 医師 <span style="background: LightGoldenRodYellow; margin: 4px; border: 1px solid khaki"> (<a href="CodeSystem-jp-codeSystem-practitioner-certificate-category.html">JP_codeSystem_practitioner_certificate_category</a>#MedicalDoctorLicense)</span></p></blockquote><blockquote><p><b>qualification</b></p><p><b>identifier</b>: id: 4-321</p><p><b>code</b>: 麻薬施用者 <span style="background: LightGoldenRodYellow; margin: 4px; border: 1px solid khaki"> (<a href="CodeSystem-jp-codeSystem-practitioner-certificate-category.html">JP_codeSystem_practitioner_certificate_category</a>#NarcoticsPractitioner)</span></p></blockquote></div>
        </text>
        <identifier>
          <system value="urn:oid:1.2.392.100495.20.3.41.11311234567"/>
          <value value="123"/>
        </identifier>
        <name>
          <extension url="http://hl7.org/fhir/StructureDefinition/iso21090-EN-representation">
            <valueCode value="IDE"/>
          </extension>
          <text value="神奈川　花子"/>
          <family value="神奈川"/>
          <given value="花子"/>
        </name>
        <name>
          <extension url="http://hl7.org/fhir/StructureDefinition/iso21090-EN-representation">
            <valueCode value="SYL"/>
          </extension>
          <text value="カナガワ　ハナコ"/>
          <family value="カナガワ"/>
          <given value="ハナコ"/>
        </name>
        <qualification>
          <identifier>
            <system value="urn:oid:1.2.392.100495.20.3.31"/>
            <value value="123456"/>
          </identifier>
          <code>
            <coding>
              <system value="http://jpfhir.jp/fhir/core/CodeSystem/practitioner-certificate-category"/>
              <code value="MedicalDoctorLicense"/>
            </coding>
          </code>
        </qualification>
        <qualification>
          <identifier>
            <system value="urn:oid:1.2.392.100495.20.3.32.113"/>
            <value value="4-321"/>
          </identifier>
          <code>
            <coding>
              <system value="http://jpfhir.jp/fhir/core/CodeSystem/practitioner-certificate-category"/>
              <code value="NarcoticsPractitioner"/>
            </coding>
          </code>
        </qualification>
      </Practitioner>
    </resource>
  </entry>
  <entry>
    <fullUrl value="urn:uuid:398bd608-dd06-76ed-54e0-fd72eb503b40"/>
    <resource>
      <MedicationRequest>
        <id value="Inline-Instance-for-JP-Bundle-ePreData-Example02-12"/>
        <meta>
          <profile value="http://jpfhir.jp/fhir/ePrescription/StructureDefinition/JP_MedicationRequest_ePrescriptionData"/>
        </meta>
        <text>
          <status value="generated"/><div xmlns="http://www.w3.org/1999/xhtml"><p><b>Generated Narrative</b></p><div style="display: inline-block; background-color: #d9e0e7; padding: 6px; margin: 4px; border: 1px solid #8da1b4; border-radius: 5px; line-height: 60%"><p style="margin-bottom: 0px">Resource "Inline-Instance-for-JP-Bundle-ePreData-Example02-12" </p><p style="margin-bottom: 0px">Profile: <a href="StructureDefinition-JP-MedicationRequest-ePrescriptionData.html">JP_MedicationRequest_ePrescriptionData</a></p></div><p><b>identifier</b>: id: 1, id: 1</p><p><b>status</b>: active</p><p><b>intent</b>: order</p><p><b>medication</b>: カルボシステイン錠２５０ｍｇ <span style="background: LightGoldenRodYellow; margin: 4px; border: 1px solid khaki"> (unknown#103831601; unknown#2233002F1280)</span></p><p><b>subject</b>: <a href="#Patient_Inline-Instance-for-JP-Bundle-ePreData-Example02-2">See above (urn:uuid:16ae585e-f47a-c838-b215-85b4abfc8c3d: 患者Patientリソース)</a></p><p><b>authoredOn</b>: 2020-08-21 12:28:17+0900</p><p><b>note</b>: 薬剤単位の備考</p><blockquote><p><b>dispenseRequest</b></p><p><b>quantity</b>: 21 錠<span style="background: LightGoldenRodYellow"> (Details: urn:oid:1.2.392.100495.20.2.101 code TAB = '錠')</span></p></blockquote><h3>Substitutions</h3><table class="grid"><tr><td>-</td><td><b>Allowed[x]</b></td><td><b>Reason</b></td></tr><tr><td>*</td><td>変更不可 <span style="background: LightGoldenRodYellow; margin: 4px; border: 1px solid khaki"> (<a href="CodeSystem-mhlw-codeSystem-ePreCDA-unable2Change2Generic-tbl08.html">MHLW_codeSystem_ePreCDA_unable2Change2Generic_tbl08</a>#1)</span></td><td>患者からの強い要望により <span style="background: LightGoldenRodYellow; margin: 4px; border: 1px solid khaki"> ()</span></td></tr></table></div>
        </text>
        <identifier>
          <system value="urn:oid:1.2.392.100495.20.3.81"/>
          <value value="1"/>
        </identifier>
        <identifier>
          <system value="urn:oid:1.2.392.100495.20.3.82"/>
          <value value="1"/>
        </identifier>
        <status value="active"/>
        <intent value="order"/>
        <medicationCodeableConcept>
          <coding>
            <system value="urn:oid:1.2.392.200119.4.403.1"/>
            <code value="103831601"/>
            <display value="カルボシステイン錠２５０ｍｇ"/>
          </coding>
          <coding>
            <system value="urn:oid:1.2.392.100495.20.2.73"/>
            <code value="2233002F1280"/>
            <display value="カルボシステイン錠２５０ｍｇ"/>
          </coding>
          <text value="カルボシステイン錠２５０ｍｇ"/>
        </medicationCodeableConcept>
        <subject>
          <reference value="urn:uuid:16ae585e-f47a-c838-b215-85b4abfc8c3d"/>
          <display value="患者Patientリソース"/>
        </subject>
        <authoredOn value="2020-08-21T12:28:17+09:00"/>
        <note>
          <text value="薬剤単位の備考"/>
        </note>
        <dosageInstruction>
          <extension url="http://jpfhir.jp/fhir/core/Extension/StructureDefinition/JP_MedicationRequest_DosageInstruction_UsageDuration">
            <valueDuration>
              <value value="7"/>
              <unit value="日"/>
              <system value="http://unitsofmeasure.org"/>
              <code value="d"/>
            </valueDuration>
          </extension>
          <text value="内服・経口・１日３回朝昼夕食後　１回１錠　７日分"/>
          <timing>
            <repeat>
              <boundsDuration>
                <value value="7"/>
                <unit value="日"/>
                <system value="http://unitsofmeasure.org"/>
                <code value="d"/>
              </boundsDuration>
            </repeat>
            <code>
              <coding>
                <system value="urn:oid:1.2.392.200250.2.2.20.20"/>
                <code value="1013044400000000"/>
                <display value="内服・経口・１日３回朝昼夕食後"/>
              </coding>
            </code>
          </timing>
          <route>
            <coding>
              <system value="http://jpfhir.jp/fhir/ePrescription/CodeSystem/route-codes"/>
              <code value="PO"/>
              <display value="口"/>
            </coding>
          </route>
          <method>
            <coding>
              <system value="urn:oid:1.2.392.200250.2.2.20.30"/>
              <code value="1"/>
              <display value="内服"/>
            </coding>
          </method>
          <doseAndRate>
            <type>
              <coding>
                <system value="urn:oid:1.2.392.100495.20.2.22"/>
                <code value="1"/>
                <display value="製剤量"/>
              </coding>
            </type>
            <doseQuantity>
              <value value="1"/>
              <unit value="錠"/>
              <system value="urn:oid:1.2.392.100495.20.2.101"/>
              <code value="TAB"/>
            </doseQuantity>
            <rateRatio>
              <numerator>
                <value value="3"/>
                <unit value="錠"/>
                <system value="urn:oid:1.2.392.100495.20.2.101"/>
                <code value="TAB"/>
              </numerator>
              <denominator>
                <value value="1"/>
                <unit value="日"/>
                <system value="http://unitsofmeasure.org"/>
                <code value="d"/>
              </denominator>
            </rateRatio>
          </doseAndRate>
        </dosageInstruction>
        <dispenseRequest>
          <quantity>
            <value value="21"/>
            <unit value="錠"/>
            <system value="urn:oid:1.2.392.100495.20.2.101"/>
            <code value="TAB"/>
          </quantity>
          <expectedSupplyDuration>
            <value value="7"/>
            <unit value="日"/>
            <system value="http://unitsofmeasure.org"/>
            <code value="d"/>
          </expectedSupplyDuration>
        </dispenseRequest>
        <substitution>
          <allowedCodeableConcept>
            <coding>
              <system value="urn:oid:1.2.392.100495.20.2.41"/>
              <code value="1"/>
              <display value="変更不可"/>
            </coding>
          </allowedCodeableConcept>
          <reason>
            <text value="患者からの強い要望により"/>
          </reason>
        </substitution>
      </MedicationRequest>
    </resource>
  </entry>
  <entry>
    <fullUrl value="urn:uuid:b1ba0abe-58e1-b6c3-91ea-def6f2b5aa0a"/>
    <resource>
      <MedicationRequest>
        <id value="Inline-Instance-for-JP-Bundle-ePreData-Example02-13"/>
        <meta>
          <profile value="http://jpfhir.jp/fhir/ePrescription/StructureDefinition/JP_MedicationRequest_ePrescriptionData"/>
        </meta>
        <text>
          <status value="generated"/><div xmlns="http://www.w3.org/1999/xhtml"><p><b>Generated Narrative</b></p><div style="display: inline-block; background-color: #d9e0e7; padding: 6px; margin: 4px; border: 1px solid #8da1b4; border-radius: 5px; line-height: 60%"><p style="margin-bottom: 0px">Resource "Inline-Instance-for-JP-Bundle-ePreData-Example02-13" </p><p style="margin-bottom: 0px">Profile: <a href="StructureDefinition-JP-MedicationRequest-ePrescriptionData.html">JP_MedicationRequest_ePrescriptionData</a></p></div><p><b>identifier</b>: id: 2, id: 1</p><p><b>status</b>: active</p><p><b>intent</b>: order</p><p><b>medication</b>: リンデロンＶＧクリーム ５ｇ <span style="background: LightGoldenRodYellow; margin: 4px; border: 1px solid khaki"> (unknown#106062101)</span></p><p><b>subject</b>: <a href="#Patient_Inline-Instance-for-JP-Bundle-ePreData-Example02-2">See above (urn:uuid:16ae585e-f47a-c838-b215-85b4abfc8c3d: 患者Patientリソース)</a></p><p><b>authoredOn</b>: 2020-08-21 12:28:17+0900</p><h3>DispenseRequests</h3><table class="grid"><tr><td>-</td><td><b>Quantity</b></td></tr><tr><td>*</td><td>2 本<span style="background: LightGoldenRodYellow"> (Details: urn:oid:1.2.392.100495.20.2.101 code HON = '本')</span></td></tr></table><h3>Substitutions</h3><table class="grid"><tr><td>-</td><td><b>Allowed[x]</b></td></tr><tr><td>*</td><td>変更可 <span style="background: LightGoldenRodYellow; margin: 4px; border: 1px solid khaki"> (<a href="CodeSystem-mhlw-codeSystem-ePreCDA-unable2Change2Generic-tbl08.html">MHLW_codeSystem_ePreCDA_unable2Change2Generic_tbl08</a>#0)</span></td></tr></table></div>
        </text>
        <identifier>
          <system value="urn:oid:1.2.392.100495.20.3.81"/>
          <value value="2"/>
        </identifier>
        <identifier>
          <system value="urn:oid:1.2.392.100495.20.3.82"/>
          <value value="1"/>
        </identifier>
        <status value="active"/>
        <intent value="order"/>
        <medicationCodeableConcept>
          <coding>
            <system value="urn:oid:1.2.392.200119.4.403.1"/>
            <code value="106062101"/>
            <display value="リンデロンＶＧクリーム ５ｇ"/>
          </coding>
          <text value="リンデロンＶＧクリーム ５ｇ"/>
        </medicationCodeableConcept>
        <subject>
          <reference value="urn:uuid:16ae585e-f47a-c838-b215-85b4abfc8c3d"/>
          <display value="患者Patientリソース"/>
        </subject>
        <authoredOn value="2020-08-21T12:28:17+09:00"/>
        <dosageInstruction>
          <text value="１日３回患部に塗布（膝）"/>
          <timing>
            <code>
              <coding>
                <system value="urn:oid:1.2.392.200250.2.2.20.20"/>
                <code value="2B73000000000000"/>
                <display value="塗布 １日３回"/>
              </coding>
            </code>
          </timing>
          <site>
            <coding>
              <system value="urn:oid:1.2.392.200250.2.2.20.32"/>
              <code value="950"/>
              <display value="膝"/>
            </coding>
          </site>
          <route>
            <coding>
              <system value="http://jpfhir.jp/fhir/ePrescription/CodeSystem/route-codes"/>
              <code value="AP"/>
              <display value="外用"/>
            </coding>
          </route>
          <method>
            <coding>
              <system value="urn:oid:1.2.392.200250.2.2.20.40"/>
              <code value="2B"/>
              <display value="塗布"/>
            </coding>
          </method>
        </dosageInstruction>
        <dosageInstruction>
          <text value="１日３回患部に塗布（すね）"/>
          <timing>
            <code>
              <coding>
                <system value="urn:oid:1.2.392.200250.2.2.20.20"/>
                <code value="2B73000000000000"/>
                <display value="外用・塗布・１日３回"/>
              </coding>
            </code>
          </timing>
          <site>
            <coding>
              <system value="urn:oid:1.2.392.200250.2.2.20.32"/>
              <code value="970"/>
              <display value="すね"/>
            </coding>
          </site>
          <route>
            <coding>
              <system value="http://jpfhir.jp/fhir/ePrescription/CodeSystem/route-codes"/>
              <code value="AP"/>
              <display value="外用"/>
            </coding>
          </route>
          <method>
            <coding>
              <system value="urn:oid:1.2.392.200250.2.2.20.40"/>
              <code value="2B"/>
              <display value="塗布"/>
            </coding>
          </method>
        </dosageInstruction>
        <dispenseRequest>
          <quantity>
            <value value="2"/>
            <unit value="本"/>
            <system value="urn:oid:1.2.392.100495.20.2.101"/>
            <code value="HON"/>
          </quantity>
        </dispenseRequest>
        <substitution>
          <allowedCodeableConcept>
            <coding>
              <system value="urn:oid:1.2.392.100495.20.2.41"/>
              <code value="0"/>
              <display value="変更可"/>
            </coding>
          </allowedCodeableConcept>
        </substitution>
      </MedicationRequest>
    </resource>
  </entry>
  <entry>
    <fullUrl value="urn:uuid:76c44b69-13d4-2c32-57f4-5cd918f10c28"/>
    <resource>
      <Communication>
        <id value="Inline-Instance-for-JP-Bundle-ePreData-Example02-14"/>
        <meta>
          <profile value="http://jpfhir.jp/fhir/ePrescription/StructureDefinition/JP_Communication_ePrescriptionData"/>
        </meta>
        <text>
          <status value="extensions"/><div xmlns="http://www.w3.org/1999/xhtml"><p><b>Generated Narrative</b></p><div style="display: inline-block; background-color: #d9e0e7; padding: 6px; margin: 4px; border: 1px solid #8da1b4; border-radius: 5px; line-height: 60%"><p style="margin-bottom: 0px">Resource "Inline-Instance-for-JP-Bundle-ePreData-Example02-14" </p><p style="margin-bottom: 0px">Profile: <a href="StructureDefinition-JP-Communication-ePrescriptionData.html">JP_Communication_ePrescriptionData</a></p></div><p><b>JP_Communication_CommunicationContent</b>: 患者は聴覚障害のため説明を紙に記載して渡すようにしてください。</p><p><b>status</b>: completed</p><p><b>category</b>: 調剤者への指示 <span style="background: LightGoldenRodYellow; margin: 4px; border: 1px solid khaki"> (<a href="CodeSystem-jp-codeSystem-ePreCommunication-category.html">JP_codeSystem_ePreCommunication_category</a>#2)</span></p></div>
        </text>
        <extension url="http://jpfhir.jp/fhir/ePrescription/Extension/StructureDefinition/JP_Communication_CommunicationContent">
          <valueString value="患者は聴覚障害のため説明を紙に記載して渡すようにしてください。"/>
        </extension>
        <status value="completed"/>
        <category>
          <coding>
            <system value="http://jpfhir.jp/fhir/ePrescription/CodeSystem/communication-category"/>
            <code value="2"/>
            <display value="調剤者への指示"/>
          </coding>
        </category>
      </Communication>
    </resource>
  </entry>
</Bundle>