{
  "resourceType": "Bundle",
  "id": "Bundle-for-JP-MedReq-ePreBundleExample01",
  "meta": {
    "profile": [
      "http://jpfhir.jp/fhir/ePrescription/StructureDefinition/JP_Bundle_ePrescriptionData"
    ]
  },
  "identifier": {
    "system": "urn:ietf:rfc:3986",
    "value": "urn:uuid:0c3151bd-1cbf-4d64-b04d-cd9187a4c6e0"
  },
  "type": "document",
  "timestamp": "2020-08-21T12:12:21+09:00",
  "entry": [
    {
      "fullUrl": "urn:uuid:20ade057-b106-9223-585e-20aa8d1635af",
      "resource": {
        "resourceType": "Composition",
        "id": "JP-Composition-ePreBundleExample01",
        "meta": {
          "profile": [
            "http://jpfhir.jp/fhir/ePrescription/StructureDefinition/JP_Composition_ePrescriptionData"
          ]
        },
        "language": "ja",
        "text": {
          "status": "generated",
          "div": "<div xmlns=\"http://www.w3.org/1999/xhtml\" lang=\"ja\" xml:lang=\"ja\"><p>自治体検診結果報告書</p></div>"
        },
        "extension": [
          {
            "url": "http://hl7.org/fhir/StructureDefinition/composition-clinicaldocument-versionNumber",
            "valueString": "1"
          }
        ],
        "identifier": {
          "system": "http://jpfhir.jp/fhir/Common/IdSystem/resourceInstance-identifier",
          "value": "34875506"
        },
        "status": "final",
        "type": {
          "coding": [
            {
              "system": "http://jpfhir.jp/fhir/Common/CodeSystem/doc-typecodes",
              "code": "57833-6",
              "display": "処方箋"
            }
          ]
        },
        "category": [
          {
            "coding": [
              {
                "system": "http://jpfhir.jp/fhir/ePrescription/CodeSystem/prescription-category",
                "code": "01",
                "display": "一般処方箋"
              }
            ]
          }
        ],
        "subject": {
          "reference": "urn:uuid:e22017ff-4c65-649c-2dfe-c6676b654be5",
          "display": "患者リソースPatient"
        },
        "encounter": {
          "reference": "urn:uuid:d151a740-d8a1-9c19-29f0-f52476e619d7",
          "display": "受診Encounterリソース"
        },
        "date": "2020-08-21T12:12:20+09:00",
        "author": [
          {
            "reference": "urn:uuid:2e61a47b-a7fa-1d23-ebbf-eade736e9b00",
            "display": "処方作成者PractitionerRoleリソース"
          },
          {
            "reference": "urn:uuid:51c6333d-92ff-0113-56cd-a1f566f43a09",
            "display": "処方作成機関Organaizationリソース"
          }
        ],
        "title": "処方箋",
        "custodian": {
          "reference": "urn:uuid:51c6333d-92ff-0113-56cd-a1f566f43a09",
          "display": "処方箋交付責任機関Organaizationリソース"
        },
        "event": [
          {
            "code": [
              {
                "text": "処方箋交付"
              }
            ],
            "period": {
              "start": "2020-08-21"
            }
          }
        ],
        "section": [
          {
            "title": "処方情報",
            "code": {
              "coding": [
                {
                  "system": "http://jpfhir.jp/fhir/ePrescription/CodeSystem/prescription-section",
                  "code": "01",
                  "display": "処方情報セクション"
                }
              ]
            },
            "entry": [
              {
                "reference": "urn:uuid:9b4e6a12-7bb3-5d46-a126-31b33410f796",
                "display": "健康保険Coverage"
              },
              {
                "reference": "urn:uuid:a1ae0c57-d89f-3757-081d-05466134481d",
                "display": "健康保険者Organaization"
              },
              {
                "reference": "urn:uuid:32326e64-2e22-2ea9-06e8-460ce4b70593",
                "display": "公費負担Coverage"
              },
              {
                "reference": "urn:uuid:73e9e96a-3c8b-1125-937b-06639ed865c1",
                "display": "公費負担者Organaization"
              },
              {
                "reference": "urn:uuid:a58040b7-6283-fb0c-4b25-a17dca08cc3d",
                "display": "処方指示 内服処方7日分MedicationRequestリソース"
              },
              {
                "reference": "urn:uuid:632cdb4b-36fe-05fb-9a3d-b4230cb7e608",
                "display": "処方指示 外用MedicationRequestリソース"
              },
              {
                "reference": "urn:uuid:499f7db1-b4c2-3d01-b1a0-dfdb502977ab",
                "display": "調剤者への指示"
              }
            ]
          }
        ]
      }
    },
    {
      "fullUrl": "urn:uuid:e22017ff-4c65-649c-2dfe-c6676b654be5",
      "resource": {
        "resourceType": "Patient",
        "id": "JP-Patient-ePreData-Example",
        "meta": {
          "profile": [
            "http://jpfhir.jp/fhir/ePrescription/StructureDefinition/JP_Patient_ePrescriptionData"
          ]
        },
        "text": {
          "status": "generated",
          "div": "<div xmlns=\"http://www.w3.org/1999/xhtml\"><p><b>Generated Narrative</b></p><div style=\"display: inline-block; background-color: #d9e0e7; padding: 6px; margin: 4px; border: 1px solid #8da1b4; border-radius: 5px; line-height: 60%\"><p style=\"margin-bottom: 0px\">Resource \"JP-Patient-ePreData-Example\" </p><p style=\"margin-bottom: 0px\">Profile: <a href=\"StructureDefinition-JP-Patient-ePrescriptionData.html\">JP_Patient_ePrescriptionData</a></p></div><p><b>identifier</b>: id: 00000010</p><p><b>name</b>: 東京　太郎(OFFICIAL), トウキョウ　タロウ(OFFICIAL)</p><p><b>gender</b>: male</p><p><b>birthDate</b>: 1920-02-11</p><p><b>address</b>: 神奈川県横浜市港区１－２－３</p></div>"
        },
        "identifier": [
          {
            "system": "urn:oid:1.2.392.100495.20.3.51.11311234567",
            "value": "00000010"
          }
        ],
        "name": [
          {
            "extension": [
              {
                "url": "http://hl7.org/fhir/StructureDefinition/iso21090-EN-representation",
                "valueCode": "IDE"
              }
            ],
            "use": "official",
            "text": "東京　太郎",
            "family": "東京",
            "given": [
              "太郎"
            ]
          },
          {
            "extension": [
              {
                "url": "http://hl7.org/fhir/StructureDefinition/iso21090-EN-representation",
                "valueCode": "SYL"
              }
            ],
            "use": "official",
            "text": "トウキョウ　タロウ",
            "family": "トウキョウ",
            "given": [
              "タロウ"
            ]
          }
        ],
        "gender": "male",
        "birthDate": "1920-02-11",
        "address": [
          {
            "text": "神奈川県横浜市港区１－２－３",
            "postalCode": "123-4567",
            "country": "JP"
          }
        ]
      }
    },
    {
      "fullUrl": "urn:uuid:d151a740-d8a1-9c19-29f0-f52476e619d7",
      "resource": {
        "resourceType": "Encounter",
        "id": "JP-Encounter-ePreData-Example",
        "meta": {
          "profile": [
            "http://jpfhir.jp/fhir/ePrescription/StructureDefinition/JP_Encounter_ePrescriptionData"
          ]
        },
        "text": {
          "status": "generated",
          "div": "<div xmlns=\"http://www.w3.org/1999/xhtml\"><p><b>Generated Narrative</b></p><div style=\"display: inline-block; background-color: #d9e0e7; padding: 6px; margin: 4px; border: 1px solid #8da1b4; border-radius: 5px; line-height: 60%\"><p style=\"margin-bottom: 0px\">Resource \"JP-Encounter-ePreData-Example\" </p><p style=\"margin-bottom: 0px\">Profile: <a href=\"StructureDefinition-JP-Encounter-ePrescriptionData.html\">JP_Encounter_ePrescriptionData</a></p></div><p><b>status</b>: finished</p><p><b>class</b>: 外来 (Details: http://terminology.hl7.org/CodeSystem/v3-ActCode code AMB = 'ambulatory', stated as '外来')</p></div>"
        },
        "status": "finished",
        "class": {
          "system": "http://terminology.hl7.org/CodeSystem/v3-ActCode",
          "code": "AMB",
          "display": "外来"
        }
      }
    },
    {
      "fullUrl": "urn:uuid:2e61a47b-a7fa-1d23-ebbf-eade736e9b00",
      "resource": {
        "resourceType": "PractitionerRole",
        "id": "JP-PractitionerRole-ePreData-author-Example",
        "meta": {
          "profile": [
            "http://jpfhir.jp/fhir/ePrescription/StructureDefinition/JP_PractitionerRole_ePrescriptionData_author"
          ]
        },
        "text": {
          "status": "generated",
          "div": "<div xmlns=\"http://www.w3.org/1999/xhtml\"><p><b>Generated Narrative</b></p><div style=\"display: inline-block; background-color: #d9e0e7; padding: 6px; margin: 4px; border: 1px solid #8da1b4; border-radius: 5px; line-height: 60%\"><p style=\"margin-bottom: 0px\">Resource \"JP-PractitionerRole-ePreData-author-Example\" </p><p style=\"margin-bottom: 0px\">Profile: <a href=\"StructureDefinition-JP-PractitionerRole-ePrescriptionData-author.html\">JP_PractitionerRole_ePrescriptionData_author</a></p></div><p><b>identifier</b>: id: 702</p><p><b>practitioner</b>: <a href=\"Practitioner-JP-Practitioner-ePreData-author-Example.html\">Practitioner/JP-Practitioner-ePreData-author-Example</a> \" 神奈川\"</p><p><b>organization</b>: <a href=\"Organization-JP-Organization-ePreData-issuer-Example.html\">Organization/JP-Organization-ePreData-issuer-Example</a> \"第一病院\"</p><p><b>code</b>: 医師 <span style=\"background: LightGoldenRodYellow; margin: 4px; border: 1px solid khaki\"> (<a href=\"CodeSystem-jp-codeSystem-practitioner-role-category.html\">JP_codeSystem_practitioner_role_category</a>#doctor)</span></p></div>"
        },
        "identifier": [
          {
            "system": "http://exapmleHospital.jp/IdSystem/hisUserRoleId",
            "value": "702"
          }
        ],
        "practitioner": {
          "reference": "Practitioner/JP-Practitioner-ePreData-author-Example"
        },
        "organization": {
          "reference": "Organization/JP-Organization-ePreData-issuer-Example"
        },
        "code": [
          {
            "coding": [
              {
                "system": "http://jpfhir.jp/fhir/Common/CodeSystem/practitioner-role-category",
                "code": "doctor"
              }
            ]
          }
        ]
      }
    },
    {
      "fullUrl": "urn:uuid:51c6333d-92ff-0113-56cd-a1f566f43a09",
      "resource": {
        "resourceType": "Organization",
        "id": "JP-Organization-ePreData-departmentOfIssuer-Example",
        "meta": {
          "profile": [
            "http://jpfhir.jp/fhir/ePrescription/StructureDefinition/JP_Organization_ePrescriptionData_departmentOfIssuer"
          ]
        },
        "text": {
          "status": "generated",
          "div": "<div xmlns=\"http://www.w3.org/1999/xhtml\"><p><b>Generated Narrative</b></p><div style=\"display: inline-block; background-color: #d9e0e7; padding: 6px; margin: 4px; border: 1px solid #8da1b4; border-radius: 5px; line-height: 60%\"><p style=\"margin-bottom: 0px\">Resource \"JP-Organization-ePreData-departmentOfIssuer-Example\" </p><p style=\"margin-bottom: 0px\">Profile: <a href=\"StructureDefinition-JP-Organization-ePrescriptionData-departmentOfIssuer.html\">JP_Organization_ePrescriptionData_departmentOfIssuer</a></p></div><p><b>type</b>: Hospital Department <span style=\"background: LightGoldenRodYellow; margin: 4px; border: 1px solid khaki\"> (<a href=\"http://terminology.hl7.org/3.1.0/CodeSystem-organization-type.html\">Organization type</a>#dept)</span>, 内科 <span style=\"background: LightGoldenRodYellow; margin: 4px; border: 1px solid khaki\"> (<a href=\"CodeSystem-mhlw-codeSystem-ePreCDA-clinicalDepartment-tbl10.html\">MHLW_codeSystem_ePreCDA_clinicalDepartment_tbl10</a>#01)</span></p><p><b>name</b>: 内科</p><p><b>partOf</b>: <a href=\"Organization-JP-Organization-ePreData-issuer-Example.html\">Organization/JP-Organization-ePreData-issuer-Example</a> \"第一病院\"</p></div>"
        },
        "type": [
          {
            "coding": [
              {
                "system": "http://terminology.hl7.org/CodeSystem/organization-type",
                "code": "dept"
              }
            ]
          },
          {
            "coding": [
              {
                "system": "urn:oid:1.2.392.100495.20.2.51",
                "code": "01",
                "display": "内科"
              }
            ]
          }
        ],
        "name": "内科",
        "partOf": {
          "reference": "Organization/JP-Organization-ePreData-issuer-Example"
        }
      }
    },
    {
      "fullUrl": "urn:uuid:51c6333d-92ff-0113-56cd-a1f566f43a09",
      "resource": {
        "resourceType": "Organization",
        "id": "JP-Organization-ePreData-departmentOfIssuer-Example",
        "meta": {
          "profile": [
            "http://jpfhir.jp/fhir/ePrescription/StructureDefinition/JP_Organization_ePrescriptionData_departmentOfIssuer"
          ]
        },
        "text": {
          "status": "generated",
          "div": "<div xmlns=\"http://www.w3.org/1999/xhtml\"><p><b>Generated Narrative</b></p><div style=\"display: inline-block; background-color: #d9e0e7; padding: 6px; margin: 4px; border: 1px solid #8da1b4; border-radius: 5px; line-height: 60%\"><p style=\"margin-bottom: 0px\">Resource \"JP-Organization-ePreData-departmentOfIssuer-Example\" </p><p style=\"margin-bottom: 0px\">Profile: <a href=\"StructureDefinition-JP-Organization-ePrescriptionData-departmentOfIssuer.html\">JP_Organization_ePrescriptionData_departmentOfIssuer</a></p></div><p><b>type</b>: Hospital Department <span style=\"background: LightGoldenRodYellow; margin: 4px; border: 1px solid khaki\"> (<a href=\"http://terminology.hl7.org/3.1.0/CodeSystem-organization-type.html\">Organization type</a>#dept)</span>, 内科 <span style=\"background: LightGoldenRodYellow; margin: 4px; border: 1px solid khaki\"> (<a href=\"CodeSystem-mhlw-codeSystem-ePreCDA-clinicalDepartment-tbl10.html\">MHLW_codeSystem_ePreCDA_clinicalDepartment_tbl10</a>#01)</span></p><p><b>name</b>: 内科</p><p><b>partOf</b>: <a href=\"Organization-JP-Organization-ePreData-issuer-Example.html\">Organization/JP-Organization-ePreData-issuer-Example</a> \"第一病院\"</p></div>"
        },
        "type": [
          {
            "coding": [
              {
                "system": "http://terminology.hl7.org/CodeSystem/organization-type",
                "code": "dept"
              }
            ]
          },
          {
            "coding": [
              {
                "system": "urn:oid:1.2.392.100495.20.2.51",
                "code": "01",
                "display": "内科"
              }
            ]
          }
        ],
        "name": "内科",
        "partOf": {
          "reference": "Organization/JP-Organization-ePreData-issuer-Example"
        }
      }
    },
    {
      "fullUrl": "urn:uuid:9b4e6a12-7bb3-5d46-a126-31b33410f796",
      "resource": {
        "resourceType": "Coverage",
        "id": "JP-Coverage-ePreData-insurance-Example",
        "meta": {
          "profile": [
            "http://jpfhir.jp/fhir/ePrescription/StructureDefinition/JP_Coverage_ePrescriptionData_insurance"
          ]
        },
        "text": {
          "status": "extensions",
          "div": "<div xmlns=\"http://www.w3.org/1999/xhtml\"><p><b>Generated Narrative</b></p><div style=\"display: inline-block; background-color: #d9e0e7; padding: 6px; margin: 4px; border: 1px solid #8da1b4; border-radius: 5px; line-height: 60%\"><p style=\"margin-bottom: 0px\">Resource \"JP-Coverage-ePreData-insurance-Example\" </p><p style=\"margin-bottom: 0px\">Profile: <a href=\"StructureDefinition-JP-Coverage-ePrescriptionData-insurance.html\">JP_Coverage_ePrescriptionData_insurance</a></p></div><p><b>JP Core Coverage InsuredPersonSymbol Extension</b>: 12345</p><p><b>JP Core Coverage InsuredPersonNumber Extension</b>: ６７８９０</p><p><b>JP Core Coverage InsuredPersonSubNumber Extension</b>: 01</p><p><b>status</b>: active</p><p><b>type</b>: 医保 <span style=\"background: LightGoldenRodYellow; margin: 4px; border: 1px solid khaki\"> (<a href=\"CodeSystem-mhlw-codeSystem-ePreCDA-insuranceCategory-tbl11.html\">MHLW_codeSystem_ePreCDA_insuranceCategory_tbl11</a>#1)</span></p><p><b>beneficiary</b>: <a href=\"#Patient_JP-Patient-ePreData-Example\">See above (Patient/JP-Patient-ePreData-Example)</a></p><p><b>dependent</b>: 01</p><p><b>relationship</b>: 被保険者 <span style=\"background: LightGoldenRodYellow; margin: 4px; border: 1px solid khaki\"> (<a href=\"CodeSystem-mhlw-codeSystem-ePreCDA-insuredRelationship-tbl12.html\">MHLW_codeSystem_ePreCDA_insuredRelationship_tbl12</a>#1)</span></p><p><b>period</b>: 2018-04-01 --&gt; (ongoing)</p><p><b>payor</b>: <a href=\"#Organization_JP-Organization-ePreData-coveragePayer-Example\">See above (Organization/JP-Organization-ePreData-coveragePayer-Example)</a></p><h3>CostToBeneficiaries</h3><table class=\"grid\"><tr><td>-</td><td><b>Type</b></td><td><b>Value[x]</b></td></tr><tr><td>*</td><td>負担率 <span style=\"background: LightGoldenRodYellow; margin: 4px; border: 1px solid khaki\"> (<a href=\"http://terminology.hl7.org/3.1.0/CodeSystem-coverage-copay-type.html\">Coverage Copay Type Codes</a>#copaypct)</span></td><td>30 %<span style=\"background: LightGoldenRodYellow\"> (Details: UCUM code % = '%')</span></td></tr></table></div>"
        },
        "extension": [
          {
            "url": "http://jpfhir.jp/fhir/core/Extension/StructureDefinition/JP_Coverage_InsuredPersonSymbol",
            "valueString": "12345"
          },
          {
            "url": "http://jpfhir.jp/fhir/core/Extension/StructureDefinition/JP_Coverage_InsuredPersonNumber",
            "valueString": "６７８９０"
          },
          {
            "url": "http://jpfhir.jp/fhir/core/Extension/StructureDefinition/JP_Coverage_InsuredPersonSubNumber",
            "valueString": "01"
          }
        ],
        "status": "active",
        "type": {
          "coding": [
            {
              "system": "urn:oid:1.2.392.100495.20.2.61",
              "code": "1"
            }
          ]
        },
        "beneficiary": {
          "reference": "Patient/JP-Patient-ePreData-Example"
        },
        "dependent": "01",
        "relationship": {
          "coding": [
            {
              "system": "urn:oid:1.2.392.100495.20.2.62",
              "code": "1",
              "display": "被保険者"
            }
          ]
        },
        "period": {
          "start": "2018-04-01"
        },
        "payor": [
          {
            "reference": "Organization/JP-Organization-ePreData-coveragePayer-Example"
          }
        ],
        "costToBeneficiary": [
          {
            "type": {
              "coding": [
                {
                  "system": "http://terminology.hl7.org/CodeSystem/coverage-copay-type",
                  "code": "copaypct",
                  "display": "負担率"
                }
              ]
            },
            "valueQuantity": {
              "value": 30,
              "unit": "%",
              "system": "http://unitsofmeasure.org",
              "code": "%"
            }
          }
        ]
      }
    },
    {
      "fullUrl": "urn:uuid:a1ae0c57-d89f-3757-081d-05466134481d",
      "resource": {
        "resourceType": "Organization",
        "id": "JP-Organization-ePreData-coveragePayer-Example",
        "meta": {
          "profile": [
            "http://jpfhir.jp/fhir/ePrescription/StructureDefinition/JP_Organization_ePrescriptionData_coveragePayer"
          ]
        },
        "text": {
          "status": "generated",
          "div": "<div xmlns=\"http://www.w3.org/1999/xhtml\"><p><b>Generated Narrative</b></p><div style=\"display: inline-block; background-color: #d9e0e7; padding: 6px; margin: 4px; border: 1px solid #8da1b4; border-radius: 5px; line-height: 60%\"><p style=\"margin-bottom: 0px\">Resource \"JP-Organization-ePreData-coveragePayer-Example\" </p><p style=\"margin-bottom: 0px\">Profile: <a href=\"StructureDefinition-JP-Organization-ePrescriptionData-coveragePayer.html\">JP_Organization_ePrescriptionData_coveragePayer</a></p></div><p><b>identifier</b>: id: 06123456</p><p><b>type</b>: Insurance Company <span style=\"background: LightGoldenRodYellow; margin: 4px; border: 1px solid khaki\"> (<a href=\"http://terminology.hl7.org/3.1.0/CodeSystem-organization-type.html\">Organization type</a>#ins)</span></p><p><b>name</b>: サンプル健康保険組合</p></div>"
        },
        "identifier": [
          {
            "system": "urn:oid:1.2.392.100495.20.3.61",
            "value": "06123456"
          }
        ],
        "type": [
          {
            "coding": [
              {
                "system": "http://terminology.hl7.org/CodeSystem/organization-type",
                "code": "ins"
              }
            ]
          }
        ],
        "name": "サンプル健康保険組合"
      }
    },
    {
      "fullUrl": "urn:uuid:32326e64-2e22-2ea9-06e8-460ce4b70593",
      "resource": {
        "resourceType": "Coverage",
        "id": "JP-Coverage-ePreData-publicPayment-Example",
        "meta": {
          "profile": [
            "http://jpfhir.jp/fhir/ePrescription/StructureDefinition/JP_Coverage_ePrescriptionData_publicPayment"
          ]
        },
        "text": {
          "status": "generated",
          "div": "<div xmlns=\"http://www.w3.org/1999/xhtml\"><p><b>Generated Narrative</b></p><div style=\"display: inline-block; background-color: #d9e0e7; padding: 6px; margin: 4px; border: 1px solid #8da1b4; border-radius: 5px; line-height: 60%\"><p style=\"margin-bottom: 0px\">Resource \"JP-Coverage-ePreData-publicPayment-Example\" </p><p style=\"margin-bottom: 0px\">Profile: <a href=\"StructureDefinition-JP-Coverage-ePrescriptionData-publicPayment.html\">JP_Coverage_ePrescriptionData_publicPayment</a></p></div><p><b>status</b>: active</p><p><b>type</b>: 公費 <span style=\"background: LightGoldenRodYellow; margin: 4px; border: 1px solid khaki\"> (<a href=\"CodeSystem-mhlw-codeSystem-ePreCDA-insuranceCategory-tbl11.html\">MHLW_codeSystem_ePreCDA_insuranceCategory_tbl11</a>#8)</span></p><p><b>subscriberId</b>: 12345678</p><p><b>beneficiary</b>: <a href=\"#Patient_JP-Patient-ePreData-Example\">See above (Patient/JP-Patient-ePreData-Example)</a></p><p><b>period</b>: 2020-01-01 --&gt; 2020-12-31</p><p><b>payor</b>: <a href=\"#Organization_JP-Organization-ePreData-publicPayer-Example\">See above (Organization/JP-Organization-ePreData-publicPayer-Example)</a></p><p><b>order</b>: 1</p><h3>CostToBeneficiaries</h3><table class=\"grid\"><tr><td>-</td><td><b>Type</b></td><td><b>Value[x]</b></td></tr><tr><td>*</td><td>負担率 <span style=\"background: LightGoldenRodYellow; margin: 4px; border: 1px solid khaki\"> (<a href=\"http://terminology.hl7.org/3.1.0/CodeSystem-coverage-copay-type.html\">Coverage Copay Type Codes</a>#copaypct)</span></td><td>10 %<span style=\"background: LightGoldenRodYellow\"> (Details: UCUM code % = '%')</span></td></tr></table></div>"
        },
        "status": "active",
        "type": {
          "coding": [
            {
              "system": "urn:oid:1.2.392.100495.20.2.61",
              "code": "8"
            }
          ]
        },
        "subscriberId": "12345678",
        "beneficiary": {
          "reference": "Patient/JP-Patient-ePreData-Example"
        },
        "period": {
          "start": "2020-01-01",
          "end": "2020-12-31"
        },
        "payor": [
          {
            "reference": "Organization/JP-Organization-ePreData-publicPayer-Example"
          }
        ],
        "order": 1,
        "costToBeneficiary": [
          {
            "type": {
              "coding": [
                {
                  "system": "http://terminology.hl7.org/CodeSystem/coverage-copay-type",
                  "code": "copaypct",
                  "display": "負担率"
                }
              ]
            },
            "valueQuantity": {
              "value": 10,
              "unit": "%",
              "system": "http://unitsofmeasure.org",
              "code": "%"
            }
          }
        ]
      }
    },
    {
      "fullUrl": "urn:uuid:73e9e96a-3c8b-1125-937b-06639ed865c1",
      "resource": {
        "resourceType": "Organization",
        "id": "JP-Organization-ePreData-publicPayer-Example",
        "meta": {
          "profile": [
            "http://jpfhir.jp/fhir/ePrescription/StructureDefinition/JP_Organization_ePrescriptionData_coveragePayer"
          ]
        },
        "text": {
          "status": "generated",
          "div": "<div xmlns=\"http://www.w3.org/1999/xhtml\"><p><b>Generated Narrative</b></p><div style=\"display: inline-block; background-color: #d9e0e7; padding: 6px; margin: 4px; border: 1px solid #8da1b4; border-radius: 5px; line-height: 60%\"><p style=\"margin-bottom: 0px\">Resource \"JP-Organization-ePreData-publicPayer-Example\" </p><p style=\"margin-bottom: 0px\">Profile: <a href=\"StructureDefinition-JP-Organization-ePrescriptionData-coveragePayer.html\">JP_Organization_ePrescriptionData_coveragePayer</a></p></div><p><b>identifier</b>: id: 01234567</p><p><b>type</b>: Other <span style=\"background: LightGoldenRodYellow; margin: 4px; border: 1px solid khaki\"> (<a href=\"http://terminology.hl7.org/3.1.0/CodeSystem-organization-type.html\">Organization type</a>#other)</span></p><p><b>name</b>: 神奈川県横浜市</p></div>"
        },
        "identifier": [
          {
            "system": "urn:oid:1.2.392.100495.20.3.71",
            "value": "01234567"
          }
        ],
        "type": [
          {
            "coding": [
              {
                "system": "http://terminology.hl7.org/CodeSystem/organization-type",
                "code": "other"
              }
            ]
          }
        ],
        "name": "神奈川県横浜市"
      }
    },
    {
      "fullUrl": "urn:uuid:a58040b7-6283-fb0c-4b25-a17dca08cc3d",
      "resource": {
        "resourceType": "MedicationRequest",
        "id": "JP-MedReq-ePreData-Example-naihuku",
        "meta": {
          "profile": [
            "http://jpfhir.jp/fhir/ePrescription/StructureDefinition/JP_MedicationRequest_ePrescriptionData"
          ]
        },
        "text": {
          "status": "generated",
          "div": "<div xmlns=\"http://www.w3.org/1999/xhtml\"><p><b>Generated Narrative</b></p><div style=\"display: inline-block; background-color: #d9e0e7; padding: 6px; margin: 4px; border: 1px solid #8da1b4; border-radius: 5px; line-height: 60%\"><p style=\"margin-bottom: 0px\">Resource \"JP-MedReq-ePreData-Example-naihuku\" </p><p style=\"margin-bottom: 0px\">Profile: <a href=\"StructureDefinition-JP-MedicationRequest-ePrescriptionData.html\">JP_MedicationRequest_ePrescriptionData</a></p></div><p><b>identifier</b>: id: 1, id: 1</p><p><b>status</b>: active</p><p><b>intent</b>: order</p><p><b>medication</b>: カルボシステイン２５０ｍｇ錠 <span style=\"background: LightGoldenRodYellow; margin: 4px; border: 1px solid khaki\"> (unknown#103831601 \"カルボシステイン錠２５０ｍｇ\"; unknown#2233002F1280 \"カルボシステイン錠２５０ｍｇ\")</span></p><p><b>subject</b>: <a href=\"#Patient_JP-Patient-ePreData-Example\">See above (Patient/JP-Patient-ePreData-Example)</a></p><p><b>authoredOn</b>: 2020-08-21 12:28:17+0900</p><p><b>note</b>: 薬剤単位の備考</p><blockquote><p><b>dispenseRequest</b></p><p><b>quantity</b>: 21 錠<span style=\"background: LightGoldenRodYellow\"> (Details: urn:oid:1.2.392.100495.20.2.101 code TAB = '錠')</span></p></blockquote><h3>Substitutions</h3><table class=\"grid\"><tr><td>-</td><td><b>Allowed[x]</b></td><td><b>Reason</b></td></tr><tr><td>*</td><td>変更不可 <span style=\"background: LightGoldenRodYellow; margin: 4px; border: 1px solid khaki\"> (<a href=\"CodeSystem-mhlw-codeSystem-ePreCDA-unable2Change2Generic-tbl08.html\">MHLW_codeSystem_ePreCDA_unable2Change2Generic_tbl08</a>#1)</span></td><td>患者からの強い要望により <span style=\"background: LightGoldenRodYellow; margin: 4px; border: 1px solid khaki\"> ()</span></td></tr></table></div>"
        },
        "identifier": [
          {
            "system": "urn:oid:1.2.392.100495.20.3.81",
            "value": "1"
          },
          {
            "system": "urn:oid:1.2.392.100495.20.3.82",
            "value": "1"
          }
        ],
        "status": "active",
        "intent": "order",
        "medicationCodeableConcept": {
          "coding": [
            {
              "system": "urn:oid:1.2.392.200119.4.403.1",
              "code": "103831601",
              "display": "カルボシステイン錠２５０ｍｇ"
            },
            {
              "system": "urn:oid:1.2.392.100495.20.1.73",
              "code": "2233002F1280",
              "display": "カルボシステイン錠２５０ｍｇ"
            }
          ],
          "text": "カルボシステイン２５０ｍｇ錠"
        },
        "subject": {
          "reference": "Patient/JP-Patient-ePreData-Example"
        },
        "authoredOn": "2020-08-21T12:28:17+09:00",
        "note": [
          {
            "text": "薬剤単位の備考"
          }
        ],
        "dosageInstruction": [
          {
            "extension": [
              {
                "url": "http://jpfhir.jp/fhir/core/Extension/StructureDefinition/JP_MedicationRequest_DosageInstruction_UsageDuration",
                "valueDuration": {
                  "value": 7,
                  "unit": "日",
                  "system": "http://unitsofmeasure.org",
                  "code": "d"
                }
              }
            ],
            "text": "内服・経口・１日３回朝昼夕食後　１回１錠　７日分",
            "timing": {
              "repeat": {
                "boundsDuration": {
                  "value": 7,
                  "unit": "日",
                  "system": "http://unitsofmeasure.org",
                  "code": "d"
                }
              },
              "code": {
                "coding": [
                  {
                    "system": "urn:oid:1.2.392.200250.2.2.20.20",
                    "code": "1013044400000000",
                    "display": "内服・経口・１日３回朝昼夕食後"
                  }
                ]
              }
            },
            "route": {
              "coding": [
                {
                  "system": "http://jpfhir.jp/fhir/ePrescription/CodeSystem/route-codes",
                  "code": "PO",
                  "display": "口"
                }
              ]
            },
            "method": {
              "coding": [
                {
                  "system": "urn:oid:1.2.392.200250.2.2.20.30",
                  "code": "1",
                  "display": "内服"
                }
              ]
            },
            "doseAndRate": [
              {
                "type": {
                  "coding": [
                    {
                      "system": "urn:oid:1.2.392.100495.20.2.22",
                      "code": "1",
                      "display": "製剤量"
                    }
                  ]
                },
                "doseQuantity": {
                  "value": 1,
                  "unit": "錠",
                  "system": "urn:oid:1.2.392.100495.20.2.101",
                  "code": "TAB"
                },
                "rateRatio": {
                  "numerator": {
                    "value": 3,
                    "unit": "錠",
                    "system": "urn:oid:1.2.392.100495.20.2.101",
                    "code": "TAB"
                  },
                  "denominator": {
                    "value": 1,
                    "unit": "日",
                    "system": "http://unitsofmeasure.org",
                    "code": "d"
                  }
                }
              }
            ]
          }
        ],
        "dispenseRequest": {
          "quantity": {
            "value": 21,
            "unit": "錠",
            "system": "urn:oid:1.2.392.100495.20.2.101",
            "code": "TAB"
          },
          "expectedSupplyDuration": {
            "value": 7,
            "unit": "日",
            "system": "http://unitsofmeasure.org",
            "code": "d"
          }
        },
        "substitution": {
          "allowedCodeableConcept": {
            "coding": [
              {
                "system": "urn:oid:1.2.392.100495.20.2.41",
                "code": "1",
                "display": "変更不可"
              }
            ]
          },
          "reason": {
            "text": "患者からの強い要望により"
          }
        }
      }
    },
    {
      "fullUrl": "urn:uuid:632cdb4b-36fe-05fb-9a3d-b4230cb7e608",
      "resource": {
        "resourceType": "MedicationRequest",
        "id": "JP-MedReq-ePreData-Example-gaiyou01",
        "meta": {
          "profile": [
            "http://jpfhir.jp/fhir/ePrescription/StructureDefinition/JP_MedicationRequest_ePrescriptionData"
          ]
        },
        "text": {
          "status": "generated",
          "div": "<div xmlns=\"http://www.w3.org/1999/xhtml\"><p><b>Generated Narrative</b></p><div style=\"display: inline-block; background-color: #d9e0e7; padding: 6px; margin: 4px; border: 1px solid #8da1b4; border-radius: 5px; line-height: 60%\"><p style=\"margin-bottom: 0px\">Resource \"JP-MedReq-ePreData-Example-gaiyou01\" </p><p style=\"margin-bottom: 0px\">Profile: <a href=\"StructureDefinition-JP-MedicationRequest-ePrescriptionData.html\">JP_MedicationRequest_ePrescriptionData</a></p></div><p><b>identifier</b>: id: 1, id: 1</p><p><b>status</b>: active</p><p><b>intent</b>: order</p><p><b>medication</b>: チモプトール点眼薬０．２５％５ｍＬ <span style=\"background: LightGoldenRodYellow; margin: 4px; border: 1px solid khaki\"> (unknown#102094601 \"チモプトール点眼薬０．２５％　５ｍＬ\")</span></p><p><b>subject</b>: <a href=\"#Patient_JP-Patient-ePreData-Example\">See above (Patient/JP-Patient-ePreData-Example)</a></p><p><b>authoredOn</b>: 2020-08-21 12:28:17+0900</p><h3>DispenseRequests</h3><table class=\"grid\"><tr><td>-</td><td><b>Quantity</b></td></tr><tr><td>*</td><td>2 本<span style=\"background: LightGoldenRodYellow\"> (Details: urn:oid:1.2.392.100495.20.2.101 code HON = '本')</span></td></tr></table></div>"
        },
        "identifier": [
          {
            "system": "urn:oid:1.2.392.100495.20.3.81",
            "value": "1"
          },
          {
            "system": "urn:oid:1.2.392.100495.20.3.82",
            "value": "1"
          }
        ],
        "status": "active",
        "intent": "order",
        "medicationCodeableConcept": {
          "coding": [
            {
              "system": "urn:oid:1.2.392.200119.4.403.1",
              "code": "102094601",
              "display": "チモプトール点眼薬０．２５％　５ｍＬ"
            }
          ],
          "text": "チモプトール点眼薬０．２５％５ｍＬ"
        },
        "subject": {
          "reference": "Patient/JP-Patient-ePreData-Example"
        },
        "authoredOn": "2020-08-21T12:28:17+09:00",
        "dosageInstruction": [
          {
            "text": "外用・点眼・１日３回　１回１滴（右眼）",
            "timing": {
              "code": {
                "coding": [
                  {
                    "system": "urn:oid:1.2.392.200250.2.2.20.20",
                    "code": "2H73000000000000",
                    "display": "外用・点眼・１日３回"
                  }
                ]
              }
            },
            "site": {
              "coding": [
                {
                  "system": "urn:oid:1.2.392.200250.2.2.20.32",
                  "code": "26R",
                  "display": "右眼"
                }
              ]
            },
            "doseAndRate": [
              {
                "type": {
                  "coding": [
                    {
                      "system": "urn:oid:1.2.392.100495.20.2.22",
                      "code": "1",
                      "display": "製剤量"
                    }
                  ]
                },
                "doseQuantity": {
                  "value": 1,
                  "unit": "滴",
                  "system": "urn:oid:1.2.392.100495.20.2.101",
                  "code": "DROP"
                }
              }
            ]
          },
          {
            "text": "外用・点眼・１日３回　１回２滴（左眼）",
            "timing": {
              "code": {
                "coding": [
                  {
                    "system": "urn:oid:1.2.392.200250.2.2.20.20",
                    "code": "2H73000000000000",
                    "display": "外用・点眼・１日３回"
                  }
                ]
              }
            },
            "site": {
              "coding": [
                {
                  "system": "urn:oid:1.2.392.200250.2.2.20.32",
                  "code": "26L",
                  "display": "左眼"
                }
              ]
            },
            "doseAndRate": [
              {
                "type": {
                  "coding": [
                    {
                      "system": "urn:oid:1.2.392.100495.20.2.22",
                      "code": "1",
                      "display": "製剤量"
                    }
                  ]
                },
                "doseQuantity": {
                  "value": 2,
                  "unit": "滴",
                  "system": "urn:oid:1.2.392.100495.20.2.101",
                  "code": "DROP"
                }
              }
            ]
          }
        ],
        "dispenseRequest": {
          "quantity": {
            "value": 2,
            "unit": "本",
            "system": "urn:oid:1.2.392.100495.20.2.101",
            "code": "HON"
          }
        }
      }
    },
    {
      "fullUrl": "urn:uuid:499f7db1-b4c2-3d01-b1a0-dfdb502977ab",
      "resource": {
        "resourceType": "Communication",
        "id": "JP-Commumication-ePreData-Example",
        "text": {
          "status": "extensions",
          "div": "<div xmlns=\"http://www.w3.org/1999/xhtml\"><p><b>Generated Narrative</b></p><div style=\"display: inline-block; background-color: #d9e0e7; padding: 6px; margin: 4px; border: 1px solid #8da1b4; border-radius: 5px; line-height: 60%\"><p style=\"margin-bottom: 0px\">Resource \"JP-Commumication-ePreData-Example\" </p></div><p><b>JP_Communication_CommunicationContent</b>: 患者は聴覚障害のため説明を紙に記載して渡すようにしてください。</p><p><b>status</b>: completed</p><p><b>category</b>: 調剤者への指示 <span style=\"background: LightGoldenRodYellow; margin: 4px; border: 1px solid khaki\"> (<a href=\"CodeSystem-jp-codeSystem-ePreCommunication-category.html\">JP_codeSystem_ePreCommunication_category</a>#2)</span></p></div>"
        },
        "extension": [
          {
            "url": "http://jpfhir.jp/fhir/ePrescription/Extension/StructureDefinition/JP_Communication_CommunicationContent",
            "valueString": "患者は聴覚障害のため説明を紙に記載して渡すようにしてください。"
          }
        ],
        "status": "completed",
        "category": [
          {
            "coding": [
              {
                "system": "http://jpfhir.jp/fhir/ePrescription/CodeSystem/communication-category",
                "code": "2",
                "display": "調剤者への指示"
              }
            ]
          }
        ]
      }
    }
  ]
}