[
  {
    "id": "JP-Patient-CCLIX",
    "type": "StructureDefinition",
    "url": "http://jpfhir.jp/fhir/CCLIX/StructureDefinition/JP_Patient_CCLIX",
    "version": "0.9.3",
    "name": "JP_Patient_CCLIX"
  },
  {
    "id": "jp-codeSystem-documentTypeCode",
    "type": "CodeSystem",
    "url": "http://jpfhir.jp/fhir/Common/CodeSystem/doc-typecodes",
    "version": "0.9.3",
    "name": "JP_codeSystem_documentTypeCode"
  },
  {
    "id": "jp-codeSystem-practitioner-role-category",
    "type": "CodeSystem",
    "url": "http://jpfhir.jp/fhir/Common/CodeSystem/practitioner-role-category",
    "version": "0.9.3",
    "name": "JP_codeSystem_practitioner_role_category"
  },
  {
    "id": "jp-valueSet-documentTypeCode",
    "type": "ValueSet",
    "url": "http://jpfhir.jp/fhir/Common/ValueSet/doc-typecodes",
    "version": "0.9.3",
    "name": "JP_valueSet_documentTypeCode"
  },
  {
    "id": "mhlw-valueSet-ePreCDA-insuranceCategory-tbl11",
    "type": "ValueSet",
    "url": "http://jpfhir.jp/fhir/Common/ValueSet/mhlw-ePreCDA-insuranceCategory",
    "version": "0.9.3",
    "name": "MHLW_valueSet_ePreCDA_insuranceCategory_tbl11"
  },
  {
    "id": "JP-Communication",
    "type": "StructureDefinition",
    "url": "http://jpfhir.jp/fhir/StructureDefinition/JP_Communication",
    "version": "0.9.3",
    "name": "JP_Communication"
  },
  {
    "id": "jp-codeSystem-practitioner-certificate-category",
    "type": "CodeSystem",
    "url": "http://jpfhir.jp/fhir/core/CodeSystem/practitioner-certificate-category",
    "version": "0.9.3",
    "name": "JP_codeSystem_practitioner_certificate_category"
  },
  {
    "id": "jp-codeSystem-ePreCommunication-category",
    "type": "CodeSystem",
    "url": "http://jpfhir.jp/fhir/ePrescription/CodeSystem/communication-category",
    "version": "0.9.3",
    "name": "JP_codeSystem_ePreCommunication_category"
  },
  {
    "id": "jp-codeSystem-prescription-category",
    "type": "CodeSystem",
    "url": "http://jpfhir.jp/fhir/ePrescription/CodeSystem/prescription-category",
    "version": "0.9.3",
    "name": "JP_codeSystem_prescription_category"
  },
  {
    "id": "jp-codeSystem-ePrescription-section",
    "type": "CodeSystem",
    "url": "http://jpfhir.jp/fhir/ePrescription/CodeSystem/prescription-section",
    "version": "0.9.3",
    "name": "JP_codeSystem_ePrescription_section"
  },
  {
    "id": "jami-codeSystem-ePreUsageRoute",
    "type": "CodeSystem",
    "url": "http://jpfhir.jp/fhir/ePrescription/CodeSystem/route-codes",
    "version": "0.9.3",
    "name": "JAMI_codeSystem_ePreUsageRoute"
  },
  {
    "id": "JP-Communication-CommunicationContent",
    "type": "StructureDefinition",
    "url": "http://jpfhir.jp/fhir/ePrescription/Extension/StructureDefinition/JP_Communication_CommunicationContent",
    "version": "0.9.3",
    "name": "JP_Communication_CommunicationContent"
  },
  {
    "id": "JP-Bundle-ePrescriptionDataBunkatsuInline",
    "type": "StructureDefinition",
    "url": "http://jpfhir.jp/fhir/ePrescription/StructureDefinition/JP_Bundle_ePrescriptionDataBunkatsuInline",
    "version": "0.9.3",
    "name": "JP_Bundle_ePrescriptionDataBunkatsuInline"
  },
  {
    "id": "JP-Communication-ePrescriptionData",
    "type": "StructureDefinition",
    "url": "http://jpfhir.jp/fhir/ePrescription/StructureDefinition/JP_Communication_ePrescriptionData",
    "version": "0.9.3",
    "name": "JP_Communication_ePrescriptionData"
  },
  {
    "id": "JP-Composition-ePrescriptionData",
    "type": "StructureDefinition",
    "url": "http://jpfhir.jp/fhir/ePrescription/StructureDefinition/JP_Composition_ePrescriptionData",
    "version": "0.9.3",
    "name": "JP_Composition_ePrescriptionData"
  },
  {
    "id": "JP-Coverage-ePrescriptionData-insurance",
    "type": "StructureDefinition",
    "url": "http://jpfhir.jp/fhir/ePrescription/StructureDefinition/JP_Coverage_ePrescriptionData_insurance",
    "version": "0.9.3",
    "name": "JP_Coverage_ePrescriptionData_insurance"
  },
  {
    "id": "JP-Coverage-ePrescriptionData-publicPayment",
    "type": "StructureDefinition",
    "url": "http://jpfhir.jp/fhir/ePrescription/StructureDefinition/JP_Coverage_ePrescriptionData_publicPayment",
    "version": "0.9.3",
    "name": "JP_Coverage_ePrescriptionData_publicPayment"
  },
  {
    "id": "JP-Encounter-ePrescriptionData",
    "type": "StructureDefinition",
    "url": "http://jpfhir.jp/fhir/ePrescription/StructureDefinition/JP_Encounter_ePrescriptionData",
    "version": "0.9.3",
    "name": "JP_Encounter_ePrescriptionData"
  },
  {
    "id": "JP-MedicationRequest-ePrescriptionData",
    "type": "StructureDefinition",
    "url": "http://jpfhir.jp/fhir/ePrescription/StructureDefinition/JP_MedicationRequest_ePrescriptionData",
    "version": "0.9.3",
    "name": "JP_MedicationRequest_ePrescriptionData"
  },
  {
    "id": "JP-Organization-ePrescriptionData-coveragePayer",
    "type": "StructureDefinition",
    "url": "http://jpfhir.jp/fhir/ePrescription/StructureDefinition/JP_Organization_ePrescriptionData_coveragePayer",
    "version": "0.9.3",
    "name": "JP_Organization_ePrescriptionData_coveragePayer"
  },
  {
    "id": "JP-Organization-ePrescriptionData-departmentOfIssuer",
    "type": "StructureDefinition",
    "url": "http://jpfhir.jp/fhir/ePrescription/StructureDefinition/JP_Organization_ePrescriptionData_departmentOfIssuer",
    "version": "0.9.3",
    "name": "JP_Organization_ePrescriptionData_departmentOfIssuer"
  },
  {
    "id": "JP-Organization-ePrescriptionData-issuer",
    "type": "StructureDefinition",
    "url": "http://jpfhir.jp/fhir/ePrescription/StructureDefinition/JP_Organization_ePrescriptionData_issuer",
    "version": "0.9.3",
    "name": "JP_Organization_ePrescriptionData_issuer"
  },
  {
    "id": "JP-Patient-ePrescriptionData",
    "type": "StructureDefinition",
    "url": "http://jpfhir.jp/fhir/ePrescription/StructureDefinition/JP_Patient_ePrescriptionData",
    "version": "0.9.3",
    "name": "JP_Patient_ePrescriptionData"
  },
  {
    "id": "JP-PractitionerRole-ePrescriptionData-author",
    "type": "StructureDefinition",
    "url": "http://jpfhir.jp/fhir/ePrescription/StructureDefinition/JP_PractitionerRole_ePrescriptionData_author",
    "version": "0.9.3",
    "name": "JP_PractitionerRole_ePrescriptionData_author"
  },
  {
    "id": "JP-Practitioner-ePrescriptionData-author",
    "type": "StructureDefinition",
    "url": "http://jpfhir.jp/fhir/ePrescription/StructureDefinition/JP_Practitioner_ePrescriptionData_author",
    "version": "0.9.3",
    "name": "JP_Practitioner_ePrescriptionData_author"
  },
  {
    "id": "jami-valueSet-ePreOrderUsageCode-16digits",
    "type": "ValueSet",
    "url": "http://jpfhir.jp/fhir/ePrescription/ValueSet/jami-ePreOrderUsageCode",
    "version": "0.9.3",
    "name": "JAMI_valueSet_ePreOrderUsageCode_16digits"
  },
  {
    "id": "jp-valueSet-drugCode-gs1-14",
    "type": "ValueSet",
    "url": "http://jpfhir.jp/fhir/ePrescription/ValueSet/jp-drugCode-gs1-14",
    "version": "0.9.3",
    "name": "JP_valueSet_drugCode_gs1_14"
  },
  {
    "id": "jp-valueSet-drugCode-hot9",
    "type": "ValueSet",
    "url": "http://jpfhir.jp/fhir/ePrescription/ValueSet/jp-drugCode-hot9",
    "version": "0.9.3",
    "name": "JP_valueSet_drugCode_hot9"
  },
  {
    "id": "jp-valueSet-drugCode-yj",
    "type": "ValueSet",
    "url": "http://jpfhir.jp/fhir/ePrescription/ValueSet/jp-drugCode-yj",
    "version": "0.9.3",
    "name": "JP_valueSet_drugCode_yj"
  },
  {
    "id": "mhlw-valueSet-drugCode-generalNameCode",
    "type": "ValueSet",
    "url": "http://jpfhir.jp/fhir/ePrescription/ValueSet/mhlw-drugCode-generalNameCode",
    "version": "0.9.3",
    "name": "MHLW_valueSet_drugCode_generalNameCode"
  },
  {
    "id": "ePrescriptionData",
    "type": "ImplementationGuide",
    "url": "http://jpfhir.jp/fhir/ePrescriptionData/ImplementationGuide/ePrescriptionData",
    "version": "0.9.3",
    "name": "ePrescriptionData"
  },
  {
    "id": "v3-ActEncounterCode",
    "type": "CodeSystem",
    "url": "http://terminology.hl7.org/CodeSystem/v3-ActCode",
    "version": "0.9.3",
    "name": "HL7V3_ActEncounterCode"
  },
  {
    "id": "v3-ActEncounterCode",
    "type": "ValueSet",
    "url": "http://terminology.hl7.org/ValueSet/v3-ActEncounterCode",
    "version": "0.9.3",
    "name": "HL7V3_ActEncounterCode"
  },
  {
    "id": "mhlw-codeSystem-claimOrganizationNo7digits-tbl23",
    "type": "CodeSystem",
    "url": "urn:oid:1.2.392.100495.20.1.23",
    "version": "0.9.3",
    "name": "MHLW_codeSystem_claimOrganizationNo7digits_tbl23"
  },
  {
    "id": "mhlw-codeSystem-drugUnitAbbr-tbl20",
    "type": "CodeSystem",
    "url": "urn:oid:1.2.392.100495.20.2.101",
    "version": "0.9.3",
    "name": "MHLW_codeSystem_drugUnitAbbr_tbl20"
  },
  {
    "id": "mhlw-codeSystem-ePreCDA-documentCategory-tbl011",
    "type": "CodeSystem",
    "url": "urn:oid:1.2.392.100495.20.2.11",
    "version": "0.9.3",
    "name": "MHLW_codeSystem_ePreCDA_documentCategory_tbl01"
  },
  {
    "id": "mhlw-codeSystem-ePreCDA-sectionCategory-tbl02",
    "type": "CodeSystem",
    "url": "urn:oid:1.2.392.100495.20.2.12",
    "version": "0.9.3",
    "name": "MHLW_codeSystem_ePreCDA_sectionCategory_tbl02"
  },
  {
    "id": "mhlw-codeSystem-ePreCDA-drugUsageForm-tbl03",
    "type": "CodeSystem",
    "url": "urn:oid:1.2.392.100495.20.2.21",
    "version": "0.9.3",
    "name": "MHLW_codeSystem_ePreCDA_drugsageForm_tbl03"
  },
  {
    "id": "mhlw-codeSystem-ePreCDA-drugDosageStrength-tbl04",
    "type": "CodeSystem",
    "url": "urn:oid:1.2.392.100495.20.2.22",
    "version": "0.9.3",
    "name": "MHLW_codeSystem_ePreCDA_drugDosageStrength_tbl04"
  },
  {
    "id": "mhlw-codeSystem-ePreCDA-unable2Change2Generic-tbl08",
    "type": "CodeSystem",
    "url": "urn:oid:1.2.392.100495.20.2.41",
    "version": "0.9.3",
    "name": "MHLW_codeSystem_ePreCDA_unable2Change2Generic_tbl08"
  },
  {
    "id": "mhlw-codeSystem-ePreCDA-instructionResidual-tbl09",
    "type": "CodeSystem",
    "url": "urn:oid:1.2.392.100495.20.2.42",
    "version": "0.9.3",
    "name": "MHLW_codeSystem_ePreCDA_instructionResidual_tbl09"
  },
  {
    "id": "mhlw-codeSystem-ePreCDA-clinicalDepartment-tbl10",
    "type": "CodeSystem",
    "url": "urn:oid:1.2.392.100495.20.2.51",
    "version": "0.9.3",
    "name": "MHLW_codeSystem_ePreCDA_clinicalDepartment_tbl10"
  },
  {
    "id": "mhlw-codeSystem-ePreCDA-insuranceCategory-tbl11",
    "type": "CodeSystem",
    "url": "urn:oid:1.2.392.100495.20.2.61",
    "version": "0.9.3",
    "name": "MHLW_codeSystem_ePreCDA_insuranceCategory_tbl11"
  },
  {
    "id": "mhlw-codeSystem-ePreCDA-insuredRelationship-tbl12",
    "type": "CodeSystem",
    "url": "urn:oid:1.2.392.100495.20.2.62",
    "version": "0.9.3",
    "name": "MHLW_codeSystem_ePreCDA_insuredRelationship_tbl12"
  },
  {
    "id": "mhlw-codeSystem-ePreCDA-insuredCoPayCategory-tbl13",
    "type": "CodeSystem",
    "url": "urn:oid:1.2.392.100495.20.2.63",
    "version": "0.9.3",
    "name": "MHLW_codeSystem_ePreCDA_insuredCoPayCategory_tbl13"
  },
  {
    "id": "jp-codeSystem-prefectureNumber",
    "type": "CodeSystem",
    "url": "urn:oid:1.2.392.100495.20.3.21",
    "version": "0.9.3",
    "name": "JP_codeSystem_prefectureNumber"
  },
  {
    "id": "mhlw-codeSystem-claimOrganizationCategory-tbl22",
    "type": "CodeSystem",
    "url": "urn:oid:1.2.392.100495.20.3.22",
    "version": "0.9.3",
    "name": "MHLW_codeSystem_claimOrganizationCategory_tbl22"
  },
  {
    "id": "jp-codeSystem-insurerNumber",
    "type": "CodeSystem",
    "url": "urn:oid:1.2.392.100495.20.3.61",
    "version": "0.9.3",
    "name": "JP_codeSystem_insurerNumber"
  },
  {
    "id": "jp-codeSystem-publicPyerNumber",
    "type": "CodeSystem",
    "url": "urn:oid:1.2.392.100495.20.3.71",
    "version": "0.9.3",
    "name": "JP_codeSystem_publicPyerNumber"
  },
  {
    "id": "jami-codeSystem-ePreBasicUsageMethod-OneDigit",
    "type": "CodeSystem",
    "url": "urn:oid:1.2.392.200250.2.2.20.30",
    "version": "0.9.3",
    "name": "JAMI_codeSystem_ePreBasicUsageMethod_OneDigit"
  },
  {
    "id": "jami-codeSystem-ePreSiteCode",
    "type": "CodeSystem",
    "url": "urn:oid:1.2.392.200250.2.2.20.32",
    "version": "0.9.3",
    "name": "JAMI_codeSystem_ePreSiteCode"
  },
  {
    "id": "jami-codeSystem-ePreDetailUsageMethod-TwoDigits",
    "type": "CodeSystem",
    "url": "urn:oid:1.2.392.200250.2.2.20.40",
    "version": "0.9.3",
    "name": "JAMI_codeSystem_ePreDetailUsageMethod_TwoDigits"
  },
  {
    "id": "jami-codeSystem-ePreDispenseInstruction",
    "type": "CodeSystem",
    "url": "urn:oid:1.2.392.200250.2.2.30.10",
    "version": "0.9.3",
    "name": "JAMI_codeSystem_ePreDispenseInstruction"
  }
]