{
  "resourceType": "CodeSystem",
  "id": "jp-codeSystem-insurerNumber",
  "text": {
    "status": "generated",
    "div": "<div xmlns=\"http://www.w3.org/1999/xhtml\"><p>This code system urn:oid:1.2.392.100495.20.3.61 defines the following codes:</p><table class=\"codes\"><tr><td style=\"white-space:nowrap\"><b>Code</b></td><td><b>Display</b></td></tr><tr><td style=\"white-space:nowrap\">06123456<a name=\"jp-codeSystem-insurerNumber-06123456\"> </a></td><td>サンプル健康保険組合06123456</td></tr></table></div>"
  },
  "url": "urn:oid:1.2.392.100495.20.3.61",
  "version": "0.9.3",
  "name": "JP_codeSystem_insurerNumber",
  "status": "active",
  "date": "2022-05-03T15:49:57+00:00",
  "publisher": "KOhe",
  "contact": [
    {
      "name": "KOhe",
      "telecom": [
        {
          "system": "url",
          "value": "http://jpfhir.jp"
        }
      ]
    }
  ],
  "description": "保険者番号",
  "caseSensitive": false,
  "valueSet": "http://jpfhir.jp/fhir/Common/ValueSet/insurerNumber",
  "content": "complete",
  "count": 1,
  "concept": [
    {
      "code": "06123456",
      "display": "サンプル健康保険組合06123456"
    }
  ]
}