{
  "resourceType": "CodeSystem",
  "id": "mhlw-codeSystem-ePreCDA-clinicalDepartment-tbl10",
  "text": {
    "status": "generated",
    "div": "<div xmlns=\"http://www.w3.org/1999/xhtml\"><p>This code system urn:oid:1.2.392.100495.20.2.51 defines the following codes:</p><table class=\"codes\"><tr><td style=\"white-space:nowrap\"><b>Code</b></td><td><b>Display</b></td></tr><tr><td style=\"white-space:nowrap\">01<a name=\"mhlw-codeSystem-ePreCDA-clinicalDepartment-tbl10-01\"> </a></td><td>内科</td></tr><tr><td style=\"white-space:nowrap\">02<a name=\"mhlw-codeSystem-ePreCDA-clinicalDepartment-tbl10-02\"> </a></td><td>精神科</td></tr><tr><td style=\"white-space:nowrap\">03<a name=\"mhlw-codeSystem-ePreCDA-clinicalDepartment-tbl10-03\"> </a></td><td>神経科</td></tr><tr><td style=\"white-space:nowrap\">04<a name=\"mhlw-codeSystem-ePreCDA-clinicalDepartment-tbl10-04\"> </a></td><td>神経内科</td></tr><tr><td style=\"white-space:nowrap\">05<a name=\"mhlw-codeSystem-ePreCDA-clinicalDepartment-tbl10-05\"> </a></td><td>呼吸器科</td></tr><tr><td style=\"white-space:nowrap\">06<a name=\"mhlw-codeSystem-ePreCDA-clinicalDepartment-tbl10-06\"> </a></td><td>消化器科</td></tr><tr><td style=\"white-space:nowrap\">07<a name=\"mhlw-codeSystem-ePreCDA-clinicalDepartment-tbl10-07\"> </a></td><td>胃腸科</td></tr><tr><td style=\"white-space:nowrap\">08<a name=\"mhlw-codeSystem-ePreCDA-clinicalDepartment-tbl10-08\"> </a></td><td>循環器科</td></tr><tr><td style=\"white-space:nowrap\">09<a name=\"mhlw-codeSystem-ePreCDA-clinicalDepartment-tbl10-09\"> </a></td><td>小児科</td></tr><tr><td style=\"white-space:nowrap\">10<a name=\"mhlw-codeSystem-ePreCDA-clinicalDepartment-tbl10-10\"> </a></td><td>外科</td></tr><tr><td style=\"white-space:nowrap\">11<a name=\"mhlw-codeSystem-ePreCDA-clinicalDepartment-tbl10-11\"> </a></td><td>整形外科</td></tr><tr><td style=\"white-space:nowrap\">12<a name=\"mhlw-codeSystem-ePreCDA-clinicalDepartment-tbl10-12\"> </a></td><td>形成外科</td></tr><tr><td style=\"white-space:nowrap\">13<a name=\"mhlw-codeSystem-ePreCDA-clinicalDepartment-tbl10-13\"> </a></td><td>美容外科</td></tr><tr><td style=\"white-space:nowrap\">14<a name=\"mhlw-codeSystem-ePreCDA-clinicalDepartment-tbl10-14\"> </a></td><td>脳神経外科</td></tr><tr><td style=\"white-space:nowrap\">15<a name=\"mhlw-codeSystem-ePreCDA-clinicalDepartment-tbl10-15\"> </a></td><td>呼吸器外科</td></tr><tr><td style=\"white-space:nowrap\">16<a name=\"mhlw-codeSystem-ePreCDA-clinicalDepartment-tbl10-16\"> </a></td><td>心臓血管外科</td></tr><tr><td style=\"white-space:nowrap\">17<a name=\"mhlw-codeSystem-ePreCDA-clinicalDepartment-tbl10-17\"> </a></td><td>小児外科</td></tr><tr><td style=\"white-space:nowrap\">18<a name=\"mhlw-codeSystem-ePreCDA-clinicalDepartment-tbl10-18\"> </a></td><td>皮膚泌尿器科</td></tr><tr><td style=\"white-space:nowrap\">19<a name=\"mhlw-codeSystem-ePreCDA-clinicalDepartment-tbl10-19\"> </a></td><td>皮膚科</td></tr><tr><td style=\"white-space:nowrap\">20<a name=\"mhlw-codeSystem-ePreCDA-clinicalDepartment-tbl10-20\"> </a></td><td>泌尿器科</td></tr><tr><td style=\"white-space:nowrap\">21<a name=\"mhlw-codeSystem-ePreCDA-clinicalDepartment-tbl10-21\"> </a></td><td>性病科</td></tr><tr><td style=\"white-space:nowrap\">22<a name=\"mhlw-codeSystem-ePreCDA-clinicalDepartment-tbl10-22\"> </a></td><td>肛門科</td></tr><tr><td style=\"white-space:nowrap\">23<a name=\"mhlw-codeSystem-ePreCDA-clinicalDepartment-tbl10-23\"> </a></td><td>産婦人科</td></tr><tr><td style=\"white-space:nowrap\">24<a name=\"mhlw-codeSystem-ePreCDA-clinicalDepartment-tbl10-24\"> </a></td><td>産科</td></tr><tr><td style=\"white-space:nowrap\">25<a name=\"mhlw-codeSystem-ePreCDA-clinicalDepartment-tbl10-25\"> </a></td><td>婦人科</td></tr><tr><td style=\"white-space:nowrap\">26<a name=\"mhlw-codeSystem-ePreCDA-clinicalDepartment-tbl10-26\"> </a></td><td>眼科</td></tr><tr><td style=\"white-space:nowrap\">27<a name=\"mhlw-codeSystem-ePreCDA-clinicalDepartment-tbl10-27\"> </a></td><td>耳鼻咽喉科</td></tr><tr><td style=\"white-space:nowrap\">28<a name=\"mhlw-codeSystem-ePreCDA-clinicalDepartment-tbl10-28\"> </a></td><td>気管食道科</td></tr><tr><td style=\"white-space:nowrap\">30<a name=\"mhlw-codeSystem-ePreCDA-clinicalDepartment-tbl10-30\"> </a></td><td>放射線科</td></tr><tr><td style=\"white-space:nowrap\">31<a name=\"mhlw-codeSystem-ePreCDA-clinicalDepartment-tbl10-31\"> </a></td><td>麻酔科</td></tr><tr><td style=\"white-space:nowrap\">33<a name=\"mhlw-codeSystem-ePreCDA-clinicalDepartment-tbl10-33\"> </a></td><td>心療内科</td></tr><tr><td style=\"white-space:nowrap\">34<a name=\"mhlw-codeSystem-ePreCDA-clinicalDepartment-tbl10-34\"> </a></td><td>アレルギー科</td></tr><tr><td style=\"white-space:nowrap\">35<a name=\"mhlw-codeSystem-ePreCDA-clinicalDepartment-tbl10-35\"> </a></td><td>リウマチ科</td></tr><tr><td style=\"white-space:nowrap\">36<a name=\"mhlw-codeSystem-ePreCDA-clinicalDepartment-tbl10-36\"> </a></td><td>リハビリテーション科</td></tr><tr><td style=\"white-space:nowrap\">37<a name=\"mhlw-codeSystem-ePreCDA-clinicalDepartment-tbl10-37\"> </a></td><td>病理診断科</td></tr><tr><td style=\"white-space:nowrap\">38<a name=\"mhlw-codeSystem-ePreCDA-clinicalDepartment-tbl10-38\"> </a></td><td>臨床検査科</td></tr><tr><td style=\"white-space:nowrap\">39<a name=\"mhlw-codeSystem-ePreCDA-clinicalDepartment-tbl10-39\"> </a></td><td>救急科</td></tr><tr><td style=\"white-space:nowrap\">90<a name=\"mhlw-codeSystem-ePreCDA-clinicalDepartment-tbl10-90\"> </a></td><td>歯科</td></tr></table></div>"
  },
  "url": "urn:oid:1.2.392.100495.20.2.51",
  "version": "1.0.0",
  "name": "MHLW_codeSystem_ePreCDA_clinicalDepartment_tbl10",
  "status": "active",
  "date": "2022-06-27T01:36:25+00:00",
  "publisher": "KOhe",
  "contact": [
    {
      "name": "KOhe",
      "telecom": [
        {
          "system": "url",
          "value": "http://jpfhir.jp"
        }
      ]
    }
  ],
  "description": "厚労省電子処方CDA規格別表10 診療科コード",
  "caseSensitive": false,
  "content": "complete",
  "count": 38,
  "concept": [
    {
      "code": "01",
      "display": "内科"
    },
    {
      "code": "02",
      "display": "精神科"
    },
    {
      "code": "03",
      "display": "神経科"
    },
    {
      "code": "04",
      "display": "神経内科"
    },
    {
      "code": "05",
      "display": "呼吸器科"
    },
    {
      "code": "06",
      "display": "消化器科"
    },
    {
      "code": "07",
      "display": "胃腸科"
    },
    {
      "code": "08",
      "display": "循環器科"
    },
    {
      "code": "09",
      "display": "小児科"
    },
    {
      "code": "10",
      "display": "外科"
    },
    {
      "code": "11",
      "display": "整形外科"
    },
    {
      "code": "12",
      "display": "形成外科"
    },
    {
      "code": "13",
      "display": "美容外科"
    },
    {
      "code": "14",
      "display": "脳神経外科"
    },
    {
      "code": "15",
      "display": "呼吸器外科"
    },
    {
      "code": "16",
      "display": "心臓血管外科"
    },
    {
      "code": "17",
      "display": "小児外科"
    },
    {
      "code": "18",
      "display": "皮膚泌尿器科"
    },
    {
      "code": "19",
      "display": "皮膚科"
    },
    {
      "code": "20",
      "display": "泌尿器科"
    },
    {
      "code": "21",
      "display": "性病科"
    },
    {
      "code": "22",
      "display": "肛門科"
    },
    {
      "code": "23",
      "display": "産婦人科"
    },
    {
      "code": "24",
      "display": "産科"
    },
    {
      "code": "25",
      "display": "婦人科"
    },
    {
      "code": "26",
      "display": "眼科"
    },
    {
      "code": "27",
      "display": "耳鼻咽喉科"
    },
    {
      "code": "28",
      "display": "気管食道科"
    },
    {
      "code": "30",
      "display": "放射線科"
    },
    {
      "code": "31",
      "display": "麻酔科"
    },
    {
      "code": "33",
      "display": "心療内科"
    },
    {
      "code": "34",
      "display": "アレルギー科"
    },
    {
      "code": "35",
      "display": "リウマチ科"
    },
    {
      "code": "36",
      "display": "リハビリテーション科"
    },
    {
      "code": "37",
      "display": "病理診断科"
    },
    {
      "code": "38",
      "display": "臨床検査科"
    },
    {
      "code": "39",
      "display": "救急科"
    },
    {
      "code": "90",
      "display": "歯科"
    }
  ]
}