{
  "resourceType": "CodeSystem",
  "id": "mhlw-codeSystem-ePreCDA-insuranceCategory-tbl11",
  "text": {
    "status": "generated",
    "div": "<div xmlns=\"http://www.w3.org/1999/xhtml\"><p>This code system urn:oid:1.2.392.100495.20.2.61 defines the following codes:</p><table class=\"codes\"><tr><td style=\"white-space:nowrap\"><b>Code</b></td><td><b>Display</b></td></tr><tr><td style=\"white-space:nowrap\">1<a name=\"mhlw-codeSystem-ePreCDA-insuranceCategory-tbl11-1\"> </a></td><td>医保</td></tr><tr><td style=\"white-space:nowrap\">2<a name=\"mhlw-codeSystem-ePreCDA-insuranceCategory-tbl11-2\"> </a></td><td>国保</td></tr><tr><td style=\"white-space:nowrap\">3<a name=\"mhlw-codeSystem-ePreCDA-insuranceCategory-tbl11-3\"> </a></td><td>労災</td></tr><tr><td style=\"white-space:nowrap\">4<a name=\"mhlw-codeSystem-ePreCDA-insuranceCategory-tbl11-4\"> </a></td><td>自賠責</td></tr><tr><td style=\"white-space:nowrap\">5<a name=\"mhlw-codeSystem-ePreCDA-insuranceCategory-tbl11-5\"> </a></td><td>公害</td></tr><tr><td style=\"white-space:nowrap\">6<a name=\"mhlw-codeSystem-ePreCDA-insuranceCategory-tbl11-6\"> </a></td><td>自費</td></tr><tr><td style=\"white-space:nowrap\">7<a name=\"mhlw-codeSystem-ePreCDA-insuranceCategory-tbl11-7\"> </a></td><td>後期高齢者</td></tr><tr><td style=\"white-space:nowrap\">8<a name=\"mhlw-codeSystem-ePreCDA-insuranceCategory-tbl11-8\"> </a></td><td>公費</td></tr></table></div>"
  },
  "url": "urn:oid:1.2.392.100495.20.2.61",
  "version": "0.9.3",
  "name": "MHLW_codeSystem_ePreCDA_insuranceCategory_tbl11",
  "status": "active",
  "date": "2022-05-15T20:34:26+00:00",
  "publisher": "KOhe",
  "contact": [
    {
      "name": "KOhe",
      "telecom": [
        {
          "system": "url",
          "value": "http://jpfhir.jp"
        }
      ]
    }
  ],
  "description": "厚労省電子処方CDA規格別表11 保険種別コード",
  "caseSensitive": false,
  "valueSet": "http://jpfhir.jp/fhir/Common/ValueSet/mhlw-ePreCDA-insuranceCategory",
  "content": "complete",
  "count": 8,
  "concept": [
    {
      "code": "1",
      "display": "医保"
    },
    {
      "code": "2",
      "display": "国保"
    },
    {
      "code": "3",
      "display": "労災"
    },
    {
      "code": "4",
      "display": "自賠責"
    },
    {
      "code": "5",
      "display": "公害"
    },
    {
      "code": "6",
      "display": "自費"
    },
    {
      "code": "7",
      "display": "後期高齢者"
    },
    {
      "code": "8",
      "display": "公費"
    }
  ]
}