<?xml version="1.0" encoding="UTF-8"?>

<CodeSystem xmlns="http://hl7.org/fhir">
  <id value="mhlw-codeSystem-ePreCDA-documentCategory-tbl011"/>
  <text>
    <status value="generated"/><div xmlns="http://www.w3.org/1999/xhtml"><p>This code system urn:oid:1.2.392.100495.20.2.11 defines the following codes:</p><table class="codes"><tr><td style="white-space:nowrap"><b>Code</b></td><td><b>Display</b></td></tr><tr><td style="white-space:nowrap">01<a name="mhlw-codeSystem-ePreCDA-documentCategory-tbl011-01"> </a></td><td>処方箋</td></tr><tr><td style="white-space:nowrap">02<a name="mhlw-codeSystem-ePreCDA-documentCategory-tbl011-02"> </a></td><td>調剤結果</td></tr></table></div>
  </text>
  <url value="urn:oid:1.2.392.100495.20.2.11"/>
  <version value="0.9.3"/>
  <name value="MHLW_codeSystem_ePreCDA_documentCategory_tbl01"/>
  <status value="active"/>
  <date value="2022-05-15T02:13:14+00:00"/>
  <publisher value="KOhe"/>
  <contact>
    <name value="KOhe"/>
    <telecom>
      <system value="url"/>
      <value value="http://jpfhir.jp"/>
    </telecom>
  </contact>
  <description value="厚労省電子処方CDA規格別表１ 文書区分コード"/>
  <caseSensitive value="false"/>
  <valueSet value="http://jpfhir.jp/fhir/ePrescription/ValueSet/mhlw-ePreCDA-documentCategory"/>
  <content value="complete"/>
  <count value="2"/>
  <concept>
    <code value="01"/>
    <display value="処方箋"/>
  </concept>
  <concept>
    <code value="02"/>
    <display value="調剤結果"/>
  </concept>
</CodeSystem>