{
  "resourceType": "CodeSystem",
  "id": "v3-ActEncounterCode",
  "text": {
    "status": "generated",
    "div": "<div xmlns=\"http://www.w3.org/1999/xhtml\"><p>This code system http://terminology.hl7.org/CodeSystem/v3-ActCode defines the following codes:</p><table class=\"codes\"><tr><td style=\"white-space:nowrap\"><b>Code</b></td><td><b>Display</b></td></tr><tr><td style=\"white-space:nowrap\">AMB<a name=\"v3-ActEncounterCode-AMB\"> </a></td><td>外来</td></tr><tr><td style=\"white-space:nowrap\">IMP<a name=\"v3-ActEncounterCode-IMP\"> </a></td><td>入院</td></tr></table></div>"
  },
  "url": "http://terminology.hl7.org/CodeSystem/v3-ActCode",
  "version": "0.9.3",
  "name": "HL7V3_ActEncounterCode",
  "status": "active",
  "date": "2022-05-14T20:57:51+00:00",
  "publisher": "KOhe",
  "contact": [
    {
      "name": "KOhe",
      "telecom": [
        {
          "system": "url",
          "value": "http://jpfhir.jp"
        }
      ]
    }
  ],
  "description": "EncounterActコード",
  "caseSensitive": false,
  "valueSet": "http://terminology.hl7.org/ValueSet/v3-ActEncounterCode",
  "content": "complete",
  "count": 2,
  "concept": [
    {
      "code": "AMB",
      "display": "外来"
    },
    {
      "code": "IMP",
      "display": "入院"
    }
  ]
}