{
  "resourceType": "CodeSystem",
  "id": "mhlw-codeSystem-drugUnitAbbr-tbl20",
  "text": {
    "status": "generated",
    "div": "<div xmlns=\"http://www.w3.org/1999/xhtml\"><p>This code system urn:oid:1.2.392.100495.20.2.101 defines the following codes:</p><table class=\"codes\"><tr><td style=\"white-space:nowrap\"><b>Code</b></td><td><b>Display</b></td></tr><tr><td style=\"white-space:nowrap\">PART<a name=\"mhlw-codeSystem-drugUnitAbbr-tbl20-PART\"> </a></td><td>分</td></tr><tr><td style=\"white-space:nowrap\">TIME<a name=\"mhlw-codeSystem-drugUnitAbbr-tbl20-TIME\"> </a></td><td>回</td></tr><tr><td style=\"white-space:nowrap\">KIND<a name=\"mhlw-codeSystem-drugUnitAbbr-tbl20-KIND\"> </a></td><td>種</td></tr><tr><td style=\"white-space:nowrap\">BOX<a name=\"mhlw-codeSystem-drugUnitAbbr-tbl20-BOX\"> </a></td><td>箱</td></tr><tr><td style=\"white-space:nowrap\">ROLL<a name=\"mhlw-codeSystem-drugUnitAbbr-tbl20-ROLL\"> </a></td><td>巻</td></tr><tr><td style=\"white-space:nowrap\">SHT<a name=\"mhlw-codeSystem-drugUnitAbbr-tbl20-SHT\"> </a></td><td>枚</td></tr><tr><td style=\"white-space:nowrap\">HON<a name=\"mhlw-codeSystem-drugUnitAbbr-tbl20-HON\"> </a></td><td>本</td></tr><tr><td style=\"white-space:nowrap\">PAIR<a name=\"mhlw-codeSystem-drugUnitAbbr-tbl20-PAIR\"> </a></td><td>組</td></tr><tr><td style=\"white-space:nowrap\">SET<a name=\"mhlw-codeSystem-drugUnitAbbr-tbl20-SET\"> </a></td><td>セット</td></tr><tr><td style=\"white-space:nowrap\">KO<a name=\"mhlw-codeSystem-drugUnitAbbr-tbl20-KO\"> </a></td><td>個</td></tr><tr><td style=\"white-space:nowrap\">TEAR<a name=\"mhlw-codeSystem-drugUnitAbbr-tbl20-TEAR\"> </a></td><td>裂</td></tr><tr><td style=\"white-space:nowrap\">DIR<a name=\"mhlw-codeSystem-drugUnitAbbr-tbl20-DIR\"> </a></td><td>方向</td></tr><tr><td style=\"white-space:nowrap\">TROC<a name=\"mhlw-codeSystem-drugUnitAbbr-tbl20-TROC\"> </a></td><td>トローチ</td></tr><tr><td style=\"white-space:nowrap\">AMP<a name=\"mhlw-codeSystem-drugUnitAbbr-tbl20-AMP\"> </a></td><td>アンプル</td></tr><tr><td style=\"white-space:nowrap\">CAP<a name=\"mhlw-codeSystem-drugUnitAbbr-tbl20-CAP\"> </a></td><td>カプセル</td></tr><tr><td style=\"white-space:nowrap\">TAB<a name=\"mhlw-codeSystem-drugUnitAbbr-tbl20-TAB\"> </a></td><td>錠</td></tr><tr><td style=\"white-space:nowrap\">PILL<a name=\"mhlw-codeSystem-drugUnitAbbr-tbl20-PILL\"> </a></td><td>丸</td></tr><tr><td style=\"white-space:nowrap\">PCK<a name=\"mhlw-codeSystem-drugUnitAbbr-tbl20-PCK\"> </a></td><td>包</td></tr><tr><td style=\"white-space:nowrap\">BTL<a name=\"mhlw-codeSystem-drugUnitAbbr-tbl20-BTL\"> </a></td><td>瓶</td></tr><tr><td style=\"white-space:nowrap\">BAG<a name=\"mhlw-codeSystem-drugUnitAbbr-tbl20-BAG\"> </a></td><td>袋</td></tr><tr><td style=\"white-space:nowrap\">BTLB<a name=\"mhlw-codeSystem-drugUnitAbbr-tbl20-BTLB\"> </a></td><td>瓶（袋）</td></tr><tr><td style=\"white-space:nowrap\">TUBE<a name=\"mhlw-codeSystem-drugUnitAbbr-tbl20-TUBE\"> </a></td><td>管</td></tr><tr><td style=\"white-space:nowrap\">SYRG<a name=\"mhlw-codeSystem-drugUnitAbbr-tbl20-SYRG\"> </a></td><td>シリンジ</td></tr><tr><td style=\"white-space:nowrap\">DOSE<a name=\"mhlw-codeSystem-drugUnitAbbr-tbl20-DOSE\"> </a></td><td>回分</td></tr><tr><td style=\"white-space:nowrap\">TEST<a name=\"mhlw-codeSystem-drugUnitAbbr-tbl20-TEST\"> </a></td><td>テスト分</td></tr><tr><td style=\"white-space:nowrap\">GCYL<a name=\"mhlw-codeSystem-drugUnitAbbr-tbl20-GCYL\"> </a></td><td>ガラス筒</td></tr><tr><td style=\"white-space:nowrap\">RODT<a name=\"mhlw-codeSystem-drugUnitAbbr-tbl20-RODT\"> </a></td><td>桿錠</td></tr><tr><td style=\"white-space:nowrap\">UNT<a name=\"mhlw-codeSystem-drugUnitAbbr-tbl20-UNT\"> </a></td><td>単位</td></tr><tr><td style=\"white-space:nowrap\">TTUN<a name=\"mhlw-codeSystem-drugUnitAbbr-tbl20-TTUN\"> </a></td><td>万単位</td></tr><tr><td style=\"white-space:nowrap\">FEET<a name=\"mhlw-codeSystem-drugUnitAbbr-tbl20-FEET\"> </a></td><td>フィート</td></tr><tr><td style=\"white-space:nowrap\">DROP<a name=\"mhlw-codeSystem-drugUnitAbbr-tbl20-DROP\"> </a></td><td>滴</td></tr><tr><td style=\"white-space:nowrap\">MG<a name=\"mhlw-codeSystem-drugUnitAbbr-tbl20-MG\"> </a></td><td>ｍｇ</td></tr><tr><td style=\"white-space:nowrap\">G<a name=\"mhlw-codeSystem-drugUnitAbbr-tbl20-G\"> </a></td><td>ｇ</td></tr><tr><td style=\"white-space:nowrap\">KG<a name=\"mhlw-codeSystem-drugUnitAbbr-tbl20-KG\"> </a></td><td>ｋｇ</td></tr><tr><td style=\"white-space:nowrap\">CC<a name=\"mhlw-codeSystem-drugUnitAbbr-tbl20-CC\"> </a></td><td>ｃｃ</td></tr><tr><td style=\"white-space:nowrap\">ML<a name=\"mhlw-codeSystem-drugUnitAbbr-tbl20-ML\"> </a></td><td>ｍＬ</td></tr><tr><td style=\"white-space:nowrap\">L<a name=\"mhlw-codeSystem-drugUnitAbbr-tbl20-L\"> </a></td><td>Ｌ</td></tr><tr><td style=\"white-space:nowrap\">MLV<a name=\"mhlw-codeSystem-drugUnitAbbr-tbl20-MLV\"> </a></td><td>ｍＬＶ</td></tr><tr><td style=\"white-space:nowrap\">VIL<a name=\"mhlw-codeSystem-drugUnitAbbr-tbl20-VIL\"> </a></td><td>バイアル</td></tr><tr><td style=\"white-space:nowrap\">CM<a name=\"mhlw-codeSystem-drugUnitAbbr-tbl20-CM\"> </a></td><td>ｃｍ</td></tr><tr><td style=\"white-space:nowrap\">CM2<a name=\"mhlw-codeSystem-drugUnitAbbr-tbl20-CM2\"> </a></td><td>ｃｍ２</td></tr><tr><td style=\"white-space:nowrap\">M<a name=\"mhlw-codeSystem-drugUnitAbbr-tbl20-M\"> </a></td><td>ｍ</td></tr><tr><td style=\"white-space:nowrap\">MCCI<a name=\"mhlw-codeSystem-drugUnitAbbr-tbl20-MCCI\"> </a></td><td>μＣｉ</td></tr><tr><td style=\"white-space:nowrap\">MCI<a name=\"mhlw-codeSystem-drugUnitAbbr-tbl20-MCI\"> </a></td><td>ｍＣｉ</td></tr><tr><td style=\"white-space:nowrap\">MCG<a name=\"mhlw-codeSystem-drugUnitAbbr-tbl20-MCG\"> </a></td><td>μｇ</td></tr><tr><td style=\"white-space:nowrap\">BKR<a name=\"mhlw-codeSystem-drugUnitAbbr-tbl20-BKR\"> </a></td><td>管（瓶）</td></tr><tr><td style=\"white-space:nowrap\">PIPE<a name=\"mhlw-codeSystem-drugUnitAbbr-tbl20-PIPE\"> </a></td><td>筒</td></tr><tr><td style=\"white-space:nowrap\">GBQ<a name=\"mhlw-codeSystem-drugUnitAbbr-tbl20-GBQ\"> </a></td><td>ＧＢｑ</td></tr><tr><td style=\"white-space:nowrap\">MGBQ<a name=\"mhlw-codeSystem-drugUnitAbbr-tbl20-MGBQ\"> </a></td><td>ＭＢｑ</td></tr><tr><td style=\"white-space:nowrap\">KIT<a name=\"mhlw-codeSystem-drugUnitAbbr-tbl20-KIT\"> </a></td><td>キット</td></tr><tr><td style=\"white-space:nowrap\">IUNT<a name=\"mhlw-codeSystem-drugUnitAbbr-tbl20-IUNT\"> </a></td><td>国際単位</td></tr><tr><td style=\"white-space:nowrap\">PAT<a name=\"mhlw-codeSystem-drugUnitAbbr-tbl20-PAT\"> </a></td><td>患者当り</td></tr><tr><td style=\"white-space:nowrap\">ATM<a name=\"mhlw-codeSystem-drugUnitAbbr-tbl20-ATM\"> </a></td><td>気圧</td></tr><tr><td style=\"white-space:nowrap\">CAN<a name=\"mhlw-codeSystem-drugUnitAbbr-tbl20-CAN\"> </a></td><td>缶</td></tr><tr><td style=\"white-space:nowrap\">OPE<a name=\"mhlw-codeSystem-drugUnitAbbr-tbl20-OPE\"> </a></td><td>手術当り</td></tr><tr><td style=\"white-space:nowrap\">VSL<a name=\"mhlw-codeSystem-drugUnitAbbr-tbl20-VSL\"> </a></td><td>容器</td></tr><tr><td style=\"white-space:nowrap\">MLG<a name=\"mhlw-codeSystem-drugUnitAbbr-tbl20-MLG\"> </a></td><td>ｍＬ（ｇ）</td></tr><tr><td style=\"white-space:nowrap\">BLST<a name=\"mhlw-codeSystem-drugUnitAbbr-tbl20-BLST\"> </a></td><td>ブリスター</td></tr><tr><td style=\"white-space:nowrap\">SHET<a name=\"mhlw-codeSystem-drugUnitAbbr-tbl20-SHET\"> </a></td><td>シート</td></tr><tr><td style=\"white-space:nowrap\">CST<a name=\"mhlw-codeSystem-drugUnitAbbr-tbl20-CST\"> </a></td><td>カセット</td></tr><tr><td style=\"white-space:nowrap\">TUNT<a name=\"mhlw-codeSystem-drugUnitAbbr-tbl20-TUNT\"> </a></td><td>千単位</td></tr><tr><td style=\"white-space:nowrap\">TTIU<a name=\"mhlw-codeSystem-drugUnitAbbr-tbl20-TTIU\"> </a></td><td>万国際単位</td></tr><tr><td style=\"white-space:nowrap\">MEQ<a name=\"mhlw-codeSystem-drugUnitAbbr-tbl20-MEQ\"> </a></td><td>ｍEｑ</td></tr><tr><td style=\"white-space:nowrap\">MCL<a name=\"mhlw-codeSystem-drugUnitAbbr-tbl20-MCL\"> </a></td><td>μＬ</td></tr></table></div>"
  },
  "url": "urn:oid:1.2.392.100495.20.2.101",
  "version": "0.9.3",
  "name": "MHLW_codeSystem_drugUnitAbbr_tbl20",
  "status": "active",
  "date": "2022-05-13T23:58:59+00:00",
  "publisher": "KOhe",
  "contact": [
    {
      "name": "KOhe",
      "telecom": [
        {
          "system": "url",
          "value": "http://jpfhir.jp"
        }
      ]
    }
  ],
  "description": "厚労省電子処方CDA規格別表２０\t医薬品単位略号",
  "caseSensitive": false,
  "valueSet": "http://jpfhir.jp/fhir/ePrescription/ValueSet/mhlw-codeSystem-drugUnitAbbr",
  "content": "complete",
  "count": 64,
  "concept": [
    {
      "code": "PART",
      "display": "分"
    },
    {
      "code": "TIME",
      "display": "回"
    },
    {
      "code": "KIND",
      "display": "種"
    },
    {
      "code": "BOX",
      "display": "箱"
    },
    {
      "code": "ROLL",
      "display": "巻"
    },
    {
      "code": "SHT",
      "display": "枚"
    },
    {
      "code": "HON",
      "display": "本"
    },
    {
      "code": "PAIR",
      "display": "組"
    },
    {
      "code": "SET",
      "display": "セット"
    },
    {
      "code": "KO",
      "display": "個"
    },
    {
      "code": "TEAR",
      "display": "裂"
    },
    {
      "code": "DIR",
      "display": "方向"
    },
    {
      "code": "TROC",
      "display": "トローチ"
    },
    {
      "code": "AMP",
      "display": "アンプル"
    },
    {
      "code": "CAP",
      "display": "カプセル"
    },
    {
      "code": "TAB",
      "display": "錠"
    },
    {
      "code": "PILL",
      "display": "丸"
    },
    {
      "code": "PCK",
      "display": "包"
    },
    {
      "code": "BTL",
      "display": "瓶"
    },
    {
      "code": "BAG",
      "display": "袋"
    },
    {
      "code": "BTLB",
      "display": "瓶（袋）"
    },
    {
      "code": "TUBE",
      "display": "管"
    },
    {
      "code": "SYRG",
      "display": "シリンジ"
    },
    {
      "code": "DOSE",
      "display": "回分"
    },
    {
      "code": "TEST",
      "display": "テスト分"
    },
    {
      "code": "GCYL",
      "display": "ガラス筒"
    },
    {
      "code": "RODT",
      "display": "桿錠"
    },
    {
      "code": "UNT",
      "display": "単位"
    },
    {
      "code": "TTUN",
      "display": "万単位"
    },
    {
      "code": "FEET",
      "display": "フィート"
    },
    {
      "code": "DROP",
      "display": "滴"
    },
    {
      "code": "MG",
      "display": "ｍｇ"
    },
    {
      "code": "G",
      "display": "ｇ"
    },
    {
      "code": "KG",
      "display": "ｋｇ"
    },
    {
      "code": "CC",
      "display": "ｃｃ"
    },
    {
      "code": "ML",
      "display": "ｍＬ"
    },
    {
      "code": "L",
      "display": "Ｌ"
    },
    {
      "code": "MLV",
      "display": "ｍＬＶ"
    },
    {
      "code": "VIL",
      "display": "バイアル"
    },
    {
      "code": "CM",
      "display": "ｃｍ"
    },
    {
      "code": "CM2",
      "display": "ｃｍ２"
    },
    {
      "code": "M",
      "display": "ｍ"
    },
    {
      "code": "MCCI",
      "display": "μＣｉ"
    },
    {
      "code": "MCI",
      "display": "ｍＣｉ"
    },
    {
      "code": "MCG",
      "display": "μｇ"
    },
    {
      "code": "BKR",
      "display": "管（瓶）"
    },
    {
      "code": "PIPE",
      "display": "筒"
    },
    {
      "code": "GBQ",
      "display": "ＧＢｑ"
    },
    {
      "code": "MGBQ",
      "display": "ＭＢｑ"
    },
    {
      "code": "KIT",
      "display": "キット"
    },
    {
      "code": "IUNT",
      "display": "国際単位"
    },
    {
      "code": "PAT",
      "display": "患者当り"
    },
    {
      "code": "ATM",
      "display": "気圧"
    },
    {
      "code": "CAN",
      "display": "缶"
    },
    {
      "code": "OPE",
      "display": "手術当り"
    },
    {
      "code": "VSL",
      "display": "容器"
    },
    {
      "code": "MLG",
      "display": "ｍＬ（ｇ）"
    },
    {
      "code": "BLST",
      "display": "ブリスター"
    },
    {
      "code": "SHET",
      "display": "シート"
    },
    {
      "code": "CST",
      "display": "カセット"
    },
    {
      "code": "TUNT",
      "display": "千単位"
    },
    {
      "code": "TTIU",
      "display": "万国際単位"
    },
    {
      "code": "MEQ",
      "display": "ｍEｑ"
    },
    {
      "code": "MCL",
      "display": "μＬ"
    }
  ]
}