{
  "resourceType": "CodeSystem",
  "id": "mhlw-codeSystem-ePreCDA-documentCategory-tbl011",
  "text": {
    "status": "generated",
    "div": "<div xmlns=\"http://www.w3.org/1999/xhtml\"><p>This code system urn:oid:1.2.392.100495.20.2.11 defines the following codes:</p><table class=\"codes\"><tr><td style=\"white-space:nowrap\"><b>Code</b></td><td><b>Display</b></td></tr><tr><td style=\"white-space:nowrap\">01<a name=\"mhlw-codeSystem-ePreCDA-documentCategory-tbl011-01\"> </a></td><td>処方箋</td></tr><tr><td style=\"white-space:nowrap\">02<a name=\"mhlw-codeSystem-ePreCDA-documentCategory-tbl011-02\"> </a></td><td>調剤結果</td></tr></table></div>"
  },
  "url": "urn:oid:1.2.392.100495.20.2.11",
  "version": "0.9.3",
  "name": "MHLW_codeSystem_ePreCDA_documentCategory_tbl01",
  "status": "active",
  "date": "2022-05-03T15:49:57+00:00",
  "publisher": "KOhe",
  "contact": [
    {
      "name": "KOhe",
      "telecom": [
        {
          "system": "url",
          "value": "http://jpfhir.jp"
        }
      ]
    }
  ],
  "description": "厚労省電子処方CDA規格別表１ 文書区分コード",
  "caseSensitive": false,
  "valueSet": "http://jpfhir.jp/fhir/ePrescription/ValueSet/mhlw-ePreCDA-documentCategory",
  "content": "complete",
  "count": 2,
  "concept": [
    {
      "code": "01",
      "display": "処方箋"
    },
    {
      "code": "02",
      "display": "調剤結果"
    }
  ]
}