<?xml version="1.0" encoding="UTF-8"?>

<CodeSystem xmlns="http://hl7.org/fhir">
  <id value="mhlw-codeSystem-ePreCDA-sectionCategory-tbl02"/>
  <text>
    <status value="generated"/><div xmlns="http://www.w3.org/1999/xhtml"><p>This code system urn:oid:1.2.392.100495.20.2.12 defines the following codes:</p><table class="codes"><tr><td style="white-space:nowrap"><b>Code</b></td><td><b>Display</b></td></tr><tr><td style="white-space:nowrap">01<a name="mhlw-codeSystem-ePreCDA-sectionCategory-tbl02-01"> </a></td><td>処方指示</td></tr><tr><td style="white-space:nowrap">02<a name="mhlw-codeSystem-ePreCDA-sectionCategory-tbl02-02"> </a></td><td>調剤実施内容</td></tr><tr><td style="white-space:nowrap">11<a name="mhlw-codeSystem-ePreCDA-sectionCategory-tbl02-11"> </a></td><td>保険・公費情報</td></tr><tr><td style="white-space:nowrap">101<a name="mhlw-codeSystem-ePreCDA-sectionCategory-tbl02-101"> </a></td><td>備考情報 処方箋の備考情報</td></tr><tr><td style="white-space:nowrap">102<a name="mhlw-codeSystem-ePreCDA-sectionCategory-tbl02-102"> </a></td><td>備考情報 調剤結果の備考情報</td></tr><tr><td style="white-space:nowrap">201<a name="mhlw-codeSystem-ePreCDA-sectionCategory-tbl02-201"> </a></td><td>補足情報</td></tr></table></div>
  </text>
  <url value="urn:oid:1.2.392.100495.20.2.12"/>
  <version value="0.9.3"/>
  <name value="MHLW_codeSystem_ePreCDA_sectionCategory_tbl02"/>
  <status value="active"/>
  <date value="2022-05-14T11:44:41+00:00"/>
  <publisher value="KOhe"/>
  <contact>
    <name value="KOhe"/>
    <telecom>
      <system value="url"/>
      <value value="http://jpfhir.jp"/>
    </telecom>
  </contact>
  <description value="厚労省電子処方CDA規格別表2 セクション区分コード"/>
  <caseSensitive value="false"/>
  <valueSet value="http://jpfhir.jp/fhir/ePrescription/ValueSet/mhlw-ePreCDA-sectionCategory"/>
  <content value="complete"/>
  <count value="6"/>
  <concept>
    <code value="01"/>
    <display value="処方指示"/>
  </concept>
  <concept>
    <code value="02"/>
    <display value="調剤実施内容"/>
  </concept>
  <concept>
    <code value="11"/>
    <display value="保険・公費情報"/>
  </concept>
  <concept>
    <code value="101"/>
    <display value="備考情報 処方箋の備考情報"/>
  </concept>
  <concept>
    <code value="102"/>
    <display value="備考情報 調剤結果の備考情報"/>
  </concept>
  <concept>
    <code value="201"/>
    <display value="補足情報"/>
  </concept>
</CodeSystem>