<?xml version="1.0" encoding="UTF-8"?>

<CodeSystem xmlns="http://hl7.org/fhir">
  <id value="jp-codeSystem-prescription-category"/>
  <text>
    <status value="generated"/><div xmlns="http://www.w3.org/1999/xhtml"><p>This code system http://jpfhir.jp/fhir/ePrescription/CodeSystem/prescription-category defines the following codes:</p><table class="codes"><tr><td style="white-space:nowrap"><b>Code</b></td><td><b>Display</b></td></tr><tr><td style="white-space:nowrap">01<a name="jp-codeSystem-prescription-category-01"> </a></td><td>一般処方箋</td></tr><tr><td style="white-space:nowrap">02<a name="jp-codeSystem-prescription-category-02"> </a></td><td>麻薬処方箋</td></tr><tr><td style="white-space:nowrap">03<a name="jp-codeSystem-prescription-category-03"> </a></td><td>分割一般処方</td></tr></table></div>
  </text>
  <url value="http://jpfhir.jp/fhir/ePrescription/CodeSystem/prescription-category"/>
  <version value="0.9.3"/>
  <name value="JP_codeSystem_prescription_category"/>
  <status value="active"/>
  <date value="2022-05-17T21:52:12+00:00"/>
  <publisher value="KOhe"/>
  <contact>
    <name value="KOhe"/>
    <telecom>
      <system value="url"/>
      <value value="http://jpfhir.jp"/>
    </telecom>
  </contact>
  <description value="処方箋区分コード　（01:一般処方箋、02:麻薬処方箋、03:分割一般処方）"/>
  <caseSensitive value="false"/>
  <valueSet value="http://jpfhir.jp/fhir/ePrescription/ValueSet/prescription-category"/>
  <content value="complete"/>
  <count value="3"/>
  <concept>
    <code value="01"/>
    <display value="一般処方箋"/>
  </concept>
  <concept>
    <code value="02"/>
    <display value="麻薬処方箋"/>
  </concept>
  <concept>
    <code value="03"/>
    <display value="分割一般処方"/>
  </concept>
</CodeSystem>