<?xml version="1.0" encoding="UTF-8"?>

<CodeSystem xmlns="http://hl7.org/fhir">
  <id value="mhlw-codeSystem-claimOrganizationNo7digits-tbl23"/>
  <text>
    <status value="generated"/><div xmlns="http://www.w3.org/1999/xhtml"><p>This code system urn:oid:1.2.392.100495.20.1.23 defines the following codes:</p><table class="codes"><tr><td style="white-space:nowrap"><b>Code</b></td><td><b>Display</b></td></tr><tr><td style="white-space:nowrap">1234567<a name="mhlw-codeSystem-claimOrganizationNo7digits-tbl23-1234567"> </a></td><td>保険医療機関番号１２３４５６７ダミー</td></tr></table></div>
  </text>
  <url value="urn:oid:1.2.392.100495.20.1.23"/>
  <version value="0.9.3"/>
  <name value="MHLW_codeSystem_claimOrganizationNo7digits_tbl23"/>
  <status value="active"/>
  <date value="2022-05-15T23:31:21+00:00"/>
  <publisher value="KOhe"/>
  <contact>
    <name value="KOhe"/>
    <telecom>
      <system value="url"/>
      <value value="http://jpfhir.jp"/>
    </telecom>
  </contact>
  <description value="厚労省電子処方CDA規格別別表２３ 保険医療機関番号（7桁）"/>
  <caseSensitive value="false"/>
  <valueSet value="http://jpfhir.jp/fhir/Common/ValueSet/mhlw-codeSystem-claimOrganizationNo7digits"/>
  <content value="complete"/>
  <count value="1"/>
  <concept>
    <code value="1234567"/>
    <display value="保険医療機関番号１２３４５６７ダミー"/>
  </concept>
</CodeSystem>