<?xml version="1.0" encoding="UTF-8"?>

<CodeSystem xmlns="http://hl7.org/fhir">
  <id value="mhlw-codeSystem-ePreCDA-insuredRelationship-tbl12"/>
  <text>
    <status value="generated"/><div xmlns="http://www.w3.org/1999/xhtml"><p>This code system urn:oid:1.2.392.100495.20.2.62 defines the following codes:</p><table class="codes"><tr><td style="white-space:nowrap"><b>Code</b></td><td><b>Display</b></td></tr><tr><td style="white-space:nowrap">1<a name="mhlw-codeSystem-ePreCDA-insuredRelationship-tbl12-1"> </a></td><td>被保険者</td></tr><tr><td style="white-space:nowrap">2<a name="mhlw-codeSystem-ePreCDA-insuredRelationship-tbl12-2"> </a></td><td>被扶養者</td></tr></table></div>
  </text>
  <url value="urn:oid:1.2.392.100495.20.2.62"/>
  <version value="0.9.3"/>
  <name value="MHLW_codeSystem_ePreCDA_insuredRelationship_tbl12"/>
  <status value="active"/>
  <date value="2022-05-04T22:40:02+00:00"/>
  <publisher value="KOhe"/>
  <contact>
    <name value="KOhe"/>
    <telecom>
      <system value="url"/>
      <value value="http://jpfhir.jp"/>
    </telecom>
  </contact>
  <description value="厚労省電子処方CDA規格別表12 被保険者区分コード"/>
  <caseSensitive value="false"/>
  <valueSet value="http://jpfhir.jp/fhir/Common/ValueSet/mhlw-ePreCDA-insuredRelationship"/>
  <content value="complete"/>
  <count value="2"/>
  <concept>
    <code value="1"/>
    <display value="被保険者"/>
  </concept>
  <concept>
    <code value="2"/>
    <display value="被扶養者"/>
  </concept>
</CodeSystem>