<?xml version="1.0" encoding="UTF-8"?>

<ImplementationGuide xmlns="http://hl7.org/fhir">
  <id value="ePrescriptionData"/>
  <text>
    <status value="extensions"/><div xmlns="http://www.w3.org/1999/xhtml"><h2>ePrescriptionData</h2><p>The official URL for this implementation guide is: </p><pre>http://jpfhir.jp/ePrescriptionData/ImplementationGuide/ePrescriptionData</pre></div>
  </text>
  <url value="http://jpfhir.jp/ePrescriptionData/ImplementationGuide/ePrescriptionData"/>
  <version value="0.9.3"/>
  <name value="ePrescriptionData"/>
  <status value="draft"/>
  <date value="2022-05-03T09:31:31+00:00"/>
  <publisher value="KOhe"/>
  <contact>
    <name value="KOhe"/>
    <telecom>
      <system value="url"/>
      <value value="http://jpfhir.jp"/>
    </telecom>
  </contact>
  <packageId value="ePrescriptionData"/>
  <license value="CC0-1.0"/>
  <fhirVersion value="4.0.1"/>
  <dependsOn id="jp_core_draft1">
    <uri value="http://jpfhir.jp/fhir/core/jp-core.draft1"/>
    <packageId value="jp-core.draft1"/>
    <version value="1.1.0-beta"/>
  </dependsOn>
  <definition>
    <extension url="http://hl7.org/fhir/tools/StructureDefinition/ig-parameter">
      <extension url="code">
        <valueString value="copyrightyear"/>
      </extension>
      <extension url="value">
        <valueString value="2022+"/>
      </extension>
    </extension>
    <extension url="http://hl7.org/fhir/tools/StructureDefinition/ig-parameter">
      <extension url="code">
        <valueString value="releaselabel"/>
      </extension>
      <extension url="value">
        <valueString value="ci-build"/>
      </extension>
    </extension>
    <extension url="http://hl7.org/fhir/tools/StructureDefinition/ig-parameter">
      <extension url="code">
        <valueString value="path-liquid"/>
      </extension>
      <extension url="value">
        <valueString value="template/liquid"/>
      </extension>
    </extension>
    <extension url="http://hl7.org/fhir/tools/StructureDefinition/ig-parameter">
      <extension url="code">
        <valueString value="path-liquid"/>
      </extension>
      <extension url="value">
        <valueString value="input/liquid"/>
      </extension>
    </extension>
    <extension url="http://hl7.org/fhir/tools/StructureDefinition/ig-parameter">
      <extension url="code">
        <valueString value="path-qa"/>
      </extension>
      <extension url="value">
        <valueString value="temp/qa"/>
      </extension>
    </extension>
    <extension url="http://hl7.org/fhir/tools/StructureDefinition/ig-parameter">
      <extension url="code">
        <valueString value="path-temp"/>
      </extension>
      <extension url="value">
        <valueString value="temp/pages"/>
      </extension>
    </extension>
    <extension url="http://hl7.org/fhir/tools/StructureDefinition/ig-parameter">
      <extension url="code">
        <valueString value="path-output"/>
      </extension>
      <extension url="value">
        <valueString value="output"/>
      </extension>
    </extension>
    <extension url="http://hl7.org/fhir/tools/StructureDefinition/ig-parameter">
      <extension url="code">
        <valueString value="path-suppressed-warnings"/>
      </extension>
      <extension url="value">
        <valueString value="input/ignoreWarnings.txt"/>
      </extension>
    </extension>
    <extension url="http://hl7.org/fhir/tools/StructureDefinition/ig-parameter">
      <extension url="code">
        <valueString value="path-history"/>
      </extension>
      <extension url="value">
        <valueString value="http://jpfhir.jp/ePrescriptionData/history.html"/>
      </extension>
    </extension>
    <extension url="http://hl7.org/fhir/tools/StructureDefinition/ig-parameter">
      <extension url="code">
        <valueString value="template-html"/>
      </extension>
      <extension url="value">
        <valueString value="template-page.html"/>
      </extension>
    </extension>
    <extension url="http://hl7.org/fhir/tools/StructureDefinition/ig-parameter">
      <extension url="code">
        <valueString value="template-md"/>
      </extension>
      <extension url="value">
        <valueString value="template-page-md.html"/>
      </extension>
    </extension>
    <extension url="http://hl7.org/fhir/tools/StructureDefinition/ig-parameter">
      <extension url="code">
        <valueString value="apply-contact"/>
      </extension>
      <extension url="value">
        <valueString value="true"/>
      </extension>
    </extension>
    <extension url="http://hl7.org/fhir/tools/StructureDefinition/ig-parameter">
      <extension url="code">
        <valueString value="apply-context"/>
      </extension>
      <extension url="value">
        <valueString value="true"/>
      </extension>
    </extension>
    <extension url="http://hl7.org/fhir/tools/StructureDefinition/ig-parameter">
      <extension url="code">
        <valueString value="apply-copyright"/>
      </extension>
      <extension url="value">
        <valueString value="true"/>
      </extension>
    </extension>
    <extension url="http://hl7.org/fhir/tools/StructureDefinition/ig-parameter">
      <extension url="code">
        <valueString value="apply-jurisdiction"/>
      </extension>
      <extension url="value">
        <valueString value="true"/>
      </extension>
    </extension>
    <extension url="http://hl7.org/fhir/tools/StructureDefinition/ig-parameter">
      <extension url="code">
        <valueString value="apply-license"/>
      </extension>
      <extension url="value">
        <valueString value="true"/>
      </extension>
    </extension>
    <extension url="http://hl7.org/fhir/tools/StructureDefinition/ig-parameter">
      <extension url="code">
        <valueString value="apply-publisher"/>
      </extension>
      <extension url="value">
        <valueString value="true"/>
      </extension>
    </extension>
    <extension url="http://hl7.org/fhir/tools/StructureDefinition/ig-parameter">
      <extension url="code">
        <valueString value="apply-version"/>
      </extension>
      <extension url="value">
        <valueString value="true"/>
      </extension>
    </extension>
    <extension url="http://hl7.org/fhir/tools/StructureDefinition/ig-parameter">
      <extension url="code">
        <valueString value="active-tables"/>
      </extension>
      <extension url="value">
        <valueString value="true"/>
      </extension>
    </extension>
    <extension url="http://hl7.org/fhir/tools/StructureDefinition/ig-parameter">
      <extension url="code">
        <valueString value="fmm-definition"/>
      </extension>
      <extension url="value">
        <valueString value="http://hl7.org/fhir/versions.html#maturity"/>
      </extension>
    </extension>
    <extension url="http://hl7.org/fhir/tools/StructureDefinition/ig-parameter">
      <extension url="code">
        <valueString value="propagate-status"/>
      </extension>
      <extension url="value">
        <valueString value="true"/>
      </extension>
    </extension>
    <extension url="http://hl7.org/fhir/tools/StructureDefinition/ig-parameter">
      <extension url="code">
        <valueString value="excludelogbinaryformat"/>
      </extension>
      <extension url="value">
        <valueString value="true"/>
      </extension>
    </extension>
    <resource>
      <extension url="http://hl7.org/fhir/tools/StructureDefinition/resource-information">
        <valueString value="StructureDefinition:resource"/>
      </extension>
      <reference>
        <reference value="StructureDefinition/JP-Bundle-CCLIX"/>
      </reference>
      <name value="JP_Bundle_CCLIX"/>
      <description value="医療情報交換のために使用される診療関連の文書形式の情報を記述するためのBundleリソースの共通プロファイル。&#xA;このリソースのインスタンスだけで、必要な参照情報はすべて包含され、外部のリソースインスタンスへの外部参照を持たないため作成した医療機関を超えた情報交換に使用できる。"/>
      <exampleBoolean value="false"/>
    </resource>
    <resource>
      <extension url="http://hl7.org/fhir/tools/StructureDefinition/resource-information">
        <valueString value="StructureDefinition:resource"/>
      </extension>
      <reference>
        <reference value="StructureDefinition/JP-Bundle-ePrescriptionData"/>
      </reference>
      <name value="JP_Bundle_ePrescriptionData"/>
      <description value="処方情報のBundle情報　JP_Bundleリソースの派生プロファイルプロファイル"/>
      <exampleBoolean value="false"/>
    </resource>
    <resource>
      <extension url="http://hl7.org/fhir/tools/StructureDefinition/resource-information">
        <valueString value="StructureDefinition:resource"/>
      </extension>
      <reference>
        <reference value="StructureDefinition/JP-Communication"/>
      </reference>
      <name value="JP_Communication"/>
      <description value="備考等での伝達情報　JP Core V1には含まれない"/>
      <exampleBoolean value="false"/>
    </resource>
    <resource>
      <extension url="http://hl7.org/fhir/tools/StructureDefinition/resource-information">
        <valueString value="StructureDefinition:resource"/>
      </extension>
      <reference>
        <reference value="StructureDefinition/JP-Communication-ePrescriptionData"/>
      </reference>
      <name value="JP_Communication_ePrescriptionData"/>
      <description value="処方の全体での備考等情報　JP_Communicationの派生プロファイル"/>
      <exampleBoolean value="false"/>
    </resource>
    <resource>
      <extension url="http://hl7.org/fhir/tools/StructureDefinition/resource-information">
        <valueString value="StructureDefinition:resource"/>
      </extension>
      <reference>
        <reference value="StructureDefinition/JP-Composition-ePrescriptionData"/>
      </reference>
      <name value="JP_Composition_ePrescriptionData"/>
      <description value="処方情報のリソース構成情報と文書日付に関するCompositionの派生プロファイル"/>
      <exampleBoolean value="false"/>
    </resource>
    <resource>
      <extension url="http://hl7.org/fhir/tools/StructureDefinition/resource-information">
        <valueString value="StructureDefinition:resource"/>
      </extension>
      <reference>
        <reference value="StructureDefinition/JP-Coverage-ePrescriptionData-insurance"/>
      </reference>
      <name value="JP_Coverage_ePrescriptionData_insurance"/>
      <description value="処方の保険情報　Coverageリソースプロファイル　JP_Coverageの派生プロファイル"/>
      <exampleBoolean value="false"/>
    </resource>
    <resource>
      <extension url="http://hl7.org/fhir/tools/StructureDefinition/resource-information">
        <valueString value="StructureDefinition:resource"/>
      </extension>
      <reference>
        <reference value="StructureDefinition/JP-Coverage-ePrescriptionData-publicPayment"/>
      </reference>
      <name value="JP_Coverage_ePrescriptionData_publicPayment"/>
      <description value="処方の公費負担情報　JP_Coverageの派生プロファイル"/>
      <exampleBoolean value="false"/>
    </resource>
    <resource>
      <extension url="http://hl7.org/fhir/tools/StructureDefinition/resource-information">
        <valueString value="StructureDefinition:resource"/>
      </extension>
      <reference>
        <reference value="StructureDefinition/JP-Encounter-ePrescriptionData"/>
      </reference>
      <name value="JP_Encounter_ePrescriptionData"/>
      <description value="処方発行時の入退院受診情報などEncouter情報　JP_Encounterの派生プロファイル"/>
      <exampleBoolean value="false"/>
    </resource>
    <resource>
      <extension url="http://hl7.org/fhir/tools/StructureDefinition/resource-information">
        <valueString value="StructureDefinition:resource"/>
      </extension>
      <reference>
        <reference value="StructureDefinition/JP-MedicationRequest-ePrescriptionData"/>
      </reference>
      <name value="JP_MedicationRequest_ePrescriptionData"/>
      <description value="処方オーダ情報　JP_MedicationRequestの派生プロファイル"/>
      <exampleBoolean value="false"/>
    </resource>
    <resource>
      <extension url="http://hl7.org/fhir/tools/StructureDefinition/resource-information">
        <valueString value="StructureDefinition:resource"/>
      </extension>
      <reference>
        <reference value="StructureDefinition/JP-Organization-ePrescriptionData-coveragePayer"/>
      </reference>
      <name value="JP_Organization_ePrescriptionData_coveragePayer"/>
      <description value="処方に適用される保険の保険者または公費の公費受給者　JP_Organizationの派生プロファイル"/>
      <exampleBoolean value="false"/>
    </resource>
    <resource>
      <extension url="http://hl7.org/fhir/tools/StructureDefinition/resource-information">
        <valueString value="StructureDefinition:resource"/>
      </extension>
      <reference>
        <reference value="StructureDefinition/JP-Organization-ePrescriptionData-departmentOfIssuer"/>
      </reference>
      <name value="JP_Organization_ePrescriptionData_departmentOfIssuer"/>
      <description value="処方を発行した医療機関の診療科情報　JP_Organizationの派生プロファイル"/>
      <exampleBoolean value="false"/>
    </resource>
    <resource>
      <extension url="http://hl7.org/fhir/tools/StructureDefinition/resource-information">
        <valueString value="StructureDefinition:resource"/>
      </extension>
      <reference>
        <reference value="StructureDefinition/JP-Organization-ePrescriptionData-issuer"/>
      </reference>
      <name value="JP_Organization_ePrescriptionData_issuer"/>
      <description value="処方を発行した医療機関の情報　JP_Organizationの派生プロファイル"/>
      <exampleBoolean value="false"/>
    </resource>
    <resource>
      <extension url="http://hl7.org/fhir/tools/StructureDefinition/resource-information">
        <valueString value="StructureDefinition:resource"/>
      </extension>
      <reference>
        <reference value="StructureDefinition/JP-Patient-CCLIX"/>
      </reference>
      <name value="JP_Patient_CCLIX"/>
      <description value="診療情報交換に共通の患者情報プロファイル　JP_Patientの派生プロファイル"/>
      <exampleBoolean value="false"/>
    </resource>
    <resource>
      <extension url="http://hl7.org/fhir/tools/StructureDefinition/resource-information">
        <valueString value="StructureDefinition:resource"/>
      </extension>
      <reference>
        <reference value="StructureDefinition/JP-Patient-ePrescriptionData"/>
      </reference>
      <name value="JP_Patient_ePrescriptionData"/>
      <description value="処方情報の対象患者のPatientプロファイル　JP_Patientの派生プロファイル"/>
      <exampleBoolean value="false"/>
    </resource>
    <resource>
      <extension url="http://hl7.org/fhir/tools/StructureDefinition/resource-information">
        <valueString value="StructureDefinition:resource"/>
      </extension>
      <reference>
        <reference value="StructureDefinition/JP-PractitionerRole-ePrescriptionData-author"/>
      </reference>
      <name value="JP_PractitionerRole_ePrescriptionData_author"/>
      <exampleBoolean value="false"/>
    </resource>
    <resource>
      <extension url="http://hl7.org/fhir/tools/StructureDefinition/resource-information">
        <valueString value="StructureDefinition:resource"/>
      </extension>
      <reference>
        <reference value="StructureDefinition/JP-Practitioner-ePrescriptionData-author"/>
      </reference>
      <name value="JP_Practitioner_ePrescriptionData_author"/>
      <description value="処方を作成した医師情報　JP_Practitionerの派生プロファイル"/>
      <exampleBoolean value="false"/>
    </resource>
    <resource>
      <extension url="http://hl7.org/fhir/tools/StructureDefinition/resource-information">
        <valueString value="StructureDefinition:extension"/>
      </extension>
      <reference>
        <reference value="StructureDefinition/JP-Communication-CommunicationContent"/>
      </reference>
      <name value="JP_Communication_CommunicationContent"/>
      <exampleBoolean value="false"/>
    </resource>
    <resource>
      <extension url="http://hl7.org/fhir/tools/StructureDefinition/resource-information">
        <valueString value="CodeSystem"/>
      </extension>
      <reference>
        <reference value="CodeSystem/jp-codeSystem-documentTypeCode"/>
      </reference>
      <name value="JP_codeSystem_documentTypeCode"/>
      <description value="FHIR文書の文書区分（医療文書全般）"/>
      <exampleBoolean value="false"/>
    </resource>
    <resource>
      <extension url="http://hl7.org/fhir/tools/StructureDefinition/resource-information">
        <valueString value="CodeSystem"/>
      </extension>
      <reference>
        <reference value="CodeSystem/jp-codeSystem-ePreCommunication-category"/>
      </reference>
      <name value="JP_codeSystem_ePreCommunication_category"/>
      <description value="処方箋備考区分"/>
      <exampleBoolean value="false"/>
    </resource>
    <resource>
      <extension url="http://hl7.org/fhir/tools/StructureDefinition/resource-information">
        <valueString value="CodeSystem"/>
      </extension>
      <reference>
        <reference value="CodeSystem/jp-codeSystem-ePrescription-section"/>
      </reference>
      <name value="JP_codeSystem_ePrescription_section"/>
      <description value="処方セクション区分コード"/>
      <exampleBoolean value="false"/>
    </resource>
    <resource>
      <extension url="http://hl7.org/fhir/tools/StructureDefinition/resource-information">
        <valueString value="CodeSystem"/>
      </extension>
      <reference>
        <reference value="CodeSystem/jp-codeSystem-insurerNumber"/>
      </reference>
      <name value="JP_codeSystem_insurerNumber"/>
      <description value="保険者番号"/>
      <exampleBoolean value="false"/>
    </resource>
    <resource>
      <extension url="http://hl7.org/fhir/tools/StructureDefinition/resource-information">
        <valueString value="CodeSystem"/>
      </extension>
      <reference>
        <reference value="CodeSystem/jp-codeSystem-ractitioner-certificate-category"/>
      </reference>
      <name value="JP_codeSystem_practitioner_certificate_category"/>
      <description value="医療従事者資格種別"/>
      <exampleBoolean value="false"/>
    </resource>
    <resource>
      <extension url="http://hl7.org/fhir/tools/StructureDefinition/resource-information">
        <valueString value="CodeSystem"/>
      </extension>
      <reference>
        <reference value="CodeSystem/jp-codeSystem-practitioner-role-category"/>
      </reference>
      <name value="JP_codeSystem_practitioner_role_category"/>
      <description value="医療者役割コード(処方)"/>
      <exampleBoolean value="false"/>
    </resource>
    <resource>
      <extension url="http://hl7.org/fhir/tools/StructureDefinition/resource-information">
        <valueString value="CodeSystem"/>
      </extension>
      <reference>
        <reference value="CodeSystem/jp-codeSystem-prefectureNumber"/>
      </reference>
      <name value="JP_codeSystem_prefectureNumber"/>
      <description value="都道府県番号"/>
      <exampleBoolean value="false"/>
    </resource>
    <resource>
      <extension url="http://hl7.org/fhir/tools/StructureDefinition/resource-information">
        <valueString value="CodeSystem"/>
      </extension>
      <reference>
        <reference value="CodeSystem/jp-codeSystem-prescription-category"/>
      </reference>
      <name value="JP_codeSystem_prescription_category"/>
      <description value="処方箋区分コード　（01:一般処方箋、02:麻薬処方箋、03:分割一般処方）"/>
      <exampleBoolean value="false"/>
    </resource>
    <resource>
      <extension url="http://hl7.org/fhir/tools/StructureDefinition/resource-information">
        <valueString value="CodeSystem"/>
      </extension>
      <reference>
        <reference value="CodeSystem/jp-codeSystem-publicPyerNumber"/>
      </reference>
      <name value="JP_codeSystem_publicPyerNumber"/>
      <description value="公費負担者番号"/>
      <exampleBoolean value="false"/>
    </resource>
    <resource>
      <extension url="http://hl7.org/fhir/tools/StructureDefinition/resource-information">
        <valueString value="CodeSystem"/>
      </extension>
      <reference>
        <reference value="CodeSystem/mhlw-codeSystem-claimOrganizationCategory-tbl22"/>
      </reference>
      <name value="MHLW_codeSystem_claimOrganizationCategory_tbl22"/>
      <description value="厚労省電子処方CDA規格別別表２２ 点数表番号"/>
      <exampleBoolean value="false"/>
    </resource>
    <resource>
      <extension url="http://hl7.org/fhir/tools/StructureDefinition/resource-information">
        <valueString value="CodeSystem"/>
      </extension>
      <reference>
        <reference value="CodeSystem/mhlw-codeSystem-claimOrganizationNo7digits-tbl23"/>
      </reference>
      <name value="MHLW_codeSystem_claimOrganizationNo7digits_tbl23"/>
      <description value="厚労省電子処方CDA規格別別表２３ 保険医療機関番号（7桁）"/>
      <exampleBoolean value="false"/>
    </resource>
    <resource>
      <extension url="http://hl7.org/fhir/tools/StructureDefinition/resource-information">
        <valueString value="CodeSystem"/>
      </extension>
      <reference>
        <reference value="CodeSystem/mhlw-codeSystem-drugUnitAbbr-tbl20"/>
      </reference>
      <name value="MHLW_codeSystem_drugUnitAbbr_tbl20"/>
      <description value="厚労省電子処方CDA規格別表２０&#x9;医薬品単位略号"/>
      <exampleBoolean value="false"/>
    </resource>
    <resource>
      <extension url="http://hl7.org/fhir/tools/StructureDefinition/resource-information">
        <valueString value="CodeSystem"/>
      </extension>
      <reference>
        <reference value="CodeSystem/mhlw-codeSystem-ePreCDA-clinicalDepartment-tbl10"/>
      </reference>
      <name value="MHLW_codeSystem_ePreCDA_clinicalDepartment_tbl10"/>
      <description value="厚労省電子処方CDA規格別表10 診療科コード"/>
      <exampleBoolean value="false"/>
    </resource>
    <resource>
      <extension url="http://hl7.org/fhir/tools/StructureDefinition/resource-information">
        <valueString value="CodeSystem"/>
      </extension>
      <reference>
        <reference value="CodeSystem/mhlw-codeSystem-ePreCDA-documentCategory-tbl011"/>
      </reference>
      <name value="MHLW_codeSystem_ePreCDA_documentCategory_tbl01"/>
      <description value="厚労省電子処方CDA規格別表１ 文書区分コード"/>
      <exampleBoolean value="false"/>
    </resource>
    <resource>
      <extension url="http://hl7.org/fhir/tools/StructureDefinition/resource-information">
        <valueString value="CodeSystem"/>
      </extension>
      <reference>
        <reference value="CodeSystem/mhlw-codeSystem-ePreCDA-drugDosageStrength-tbl04"/>
      </reference>
      <name value="MHLW_codeSystem_ePreCDA_drugDosageStrength_tbl04"/>
      <description value="厚労省電子処方CDA規格別表4 力価区分コード"/>
      <exampleBoolean value="false"/>
    </resource>
    <resource>
      <extension url="http://hl7.org/fhir/tools/StructureDefinition/resource-information">
        <valueString value="CodeSystem"/>
      </extension>
      <reference>
        <reference value="CodeSystem/mhlw-codeSystem-ePreCDA-drugUsageForm-tbl03"/>
      </reference>
      <name value="MHLW_codeSystem_ePreCDA_drugsageForm_tbl03"/>
      <description value="厚労省電子処方CDA規格別表3  剤形区分コード"/>
      <exampleBoolean value="false"/>
    </resource>
    <resource>
      <extension url="http://hl7.org/fhir/tools/StructureDefinition/resource-information">
        <valueString value="CodeSystem"/>
      </extension>
      <reference>
        <reference value="CodeSystem/mhlw-codeSystem-ePreCDA-instructionResidual-tbl09"/>
      </reference>
      <name value="MHLW_codeSystem_ePreCDA_instructionResidual_tbl09"/>
      <description value="厚労省電子処方CDA規格別表9 残薬確認指示コード"/>
      <exampleBoolean value="false"/>
    </resource>
    <resource>
      <extension url="http://hl7.org/fhir/tools/StructureDefinition/resource-information">
        <valueString value="CodeSystem"/>
      </extension>
      <reference>
        <reference value="CodeSystem/mhlw-codeSystem-ePreCDA-insuranceCategory-tbl11"/>
      </reference>
      <name value="MHLW_codeSystem_ePreCDA_insuranceCategory_tbl11"/>
      <description value="厚労省電子処方CDA規格別表11 保険種別コード"/>
      <exampleBoolean value="false"/>
    </resource>
    <resource>
      <extension url="http://hl7.org/fhir/tools/StructureDefinition/resource-information">
        <valueString value="CodeSystem"/>
      </extension>
      <reference>
        <reference value="CodeSystem/mhlw-codeSystem-ePreCDA-insuredCoPayCategory-tbl13"/>
      </reference>
      <name value="MHLW_codeSystem_ePreCDA_insuredCoPayCategory_tbl13"/>
      <description value="厚労省電子処方CDA規格別表13 患者一部負担コード"/>
      <exampleBoolean value="false"/>
    </resource>
    <resource>
      <extension url="http://hl7.org/fhir/tools/StructureDefinition/resource-information">
        <valueString value="CodeSystem"/>
      </extension>
      <reference>
        <reference value="CodeSystem/mhlw-codeSystem-ePreCDA-insuredRelationship-tbl12"/>
      </reference>
      <name value="MHLW_codeSystem_ePreCDA_insuredRelationship_tbl12"/>
      <description value="厚労省電子処方CDA規格別表12 被保険者区分コード"/>
      <exampleBoolean value="false"/>
    </resource>
    <resource>
      <extension url="http://hl7.org/fhir/tools/StructureDefinition/resource-information">
        <valueString value="CodeSystem"/>
      </extension>
      <reference>
        <reference value="CodeSystem/mhlw-codeSystem-ePreCDA-sectionCategory-tbl02"/>
      </reference>
      <name value="MHLW_codeSystem_ePreCDA_sectionCategory_tbl02"/>
      <description value="厚労省電子処方CDA規格別表2 セクション区分コード"/>
      <exampleBoolean value="false"/>
    </resource>
    <resource>
      <extension url="http://hl7.org/fhir/tools/StructureDefinition/resource-information">
        <valueString value="CodeSystem"/>
      </extension>
      <reference>
        <reference value="CodeSystem/mhlw-codeSystem-ePreCDA-unable2Change2Generic-tbl08"/>
      </reference>
      <name value="MHLW_codeSystem_ePreCDA_unable2Change2Generic_tbl08"/>
      <description value="厚労省電子処方CDA規格別表8 後発品変更不可コード"/>
      <exampleBoolean value="false"/>
    </resource>
    <resource>
      <extension url="http://hl7.org/fhir/tools/StructureDefinition/resource-information">
        <valueString value="Coverage"/>
      </extension>
      <reference>
        <reference value="Coverage/JP-Coverage-ePreData-insurance-Example"/>
      </reference>
      <name value="JP-Coverage-ePreData-insurance-Example"/>
      <exampleCanonical value="http://jpfhir.jp/fhir/ePrescription/StructureDefinition/JP_Coverage_ePrescriptionData_insurance"/>
    </resource>
    <resource>
      <extension url="http://hl7.org/fhir/tools/StructureDefinition/resource-information">
        <valueString value="Coverage"/>
      </extension>
      <reference>
        <reference value="Coverage/JP-Coverage-ePreData-publicPayment-Example"/>
      </reference>
      <name value="JP-Coverage-ePreData-publicPayment-Example"/>
      <exampleCanonical value="http://jpfhir.jp/fhir/ePrescription/StructureDefinition/JP_Coverage_ePrescriptionData_publicPayment"/>
    </resource>
    <resource>
      <extension url="http://hl7.org/fhir/tools/StructureDefinition/resource-information">
        <valueString value="Encounter"/>
      </extension>
      <reference>
        <reference value="Encounter/JP-Encounter-ePreData-Example"/>
      </reference>
      <name value="JP-Encounter-ePreData-Example"/>
      <exampleCanonical value="http://jpfhir.jp/fhir/ePrescription/StructureDefinition/JP_Encounter_ePrescriptionData"/>
    </resource>
    <resource>
      <extension url="http://hl7.org/fhir/tools/StructureDefinition/resource-information">
        <valueString value="Bundle"/>
      </extension>
      <reference>
        <reference value="Bundle/JP-MedReq-ePreData-Example-bunkatsu"/>
      </reference>
      <name value="JP-MedReq-ePreData-Example-bunkatsu"/>
      <exampleCanonical value="http://jpfhir.jp/fhir/ePrescription/StructureDefinition/JP_Bundle_ePrescriptionData"/>
    </resource>
    <resource>
      <extension url="http://hl7.org/fhir/tools/StructureDefinition/resource-information">
        <valueString value="MedicationRequest"/>
      </extension>
      <reference>
        <reference value="MedicationRequest/JP-MedReq-ePreData-Example-fukintouByDay"/>
      </reference>
      <name value="JP-MedReq-ePreData-Example-fukintouByDay"/>
      <exampleCanonical value="http://jpfhir.jp/fhir/ePrescription/StructureDefinition/JP_MedicationRequest_ePrescriptionData"/>
    </resource>
    <resource>
      <extension url="http://hl7.org/fhir/tools/StructureDefinition/resource-information">
        <valueString value="MedicationRequest"/>
      </extension>
      <reference>
        <reference value="MedicationRequest/JP-MedReq-ePreData-Example-fukintouByTimes01"/>
      </reference>
      <name value="JP-MedReq-ePreData-Example-fukintouByTimes01"/>
      <exampleCanonical value="http://jpfhir.jp/fhir/ePrescription/StructureDefinition/JP_MedicationRequest_ePrescriptionData"/>
    </resource>
    <resource>
      <extension url="http://hl7.org/fhir/tools/StructureDefinition/resource-information">
        <valueString value="MedicationRequest"/>
      </extension>
      <reference>
        <reference value="MedicationRequest/JP-MedReq-ePreData-Example-fukintouByTimes02"/>
      </reference>
      <name value="JP-MedReq-ePreData-Example-fukintouByTimes02"/>
      <exampleCanonical value="http://jpfhir.jp/fhir/ePrescription/StructureDefinition/JP_MedicationRequest_ePrescriptionData"/>
    </resource>
    <resource>
      <extension url="http://hl7.org/fhir/tools/StructureDefinition/resource-information">
        <valueString value="MedicationRequest"/>
      </extension>
      <reference>
        <reference value="MedicationRequest/JP-MedReq-ePreData-Example-fukintouByTimes03"/>
      </reference>
      <name value="JP-MedReq-ePreData-Example-fukintouByTimes03"/>
      <exampleCanonical value="http://jpfhir.jp/fhir/ePrescription/StructureDefinition/JP_MedicationRequest_ePrescriptionData"/>
    </resource>
    <resource>
      <extension url="http://hl7.org/fhir/tools/StructureDefinition/resource-information">
        <valueString value="MedicationRequest"/>
      </extension>
      <reference>
        <reference value="MedicationRequest/JP-MedReq-ePreData-Example-gaiyou01"/>
      </reference>
      <name value="JP-MedReq-ePreData-Example-gaiyou01"/>
      <exampleCanonical value="http://jpfhir.jp/fhir/ePrescription/StructureDefinition/JP_MedicationRequest_ePrescriptionData"/>
    </resource>
    <resource>
      <extension url="http://hl7.org/fhir/tools/StructureDefinition/resource-information">
        <valueString value="MedicationRequest"/>
      </extension>
      <reference>
        <reference value="MedicationRequest/JP-MedReq-ePreData-Example-gaiyou02"/>
      </reference>
      <name value="JP-MedReq-ePreData-Example-gaiyou02"/>
      <exampleCanonical value="http://jpfhir.jp/fhir/ePrescription/StructureDefinition/JP_MedicationRequest_ePrescriptionData"/>
    </resource>
    <resource>
      <extension url="http://hl7.org/fhir/tools/StructureDefinition/resource-information">
        <valueString value="MedicationRequest"/>
      </extension>
      <reference>
        <reference value="MedicationRequest/JP-MedReq-ePreData-Example-gaiyou03"/>
      </reference>
      <name value="JP-MedReq-ePreData-Example-gaiyou03"/>
      <exampleCanonical value="http://jpfhir.jp/fhir/ePrescription/StructureDefinition/JP_MedicationRequest_ePrescriptionData"/>
    </resource>
    <resource>
      <extension url="http://hl7.org/fhir/tools/StructureDefinition/resource-information">
        <valueString value="MedicationRequest"/>
      </extension>
      <reference>
        <reference value="MedicationRequest/JP-MedReq-ePreData-Example-kakujitsu"/>
      </reference>
      <name value="JP-MedReq-ePreData-Example-kakujitsu"/>
      <exampleCanonical value="http://jpfhir.jp/fhir/ePrescription/StructureDefinition/JP_MedicationRequest_ePrescriptionData"/>
    </resource>
    <resource>
      <extension url="http://hl7.org/fhir/tools/StructureDefinition/resource-information">
        <valueString value="MedicationRequest"/>
      </extension>
      <reference>
        <reference value="MedicationRequest/JP-MedReq-ePreData-Example-naihuku"/>
      </reference>
      <name value="JP-MedReq-ePreData-Example-naihuku"/>
      <exampleCanonical value="http://jpfhir.jp/fhir/ePrescription/StructureDefinition/JP_MedicationRequest_ePrescriptionData"/>
    </resource>
    <resource>
      <extension url="http://hl7.org/fhir/tools/StructureDefinition/resource-information">
        <valueString value="MedicationRequest"/>
      </extension>
      <reference>
        <reference value="MedicationRequest/JP-MedReq-ePreData-Example-youbiShiitei"/>
      </reference>
      <name value="JP-MedReq-ePreData-Example-youbiShiitei"/>
      <exampleCanonical value="http://jpfhir.jp/fhir/ePrescription/StructureDefinition/JP_MedicationRequest_ePrescriptionData"/>
    </resource>
    <resource>
      <extension url="http://hl7.org/fhir/tools/StructureDefinition/resource-information">
        <valueString value="MedicationRequest"/>
      </extension>
      <reference>
        <reference value="MedicationRequest/JP-MedReq-ePreData-Example-zenzou01per03"/>
      </reference>
      <name value="JP-MedReq-ePreData-Example-zenzou01per03"/>
      <exampleCanonical value="http://jpfhir.jp/fhir/ePrescription/StructureDefinition/JP_MedicationRequest_ePrescriptionData"/>
    </resource>
    <resource>
      <extension url="http://hl7.org/fhir/tools/StructureDefinition/resource-information">
        <valueString value="MedicationRequest"/>
      </extension>
      <reference>
        <reference value="MedicationRequest/JP-MedReq-ePreData-Example-zenzou02per03"/>
      </reference>
      <name value="JP-MedReq-ePreData-Example-zenzou02per03"/>
      <exampleCanonical value="http://jpfhir.jp/fhir/ePrescription/StructureDefinition/JP_MedicationRequest_ePrescriptionData"/>
    </resource>
    <resource>
      <extension url="http://hl7.org/fhir/tools/StructureDefinition/resource-information">
        <valueString value="MedicationRequest"/>
      </extension>
      <reference>
        <reference value="MedicationRequest/JP-MedReq-ePreData-Example-zenzou03per03"/>
      </reference>
      <name value="JP-MedReq-ePreData-Example-zenzou03per03"/>
      <exampleCanonical value="http://jpfhir.jp/fhir/ePrescription/StructureDefinition/JP_MedicationRequest_ePrescriptionData"/>
    </resource>
    <resource>
      <extension url="http://hl7.org/fhir/tools/StructureDefinition/resource-information">
        <valueString value="Organization"/>
      </extension>
      <reference>
        <reference value="Organization/JP-Organization-ePreData-coveragePayer-Example"/>
      </reference>
      <name value="JP-Organization-ePreData-coveragePayer-Example"/>
      <exampleCanonical value="http://jpfhir.jp/fhir/ePrescription/StructureDefinition/JP_Organization_ePrescriptionData_coveragePayer"/>
    </resource>
    <resource>
      <extension url="http://hl7.org/fhir/tools/StructureDefinition/resource-information">
        <valueString value="Organization"/>
      </extension>
      <reference>
        <reference value="Organization/JP-Organization-ePreData-departmentOfIssuer-Example"/>
      </reference>
      <name value="JP-Organization-ePreData-departmentOfIssuer-Example"/>
      <exampleCanonical value="http://jpfhir.jp/fhir/ePrescription/StructureDefinition/JP_Organization_ePrescriptionData_departmentOfIssuer"/>
    </resource>
    <resource>
      <extension url="http://hl7.org/fhir/tools/StructureDefinition/resource-information">
        <valueString value="Organization"/>
      </extension>
      <reference>
        <reference value="Organization/JP-Organization-ePreData-issuer-Example"/>
      </reference>
      <name value="JP-Organization-ePreData-issuer-Example"/>
      <exampleCanonical value="http://jpfhir.jp/fhir/ePrescription/StructureDefinition/JP_Organization_ePrescriptionData_issuer"/>
    </resource>
    <resource>
      <extension url="http://hl7.org/fhir/tools/StructureDefinition/resource-information">
        <valueString value="Organization"/>
      </extension>
      <reference>
        <reference value="Organization/JP-Organization-ePreData-publicPayer-Example"/>
      </reference>
      <name value="JP-Organization-ePreData-publicPayer-Example"/>
      <exampleCanonical value="http://jpfhir.jp/fhir/ePrescription/StructureDefinition/JP_Organization_ePrescriptionData_coveragePayer"/>
    </resource>
    <resource>
      <extension url="http://hl7.org/fhir/tools/StructureDefinition/resource-information">
        <valueString value="Patient"/>
      </extension>
      <reference>
        <reference value="Patient/JP-Patient-ePreData-Example"/>
      </reference>
      <name value="JP-Patient-ePreData-Example"/>
      <exampleCanonical value="http://jpfhir.jp/fhir/ePrescription/StructureDefinition/JP_Patient_ePrescriptionData"/>
    </resource>
    <resource>
      <extension url="http://hl7.org/fhir/tools/StructureDefinition/resource-information">
        <valueString value="Practitioner"/>
      </extension>
      <reference>
        <reference value="Practitioner/JP-Practitioner-ePreData-author-Example"/>
      </reference>
      <name value="JP-Practitioner-ePreData-author-Example"/>
      <exampleCanonical value="http://jpfhir.jp/fhir/ePrescription/StructureDefinition/JP_Practitioner_ePrescriptionData_author"/>
    </resource>
    <resource>
      <extension url="http://hl7.org/fhir/tools/StructureDefinition/resource-information">
        <valueString value="PractitionerRole"/>
      </extension>
      <reference>
        <reference value="PractitionerRole/JP-PractitionerRole-ePreData-author-Example"/>
      </reference>
      <name value="JP-PractitionerRole-ePreData-author-Example"/>
      <exampleBoolean value="true"/>
    </resource>
    <page>
      <nameUrl value="toc.html"/>
      <title value="Table of Contents"/>
      <generation value="html"/>
      <page>
        <nameUrl value="index.html"/>
        <title value="Home"/>
        <generation value="markdown"/>
      </page>
      <page>
        <nameUrl value="ePreTables.html"/>
        <title value="E Pre Tables"/>
        <generation value="markdown"/>
      </page>
      <page>
        <nameUrl value="toc-tables.html"/>
        <title value="Toc Tables"/>
        <generation value="markdown"/>
      </page>
    </page>
    <parameter>
      <code value="path-resource"/>
      <value value="input/capabilities"/>
    </parameter>
    <parameter>
      <code value="path-resource"/>
      <value value="input/examples"/>
    </parameter>
    <parameter>
      <code value="path-resource"/>
      <value value="input/extensions"/>
    </parameter>
    <parameter>
      <code value="path-resource"/>
      <value value="input/models"/>
    </parameter>
    <parameter>
      <code value="path-resource"/>
      <value value="input/operations"/>
    </parameter>
    <parameter>
      <code value="path-resource"/>
      <value value="input/profiles"/>
    </parameter>
    <parameter>
      <code value="path-resource"/>
      <value value="input/resources"/>
    </parameter>
    <parameter>
      <code value="path-resource"/>
      <value value="input/vocabulary"/>
    </parameter>
    <parameter>
      <code value="path-resource"/>
      <value value="input/maps"/>
    </parameter>
    <parameter>
      <code value="path-resource"/>
      <value value="input/testing"/>
    </parameter>
    <parameter>
      <code value="path-resource"/>
      <value value="input/history"/>
    </parameter>
    <parameter>
      <code value="path-resource"/>
      <value value="fsh-generated/resources"/>
    </parameter>
    <parameter>
      <code value="path-pages"/>
      <value value="template/config"/>
    </parameter>
    <parameter>
      <code value="path-pages"/>
      <value value="input/images"/>
    </parameter>
    <parameter>
      <code value="path-tx-cache"/>
      <value value="input-cache/txcache"/>
    </parameter>
  </definition>
</ImplementationGuide>