<?xml version="1.0" encoding="UTF-8"?>

<MedicationRequest xmlns="http://hl7.org/fhir">
  <id value="JP-MedReq-ePreData-Example-gaiyou02"/>
  <meta>
    <profile value="http://jpfhir.jp/fhir/ePrescription/StructureDefinition/JP_MedicationRequest_ePrescriptionData"/>
  </meta>
  <text>
    <status value="generated"/><div xmlns="http://www.w3.org/1999/xhtml"><p><b>Generated Narrative</b></p><div style="display: inline-block; background-color: #d9e0e7; padding: 6px; margin: 4px; border: 1px solid #8da1b4; border-radius: 5px; line-height: 60%"><p style="margin-bottom: 0px">Resource "JP-MedReq-ePreData-Example-gaiyou02" </p><p style="margin-bottom: 0px">Profile: <a href="StructureDefinition-JP-MedicationRequest-ePrescriptionData.html">JP_MedicationRequest_ePrescriptionData</a></p></div><p><b>identifier</b>: id: 2, id: 1</p><p><b>status</b>: active</p><p><b>intent</b>: order</p><p><b>medication</b>: リンデロンＶＧクリーム５ｇ <span style="background: LightGoldenRodYellow; margin: 4px; border: 1px solid khaki"> (unknown#106062101 "リンデロンＶＧクリーム ５ｇ")</span></p><p><b>subject</b>: <a href="Patient-JP-Patient-ePreData-Example.html">Patient/JP-Patient-ePreData-Example</a> " 東京"</p><p><b>authoredOn</b>: 2020-08-21 12:28:17+0900</p><h3>DispenseRequests</h3><table class="grid"><tr><td>-</td><td><b>Quantity</b></td></tr><tr><td>*</td><td>2 本<span style="background: LightGoldenRodYellow"> (Details: urn:oid:1.2.392.100495.20.2.101 code HON = '本')</span></td></tr></table></div>
  </text>
  <identifier>
    <system value="urn:oid:1.2.392.100495.20.3.81"/>
    <value value="2"/>
  </identifier>
  <identifier>
    <system value="urn:oid:1.2.392.100495.20.3.82"/>
    <value value="1"/>
  </identifier>
  <status value="active"/>
  <intent value="order"/>
  <medicationCodeableConcept>
    <coding>
      <system value="urn:oid:1.2.392.200119.4.403.1"/>
      <code value="106062101"/>
      <display value="リンデロンＶＧクリーム ５ｇ"/>
    </coding>
    <text value="リンデロンＶＧクリーム５ｇ"/>
  </medicationCodeableConcept>
  <subject>
    <reference value="Patient/JP-Patient-ePreData-Example"/>
  </subject>
  <authoredOn value="2020-08-21T12:28:17+09:00"/>
  <dosageInstruction>
    <text value="１日３回患部に塗布（膝）"/>
    <timing>
      <code>
        <coding>
          <system value="urn:oid:1.2.392.200250.2.2.20.20"/>
          <code value="2B73000000000000"/>
          <display value="外用・塗布・１日３回"/>
        </coding>
      </code>
    </timing>
    <site>
      <coding>
        <system value="urn:oid:1.2.392.200250.2.2.20.32"/>
        <code value="950"/>
        <display value="膝"/>
      </coding>
    </site>
    <route>
      <coding>
        <system value="http://jpfhir.jp/fhir/ePrescription/CodeSystem/route-codes"/>
        <code value="AP"/>
        <display value="外用"/>
      </coding>
    </route>
    <method>
      <coding>
        <system value="urn:oid:1.2.392.200250.2.2.20.40"/>
        <code value="2B"/>
        <display value="塗布"/>
      </coding>
    </method>
  </dosageInstruction>
  <dosageInstruction>
    <text value="１日３回患部に塗布（すね）"/>
    <timing>
      <code>
        <coding>
          <system value="urn:oid:1.2.392.200250.2.2.20.20"/>
          <code value="2B73000000000000"/>
          <display value="外用・塗布・１日３回"/>
        </coding>
      </code>
    </timing>
    <site>
      <coding>
        <system value="urn:oid:1.2.392.200250.2.2.20.32"/>
        <code value="970"/>
        <display value="すね"/>
      </coding>
    </site>
    <route>
      <coding>
        <system value="http://jpfhir.jp/fhir/ePrescription/CodeSystem/route-codes"/>
        <code value="AP"/>
        <display value="外用"/>
      </coding>
    </route>
    <method>
      <coding>
        <system value="urn:oid:1.2.392.200250.2.2.20.40"/>
        <code value="2B"/>
        <display value="塗布"/>
      </coding>
    </method>
  </dosageInstruction>
  <dispenseRequest>
    <quantity>
      <value value="2"/>
      <unit value="本"/>
      <system value="urn:oid:1.2.392.100495.20.2.101"/>
      <code value="HON"/>
    </quantity>
  </dispenseRequest>
</MedicationRequest>