<?xml version="1.0" encoding="UTF-8"?>

<MedicationRequest xmlns="http://hl7.org/fhir">
  <id value="JP-MedReq-ePreData-Example-kakujitsu"/>
  <text>
    <status value="generated"/><div xmlns="http://www.w3.org/1999/xhtml"><p><b>Generated Narrative</b></p><div style="display: inline-block; background-color: #d9e0e7; padding: 6px; margin: 4px; border: 1px solid #8da1b4; border-radius: 5px; line-height: 60%"><p style="margin-bottom: 0px">Resource "JP-MedReq-ePreData-Example-kakujitsu" </p></div><p><b>identifier</b>: id: 10, id: 1</p><p><b>status</b>: active</p><p><b>intent</b>: order</p><p><b>medication</b>: プレドニン錠　５ｍｇ <span style="background: LightGoldenRodYellow; margin: 4px; border: 1px solid khaki"> (unknown#106271807)</span></p><p><b>subject</b>: <a href="Bundle-JP-Bundle-ePreData-Example03.html#urn-uuid-2162023b-fbd4-4424-9aca-a11ea6f48ab4">urn:uuid:2162023b-fbd4-4424-9aca-a11ea6f48ab4</a></p><p><b>authoredOn</b>: 2020-08-21 12:28:17+0900</p><blockquote><p><b>dispenseRequest</b></p><p><b>quantity</b>: 21 錠<span style="background: LightGoldenRodYellow"> (Details: urn:oid:1.2.392.100495.20.2.101 code TAB = '錠')</span></p></blockquote><h3>Substitutions</h3><table class="grid"><tr><td>-</td><td><b>Allowed[x]</b></td></tr><tr><td>*</td><td>変更可 <span style="background: LightGoldenRodYellow; margin: 4px; border: 1px solid khaki"> (<a href="CodeSystem-mhlw-codeSystem-ePreCDA-unable2Change2Generic-tbl08.html">MHLW_codeSystem_ePreCDA_unable2Change2Generic_tbl08</a>#0)</span></td></tr></table></div>
  </text>
  <identifier>
    <system value="urn:oid:1.2.392.100495.20.3.81"/>
    <value value="10"/>
  </identifier>
  <identifier>
    <system value="urn:oid:1.2.392.100495.20.3.82"/>
    <value value="1"/>
  </identifier>
  <status value="active"/>
  <intent value="order"/>
  <medicationCodeableConcept>
    <coding>
      <system value="urn:oid:1.2.392.200119.4.403.1"/>
      <code value="106271807"/>
      <display value="プレドニン錠　５ｍｇ"/>
    </coding>
  </medicationCodeableConcept>
  <subject>
    <reference value="urn:uuid:2162023b-fbd4-4424-9aca-a11ea6f48ab4"/>
  </subject>
  <authoredOn value="2020-08-21T12:28:17+09:00"/>
  <dosageInstruction>
    <extension url="http://jpfhir.jp/fhir/core/Extension/StructureDefinition/JP_MedicationRequest_DosageInstruction_PeriodOfUse">
      <valuePeriod>
        <start value="2020-08-21"/>
      </valuePeriod>
    </extension>
    <extension url="http://jpfhir.jp/fhir/core/Extension/StructureDefinition/JP_MedicationRequest_DosageInstruction_UsageDuration">
      <valueDuration>
        <value value="7"/>
        <unit value="日"/>
        <system value="http://unitsofmeasure.org"/>
        <code value="d"/>
      </valueDuration>
    </extension>
    <text value="１日３回　朝昼夕食後　１回１錠　７日分（隔日投与）"/>
    <additionalInstruction>
      <coding>
        <system value="urn:oid:1.2.392.100495.20.2.32"/>
        <code value="I1100000"/>
        <display value="隔日投与"/>
      </coding>
    </additionalInstruction>
    <timing>
      <repeat>
        <boundsDuration>
          <value value="13"/>
          <unit value="日"/>
          <system value="http://unitsofmeasure.org"/>
          <code value="d"/>
        </boundsDuration>
      </repeat>
      <code>
        <coding>
          <system value="urn:oid:1.2.392.200250.2.2.20.20"/>
          <code value="1013044400000000"/>
          <display value="内服・経口・１日３回朝昼夕食後"/>
        </coding>
      </code>
    </timing>
    <route>
      <coding>
        <system value="http://jpfhir.jp/fhir/ePrescription/CodeSystem/route-codes"/>
        <code value="PO"/>
        <display value="口"/>
      </coding>
    </route>
    <method>
      <coding>
        <system value="urn:oid:1.2.392.200250.2.2.20.30"/>
        <code value="1"/>
        <display value="内服"/>
      </coding>
    </method>
    <doseAndRate>
      <type>
        <coding>
          <system value="urn:oid:1.2.392.100495.20.2.22"/>
          <code value="1"/>
          <display value="製剤量"/>
        </coding>
      </type>
      <doseQuantity>
        <value value="1"/>
        <unit value="錠"/>
        <system value="urn:oid:1.2.392.100495.20.2.101"/>
        <code value="TAB"/>
      </doseQuantity>
    </doseAndRate>
  </dosageInstruction>
  <dispenseRequest>
    <quantity>
      <value value="21"/>
      <unit value="錠"/>
      <system value="urn:oid:1.2.392.100495.20.2.101"/>
      <code value="TAB"/>
    </quantity>
    <expectedSupplyDuration>
      <value value="7"/>
      <unit value="日"/>
      <system value="http://unitsofmeasure.org"/>
      <code value="d"/>
    </expectedSupplyDuration>
  </dispenseRequest>
  <substitution>
    <allowedCodeableConcept>
      <coding>
        <system value="urn:oid:1.2.392.100495.20.2.41"/>
        <code value="0"/>
        <display value="変更可"/>
      </coding>
    </allowedCodeableConcept>
  </substitution>
</MedicationRequest>