{
  "resourceType": "MedicationRequest",
  "id": "JP-MedReq-ePreData-Example-zenzou01per03",
  "meta": {
    "profile": [
      "http://jpfhir.jp/fhir/ePrescription/StructureDefinition/JP_MedicationRequest_ePrescriptionData"
    ]
  },
  "text": {
    "status": "generated",
    "div": "<div xmlns=\"http://www.w3.org/1999/xhtml\"><p><b>Generated Narrative</b></p><div style=\"display: inline-block; background-color: #d9e0e7; padding: 6px; margin: 4px; border: 1px solid #8da1b4; border-radius: 5px; line-height: 60%\"><p style=\"margin-bottom: 0px\">Resource \"JP-MedReq-ePreData-Example-zenzou01per03\" </p><p style=\"margin-bottom: 0px\">Profile: <a href=\"StructureDefinition-JP-MedicationRequest-ePrescriptionData.html\">JP_MedicationRequest_ePrescriptionData</a></p></div><p><b>identifier</b>: id: 13, id: 1</p><p><b>status</b>: active</p><p><b>intent</b>: order</p><p><b>medication</b>: ペルマックス５０&mu;ｇ錠 <span style=\"background: LightGoldenRodYellow; margin: 4px; border: 1px solid khaki\"> (unknown#1012309020 \"ペルマックス錠　５０&mu;ｇ\")</span></p><p><b>subject</b>: <a href=\"https://simplifier.net/resolve?scope=jp-core.draft1@1.0.1-beta&amp;canonical=http://jpfhir.jp/fhir/core/jp-core.draft1/urn:uuid:1af0a9a6-a91d-3aef-fc4e-069995b89c4f\">urn:uuid:1af0a9a6-a91d-3aef-fc4e-069995b89c4f</a></p><p><b>authoredOn</b>: 2020-08-21 12:28:17+0900</p><p><b>note</b>: 最初の２日間　1日１錠（１日１回　夕食後　１回１錠）</p><blockquote><p><b>dispenseRequest</b></p><p><b>quantity</b>: 2 錠<span style=\"background: LightGoldenRodYellow\"> (Details: urn:oid:1.2.392.100495.20.2.101 code TAB = '錠')</span></p></blockquote><h3>Substitutions</h3><table class=\"grid\"><tr><td>-</td><td><b>Allowed[x]</b></td></tr><tr><td>*</td><td>変更可 <span style=\"background: LightGoldenRodYellow; margin: 4px; border: 1px solid khaki\"> (<a href=\"CodeSystem-mhlw-codeSystem-ePreCDA-unable2Change2Generic-tbl08.html\">MHLW_codeSystem_ePreCDA_unable2Change2Generic_tbl08</a>#0)</span></td></tr></table></div>"
  },
  "identifier": [
    {
      "system": "urn:oid:1.2.392.100495.20.3.81",
      "value": "13"
    },
    {
      "system": "urn:oid:1.2.392.100495.20.3.82",
      "value": "1"
    }
  ],
  "status": "active",
  "intent": "order",
  "medicationCodeableConcept": {
    "coding": [
      {
        "system": "urn:oid:1.2.392.200119.4.403.1",
        "code": "1012309020",
        "display": "ペルマックス錠　５０μｇ"
      }
    ],
    "text": "ペルマックス５０μｇ錠"
  },
  "subject": {
    "reference": "urn:uuid:1af0a9a6-a91d-3aef-fc4e-069995b89c4f"
  },
  "authoredOn": "2020-08-21T12:28:17+09:00",
  "note": [
    {
      "text": "最初の２日間　1日１錠（１日１回　夕食後　１回１錠）"
    }
  ],
  "dosageInstruction": [
    {
      "extension": [
        {
          "url": "http://jpfhir.jp/fhir/core/Extension/StructureDefinition/JP_MedicationRequest_DosageInstruction_PeriodOfUse",
          "valuePeriod": {
            "start": "2020-04-01"
          }
        },
        {
          "url": "http://jpfhir.jp/fhir/core/Extension/StructureDefinition/JP_MedicationRequest_DosageInstruction_UsageDuration",
          "valueDuration": {
            "value": 2,
            "unit": "日",
            "system": "http://unitsofmeasure.org",
            "code": "d"
          }
        }
      ],
      "text": "１日１回　夕食後　１回１錠　２日分",
      "timing": {
        "repeat": {
          "boundsDuration": {
            "value": 2,
            "unit": "日",
            "system": "http://unitsofmeasure.org",
            "code": "d"
          }
        },
        "code": {
          "coding": [
            {
              "system": "urn:oid:1.2.392.200250.2.2.20.20",
              "code": "1011040000000000",
              "display": "内服・経口・１日１回夕食後"
            }
          ]
        }
      },
      "route": {
        "coding": [
          {
            "system": "http://jpfhir.jp/fhir/ePrescription/CodeSystem/route-codes",
            "code": "PO",
            "display": "口"
          }
        ]
      },
      "method": {
        "coding": [
          {
            "system": "urn:oid:1.2.392.200250.2.2.20.30",
            "code": "1",
            "display": "内服"
          }
        ]
      },
      "doseAndRate": [
        {
          "type": {
            "coding": [
              {
                "system": "urn:oid:1.2.392.100495.20.2.22",
                "code": "1",
                "display": "製剤量"
              }
            ]
          },
          "doseQuantity": {
            "value": 1,
            "unit": "錠",
            "system": "urn:oid:1.2.392.100495.20.2.101",
            "code": "TAB"
          },
          "rateRatio": {
            "numerator": {
              "value": 1,
              "unit": "錠",
              "system": "urn:oid:1.2.392.100495.20.2.101",
              "code": "TAB"
            },
            "denominator": {
              "value": 1,
              "unit": "日",
              "system": "http://unitsofmeasure.org",
              "code": "d"
            }
          }
        }
      ]
    }
  ],
  "dispenseRequest": {
    "quantity": {
      "value": 2,
      "unit": "錠",
      "system": "urn:oid:1.2.392.100495.20.2.101",
      "code": "TAB"
    },
    "expectedSupplyDuration": {
      "value": 2,
      "unit": "日",
      "system": "http://unitsofmeasure.org",
      "code": "d"
    }
  },
  "substitution": {
    "allowedCodeableConcept": {
      "coding": [
        {
          "system": "urn:oid:1.2.392.100495.20.2.41",
          "code": "0",
          "display": "変更可"
        }
      ]
    }
  }
}