<?xml version="1.0" encoding="UTF-8"?>

<MedicationRequest xmlns="http://hl7.org/fhir">
  <id value="JP-MedReq-ePreData-Example-gaiyou01"/>
  <meta>
    <profile value="http://jpfhir.jp/fhir/core/StructureDefinition/JP_MedicationRequest"/>
    <profile value="http://jpfhir.jp/fhir/ePrescription/StructureDefinition/JP_MedicationRequest_ePrescriptionData"/>
  </meta>
  <text>
    <status value="generated"/><div xmlns="http://www.w3.org/1999/xhtml"><p><b>Generated Narrative</b></p><div style="display: inline-block; background-color: #d9e0e7; padding: 6px; margin: 4px; border: 1px solid #8da1b4; border-radius: 5px; line-height: 60%"><p style="margin-bottom: 0px">Resource "JP-MedReq-ePreData-Example-gaiyou01" </p><p style="margin-bottom: 0px">Profiles: <a href="https://simplifier.net/resolve?scope=jp-core.draft1@1.1.0-beta&amp;canonical=http://jpfhir.jp/fhir/core/StructureDefinition/JP_MedicationRequest">JP Core MedicationRequest Profile</a>, <a href="StructureDefinition-JP-MedicationRequest-ePrescriptionData.html">JP_MedicationRequest_ePrescriptionData</a></p></div><p><b>identifier</b>: id: 1, id: 1</p><p><b>status</b>: active</p><p><b>intent</b>: order</p><p><b>medication</b>: チモプトール点眼薬０．２５％５ｍＬ <span style="background: LightGoldenRodYellow; margin: 4px; border: 1px solid khaki"> (unknown#102094601 "チモプトール点眼薬０．２５％　５ｍＬ")</span></p><p><b>subject</b>: <a href="Patient-JP-Patient-ePreData-Example.html">Patient/JP-Patient-ePreData-Example</a> " 東京"</p><p><b>authoredOn</b>: 2020-08-21 12:28:17+0900</p><h3>DispenseRequests</h3><table class="grid"><tr><td>-</td><td><b>Quantity</b></td></tr><tr><td>*</td><td>2 本<span style="background: LightGoldenRodYellow"> (Details: urn:oid:1.2.392.100495.20.2.101 code HON = '本')</span></td></tr></table></div>
  </text>
  <identifier>
    <system value="urn:oid:1.2.392.100495.20.3.81"/>
    <value value="1"/>
  </identifier>
  <identifier>
    <system value="urn:oid:1.2.392.100495.20.3.82"/>
    <value value="1"/>
  </identifier>
  <status value="active"/>
  <intent value="order"/>
  <medicationCodeableConcept>
    <coding>
      <system value="urn:oid:1.2.392.200119.4.403.1"/>
      <code value="102094601"/>
      <display value="チモプトール点眼薬０．２５％　５ｍＬ"/>
    </coding>
    <text value="チモプトール点眼薬０．２５％５ｍＬ"/>
  </medicationCodeableConcept>
  <subject>
    <reference value="Patient/JP-Patient-ePreData-Example"/>
  </subject>
  <authoredOn value="2020-08-21T12:28:17+09:00"/>
  <dosageInstruction>
    <text value="外用・点眼・１日３回　１回１滴（右眼）"/>
    <timing>
      <code>
        <coding>
          <system value="urn:oid:1.2.392.200250.2.2.20.20"/>
          <code value="2H73000000000000"/>
          <display value="外用・点眼・１日３回"/>
        </coding>
      </code>
    </timing>
    <site>
      <coding>
        <system value="urn:oid:1.2.392.200250.2.2.20.32"/>
        <code value="26R"/>
        <display value="右眼"/>
      </coding>
    </site>
    <doseAndRate>
      <type>
        <coding>
          <system value="urn:oid:1.2.392.100495.20.2.22"/>
          <code value="1"/>
          <display value="製剤量"/>
        </coding>
      </type>
      <doseQuantity>
        <value value="1"/>
        <unit value="滴"/>
        <system value="urn:oid:1.2.392.100495.20.2.101"/>
        <code value="DROP"/>
      </doseQuantity>
    </doseAndRate>
  </dosageInstruction>
  <dosageInstruction>
    <text value="外用・点眼・１日３回　１回２滴（左眼）"/>
    <timing>
      <code>
        <coding>
          <system value="urn:oid:1.2.392.200250.2.2.20.20"/>
          <code value="2H73000000000000"/>
          <display value="外用・点眼・１日３回"/>
        </coding>
      </code>
    </timing>
    <site>
      <coding>
        <system value="urn:oid:1.2.392.200250.2.2.20.32"/>
        <code value="26L"/>
        <display value="左眼"/>
      </coding>
    </site>
    <doseAndRate>
      <type>
        <coding>
          <system value="urn:oid:1.2.392.100495.20.2.22"/>
          <code value="1"/>
          <display value="製剤量"/>
        </coding>
      </type>
      <doseQuantity>
        <value value="2"/>
        <unit value="滴"/>
        <system value="urn:oid:1.2.392.100495.20.2.101"/>
        <code value="DROP"/>
      </doseQuantity>
    </doseAndRate>
  </dosageInstruction>
  <dispenseRequest>
    <quantity>
      <value value="2"/>
      <unit value="本"/>
      <system value="urn:oid:1.2.392.100495.20.2.101"/>
      <code value="HON"/>
    </quantity>
  </dispenseRequest>
</MedicationRequest>