{
  "resourceType": "MedicationRequest",
  "id": "JP-MedReq-ePreData-Example-fukintouByTimes02",
  "meta": {
    "profile": [
      "http://jpfhir.jp/fhir/ePrescription/StructureDefinition/JP_MedicationRequest_ePrescriptionData"
    ]
  },
  "text": {
    "status": "generated",
    "div": "<div xmlns=\"http://www.w3.org/1999/xhtml\"><p><b>Generated Narrative</b></p><div style=\"display: inline-block; background-color: #d9e0e7; padding: 6px; margin: 4px; border: 1px solid #8da1b4; border-radius: 5px; line-height: 60%\"><p style=\"margin-bottom: 0px\">Resource \"JP-MedReq-ePreData-Example-fukintouByTimes02\" </p><p style=\"margin-bottom: 0px\">Profile: <a href=\"StructureDefinition-JP-MedicationRequest-ePrescriptionData.html\">JP_MedicationRequest_ePrescriptionData</a></p></div><p><b>identifier</b>: id: 7, id: 1</p><p><b>status</b>: active</p><p><b>intent</b>: order</p><p><b>medication</b>: プレドニン５ｍｇ錠 <span style=\"background: LightGoldenRodYellow; margin: 4px; border: 1px solid khaki\"> (unknown#105271807 \"プレドニン錠５ｍｇ\")</span></p><p><b>subject</b>: <a href=\"https://simplifier.net/resolve?scope=jp-core.draft1@1.1.0-beta&amp;canonical=http://jpfhir.jp/fhir/core/jp-core.draft1/JP-Patient-ePreData-Example\">JP-Patient-ePreData-Example</a></p><p><b>authoredOn</b>: 2020-08-21 12:28:17+0900</p><p><b>note</b>: 1日３回毎食後（４錠－２錠－１錠）の昼食後分</p><blockquote><p><b>dispenseRequest</b></p><p><b>quantity</b>: 14 錠<span style=\"background: LightGoldenRodYellow\"> (Details: urn:oid:1.2.392.100495.20.2.101 code TAB = '錠')</span></p></blockquote><h3>Substitutions</h3><table class=\"grid\"><tr><td>-</td><td><b>Allowed[x]</b></td></tr><tr><td>*</td><td>変更可 <span style=\"background: LightGoldenRodYellow; margin: 4px; border: 1px solid khaki\"> (<a href=\"CodeSystem-mhlw-codeSystem-ePreCDA-unable2Change2Generic-tbl08.html\">MHLW_codeSystem_ePreCDA_unable2Change2Generic_tbl08</a>#0)</span></td></tr></table></div>"
  },
  "identifier": [
    {
      "system": "urn:oid:1.2.392.100495.20.3.81",
      "value": "7"
    },
    {
      "system": "urn:oid:1.2.392.100495.20.3.82",
      "value": "1"
    }
  ],
  "status": "active",
  "intent": "order",
  "medicationCodeableConcept": {
    "coding": [
      {
        "system": "urn:oid:1.2.392.200119.4.403.1",
        "code": "105271807",
        "display": "プレドニン錠５ｍｇ"
      }
    ],
    "text": "プレドニン５ｍｇ錠"
  },
  "subject": {
    "reference": "JP-Patient-ePreData-Example"
  },
  "authoredOn": "2020-08-21T12:28:17+09:00",
  "note": [
    {
      "text": "1日３回毎食後（４錠－２錠－１錠）の昼食後分"
    }
  ],
  "dosageInstruction": [
    {
      "extension": [
        {
          "url": "http://jpfhir.jp/fhir/core/Extension/StructureDefinition/JP_MedicationRequest_DosageInstruction_UsageDuration",
          "valueDuration": {
            "value": 7,
            "unit": "日",
            "system": "http://unitsofmeasure.org",
            "code": "d"
          }
        }
      ],
      "text": "内服・経口・１日１回昼食後　１回２錠　７日分",
      "timing": {
        "repeat": {
          "boundsDuration": {
            "value": 7,
            "unit": "日",
            "system": "http://unitsofmeasure.org",
            "code": "d"
          }
        },
        "code": {
          "coding": [
            {
              "system": "urn:oid:1.2.392.200250.2.2.20.20",
              "code": "1011004000000000",
              "display": "内服・経口・１日１回昼食後"
            }
          ]
        }
      },
      "route": {
        "coding": [
          {
            "system": "http://jpfhir.jp/fhir/ePrescription/CodeSystem/route-codes",
            "code": "PO",
            "display": "口"
          }
        ]
      },
      "method": {
        "coding": [
          {
            "system": "urn:oid:1.2.392.200250.2.2.20.30",
            "code": "1",
            "display": "内服"
          }
        ]
      },
      "doseAndRate": [
        {
          "type": {
            "coding": [
              {
                "system": "urn:oid:1.2.392.100495.20.2.22",
                "code": "1",
                "display": "製剤量"
              }
            ]
          },
          "doseQuantity": {
            "value": 2,
            "unit": "錠",
            "system": "urn:oid:1.2.392.100495.20.2.101",
            "code": "TAB"
          }
        }
      ]
    }
  ],
  "dispenseRequest": {
    "quantity": {
      "value": 14,
      "unit": "錠",
      "system": "urn:oid:1.2.392.100495.20.2.101",
      "code": "TAB"
    },
    "expectedSupplyDuration": {
      "value": 7,
      "unit": "日",
      "system": "http://unitsofmeasure.org",
      "code": "d"
    }
  },
  "substitution": {
    "allowedCodeableConcept": {
      "coding": [
        {
          "system": "urn:oid:1.2.392.100495.20.2.41",
          "code": "0",
          "display": "変更可"
        }
      ]
    }
  }
}