<?xml version="1.0" encoding="UTF-8"?>

<MedicationRequest xmlns="http://hl7.org/fhir">
  <id value="JP-MedReq-ePreData-Example-fukintouByDay"/>
  <meta>
    <profile value="http://jpfhir.jp/fhir/ePrescription/StructureDefinition/JP_MedicationRequest_ePrescriptionData"/>
  </meta>
  <text>
    <status value="generated"/><div xmlns="http://www.w3.org/1999/xhtml"><p><b>Generated Narrative</b></p><div style="display: inline-block; background-color: #d9e0e7; padding: 6px; margin: 4px; border: 1px solid #8da1b4; border-radius: 5px; line-height: 60%"><p style="margin-bottom: 0px">Resource "JP-MedReq-ePreData-Example-fukintouByDay" </p><p style="margin-bottom: 0px">Profile: <a href="StructureDefinition-JP-MedicationRequest-ePrescriptionData.html">JP_MedicationRequest_ePrescriptionData</a></p></div><p><b>identifier</b>: id: 9, id: 1</p><p><b>status</b>: active</p><p><b>intent</b>: order</p><p><b>medication</b>: プレドニン５ｍｇ錠 <span style="background: LightGoldenRodYellow; margin: 4px; border: 1px solid khaki"> (unknown#105271807 "プレドニン錠５ｍｇ")</span></p><p><b>subject</b>: <a href="Patient-JP-Patient-ePreData-Example.html">Patient/JP-Patient-ePreData-Example</a> " 東京"</p><p><b>authoredOn</b>: 2020-08-21 12:28:17+0900</p><blockquote><p><b>dispenseRequest</b></p><p><b>quantity</b>: 49 錠<span style="background: LightGoldenRodYellow"> (Details: urn:oid:1.2.392.100495.20.2.101 code TAB = '錠')</span></p></blockquote><h3>Substitutions</h3><table class="grid"><tr><td>-</td><td><b>Allowed[x]</b></td></tr><tr><td>*</td><td>変更可 <span style="background: LightGoldenRodYellow; margin: 4px; border: 1px solid khaki"> (<a href="CodeSystem-mhlw-codeSystem-ePreCDA-unable2Change2Generic-tbl08.html">MHLW_codeSystem_ePreCDA_unable2Change2Generic_tbl08</a>#0)</span></td></tr></table></div>
  </text>
  <identifier>
    <system value="urn:oid:1.2.392.100495.20.3.81"/>
    <value value="9"/>
  </identifier>
  <identifier>
    <system value="urn:oid:1.2.392.100495.20.3.82"/>
    <value value="1"/>
  </identifier>
  <status value="active"/>
  <intent value="order"/>
  <medicationCodeableConcept>
    <coding>
      <system value="urn:oid:1.2.392.200119.4.403.1"/>
      <code value="105271807"/>
      <display value="プレドニン錠５ｍｇ"/>
    </coding>
    <text value="プレドニン５ｍｇ錠"/>
  </medicationCodeableConcept>
  <subject>
    <reference value="Patient/JP-Patient-ePreData-Example"/>
  </subject>
  <authoredOn value="2020-08-21T12:28:17+09:00"/>
  <dosageInstruction>
    <text value="１日３回　毎食後　７錠（４錠－２錠－１錠）"/>
    <additionalInstruction>
      <coding>
        <system value="urn:oid:1.2.392.200250.2.2.20.22"/>
        <code value="V14NNNNN"/>
        <display value="不均等・１回目・４錠"/>
      </coding>
    </additionalInstruction>
    <additionalInstruction>
      <coding>
        <system value="urn:oid:1.2.392.200250.2.2.20.22"/>
        <code value="V22NNNNN"/>
        <display value="不均等・２回目・２錠"/>
      </coding>
    </additionalInstruction>
    <additionalInstruction>
      <coding>
        <system value="urn:oid:1.2.392.200250.2.2.20.22"/>
        <code value="V31NNNNN"/>
        <display value="不均等・３回目・１錠"/>
      </coding>
    </additionalInstruction>
    <timing>
      <repeat>
        <boundsDuration>
          <value value="7"/>
          <unit value="日"/>
          <system value="http://unitsofmeasure.org"/>
          <code value="d"/>
        </boundsDuration>
      </repeat>
      <code>
        <coding>
          <system value="urn:oid:1.2.392.200250.2.2.20.20"/>
          <code value="1013044400000000"/>
          <display value="１日３回毎食後"/>
        </coding>
      </code>
    </timing>
    <route>
      <coding>
        <system value="http://jpfhir.jp/fhir/ePrescription/CodeSystem/route-codes"/>
        <code value="PO"/>
        <display value="口"/>
      </coding>
    </route>
    <method>
      <coding>
        <system value="urn:oid:1.2.392.200250.2.2.20.30"/>
        <code value="1"/>
        <display value="内服"/>
      </coding>
    </method>
    <doseAndRate>
      <type>
        <coding>
          <system value="urn:oid:1.2.392.100495.20.2.22"/>
          <code value="1"/>
          <display value="製剤量"/>
        </coding>
      </type>
      <rateRatio>
        <numerator>
          <value value="7"/>
          <unit value="錠"/>
          <system value="urn:oid:1.2.392.100495.20.2.101"/>
          <code value="TAB"/>
        </numerator>
        <denominator>
          <value value="1"/>
          <unit value="日"/>
          <system value="http://unitsofmeasure.org"/>
          <code value="d"/>
        </denominator>
      </rateRatio>
    </doseAndRate>
  </dosageInstruction>
  <dispenseRequest>
    <quantity>
      <value value="49"/>
      <unit value="錠"/>
      <system value="urn:oid:1.2.392.100495.20.2.101"/>
      <code value="TAB"/>
    </quantity>
    <expectedSupplyDuration>
      <value value="7"/>
      <unit value="日"/>
      <system value="http://unitsofmeasure.org"/>
      <code value="d"/>
    </expectedSupplyDuration>
  </dispenseRequest>
  <substitution>
    <allowedCodeableConcept>
      <coding>
        <system value="urn:oid:1.2.392.100495.20.2.41"/>
        <code value="0"/>
        <display value="変更可"/>
      </coding>
    </allowedCodeableConcept>
  </substitution>
</MedicationRequest>