<?xml version="1.0" encoding="UTF-8"?>

<Organization xmlns="http://hl7.org/fhir">
  <id value="JP-Organization-ePreData-departmentOfIssuer-Example"/>
  <meta>
    <profile value="http://jpfhir.jp/fhir/ePrescription/StructureDefinition/JP_Organization_ePrescriptionData_departmentOfIssuer"/>
  </meta>
  <text>
    <status value="generated"/><div xmlns="http://www.w3.org/1999/xhtml"><p><b>Generated Narrative</b></p><div style="display: inline-block; background-color: #d9e0e7; padding: 6px; margin: 4px; border: 1px solid #8da1b4; border-radius: 5px; line-height: 60%"><p style="margin-bottom: 0px">Resource "JP-Organization-ePreData-departmentOfIssuer-Example" </p><p style="margin-bottom: 0px">Profile: <a href="StructureDefinition-JP-Organization-ePrescriptionData-departmentOfIssuer.html">JP_Organization_ePrescriptionData_departmentOfIssuer</a></p></div><p><b>type</b>: 01 <span style="background: LightGoldenRodYellow; margin: 4px; border: 1px solid khaki"> (<a href="CodeSystem-mhlw-codeSystem-ePreCDA-clinicalDepartment-tbl10.html">MHLW_codeSystem_ePreCDA_clinicalDepartment_tbl10</a>#01)</span></p><p><b>name</b>: 内科</p><p><b>partOf</b>: <a href="Organization-JP-Organization-ePreData-issuer-Example.html">Organization/JP-Organization-ePreData-issuer-Example</a> "第一病院"</p></div>
  </text>
  <type>
    <coding>
      <system value="urn:oid:1.2.392.100495.20.2.51"/>
      <code value="01"/>
      <display value="01"/>
    </coding>
  </type>
  <name value="内科"/>
  <partOf>
    <reference value="Organization/JP-Organization-ePreData-issuer-Example"/>
  </partOf>
</Organization>