<?xml version="1.0" encoding="UTF-8"?>

<Practitioner xmlns="http://hl7.org/fhir">
  <id value="JP-Practitioner-ePrescriptionData-author-Example"/>
  <text>
    <status value="generated"/><div xmlns="http://www.w3.org/1999/xhtml"><p><b>Generated Narrative</b></p><div style="display: inline-block; background-color: #d9e0e7; padding: 6px; margin: 4px; border: 1px solid #8da1b4; border-radius: 5px; line-height: 60%"><p style="margin-bottom: 0px">Resource "JP-Practitioner-ePrescriptionData-author-Example" </p></div><p><b>identifier</b>: id: 123</p><p><b>name</b>: 神奈川花子, カナガワハナコ</p><blockquote><p><b>qualification</b></p><p><b>identifier</b>: id: 123456</p><p><b>code</b>: 医師 <span style="background: LightGoldenRodYellow; margin: 4px; border: 1px solid khaki"> (<a href="CodeSystem-jp-codeSystem-ractitioner-certificate-category.html">JP_codeSystem_practitioner_certificate_category</a>#MedicalDoctorLicense)</span></p></blockquote><blockquote><p><b>qualification</b></p><p><b>identifier</b>: id: 4-321</p><p><b>code</b>: NarcoticsPractitioner <span style="background: LightGoldenRodYellow; margin: 4px; border: 1px solid khaki"> (Practitioner-certificate-category#NarcoticsPractitioner)</span></p></blockquote></div>
  </text>
  <identifier>
    <system value="urn:oid:1.2.392.100495.20.3.41.11311234567"/>
    <value value="123"/>
  </identifier>
  <name>
    <extension url="http://hl7.org/fhir/StructureDefinition/iso21090-EN-representation">
      <valueCode value="IDE"/>
    </extension>
    <text value="神奈川花子"/>
    <family value="神奈川"/>
    <given value="花子"/>
  </name>
  <name>
    <extension url="http://hl7.org/fhir/StructureDefinition/iso21090-EN-representation">
      <valueCode value="SYL"/>
    </extension>
    <text value="カナガワハナコ"/>
    <family value="カナガワ"/>
    <given value="ハナコ"/>
  </name>
  <qualification>
    <identifier>
      <system value="urn:oid:1.2.392.100495.20.3.31"/>
      <value value="123456"/>
    </identifier>
    <code>
      <coding>
        <system value="http://jpfhir.jp/fhir/core/CodeSystem/practitioner-certificate-category"/>
        <code value="MedicalDoctorLicense"/>
      </coding>
    </code>
  </qualification>
  <qualification>
    <identifier>
      <system value="urn:oid:1.2.392.100495.20.3.32.113"/>
      <value value="4-321"/>
    </identifier>
    <code>
      <coding>
        <system value="http://jpfhir.jp/fhir/core/CodeSystem/Practitioner-certificate-category"/>
        <code value="NarcoticsPractitioner"/>
      </coding>
    </code>
  </qualification>
</Practitioner>