<?xml version="1.0" encoding="UTF-8"?>

<PractitionerRole xmlns="http://hl7.org/fhir">
  <id value="JP-PractitionerRole-ePreData-author-Example"/>
  <meta>
    <profile value="http://jpfhir.jp/fhir/ePrescription/StructureDefinition/JP_PractitionerRole_ePrescriptionData_author"/>
  </meta>
  <text>
    <status value="generated"/><div xmlns="http://www.w3.org/1999/xhtml"><p><b>Generated Narrative</b></p><div style="display: inline-block; background-color: #d9e0e7; padding: 6px; margin: 4px; border: 1px solid #8da1b4; border-radius: 5px; line-height: 60%"><p style="margin-bottom: 0px">Resource "JP-PractitionerRole-ePreData-author-Example" </p><p style="margin-bottom: 0px">Profile: <code>http://jpfhir.jp/fhir/ePrescription/StructureDefinition/JP_PractitionerRole_ePrescriptionData_author</code></p></div><p><b>identifier</b>: id: 702</p><p><b>practitioner</b>: <a href="https://simplifier.net/resolve?scope=jp-core.draft1@1.1.0-beta&amp;canonical=http://jpfhir.jp/fhir/core/jp-core.draft1/urn:uuid:195a292d-169a-5cc4-0e10-7a1c0d3fcb2b">urn:uuid:195a292d-169a-5cc4-0e10-7a1c0d3fcb2b</a></p><p><b>organization</b>: <a href="https://simplifier.net/resolve?scope=jp-core.draft1@1.1.0-beta&amp;canonical=http://jpfhir.jp/fhir/core/jp-core.draft1/urn:uuid:92834f52-7e62-1840-5c10-771084179379">urn:uuid:92834f52-7e62-1840-5c10-771084179379</a></p><p><b>code</b>: 医師 <span style="background: LightGoldenRodYellow; margin: 4px; border: 1px solid khaki"> (<a href="CodeSystem-jp-codeSystem-practitioner-role-category.html">JP_codeSystem_practitioner_role_category</a>#doctor)</span></p></div>
  </text>
  <identifier>
    <system value="http://exapmleHospital.jp/IdSystem/hisUserRoleId"/>
    <value value="702"/>
  </identifier>
  <practitioner>
    <reference value="urn:uuid:195a292d-169a-5cc4-0e10-7a1c0d3fcb2b"/>
  </practitioner>
  <organization>
    <reference value="urn:uuid:92834f52-7e62-1840-5c10-771084179379"/>
  </organization>
  <code>
    <coding>
      <system value="http://jpfhir.jp/fhir/Common/CodeSystem/practitioner-role-category"/>
      <code value="doctor"/>
    </coding>
  </code>
</PractitionerRole>