{
  "package": "ePrescriptionData",
  "version": "0.9.3",
  "fhirVersion": "4.0.1",
  "extensions": [
    {
      "url": "http://jpfhir.jp/fhir/ePrescription/Extension/StructureDefinition/JP_Communication_CommunicationContent",
      "title": "JP_Communication_CommunicationContent",
      "types": [
        "string"
      ]
    }
  ],
  "profiles": {
    "Bundle": [
      {
        "url": "http://jpfhir.jp/fhir/ePrescription/StructureDefinition/JP_Bundle_ePrescriptionData",
        "title": "JP_Bundle_ePrescriptionData"
      }
    ],
    "Patient": [
      {
        "url": "http://jpfhir.jp/fhir/ePrescription/StructureDefinition/JP_Patient_ePrescriptionData",
        "title": "JP_Patient_ePrescriptionData"
      }
    ],
    "Communication": [
      {
        "url": "http://jpfhir.jp/fhir/ePrescription/StructureDefinition/JP_Communication_ePrescriptionData",
        "title": "JP_Communication_ePrescriptionData"
      }
    ],
    "Composition": [
      {
        "url": "http://jpfhir.jp/fhir/ePrescription/StructureDefinition/JP_Composition_ePrescriptionData",
        "title": "JP_Composition_ePrescriptionData"
      }
    ],
    "Coverage": [
      {
        "url": "http://jpfhir.jp/fhir/ePrescription/StructureDefinition/JP_Coverage_ePrescriptionData_insurance",
        "title": "JP_Coverage_ePrescriptionData_insurance"
      },
      {
        "url": "http://jpfhir.jp/fhir/ePrescription/StructureDefinition/JP_Coverage_ePrescriptionData_publicPayment",
        "title": "JP_Coverage_ePrescriptionData_publicPayment"
      }
    ],
    "Encounter": [
      {
        "url": "http://jpfhir.jp/fhir/ePrescription/StructureDefinition/JP_Encounter_ePrescriptionData",
        "title": "JP_Encounter_ePrescriptionData"
      }
    ],
    "MedicationRequest": [
      {
        "url": "http://jpfhir.jp/fhir/ePrescription/StructureDefinition/JP_MedicationRequest_ePrescriptionData",
        "title": "JP_MedicationRequest_ePrescriptionData"
      }
    ],
    "Organization": [
      {
        "url": "http://jpfhir.jp/fhir/ePrescription/StructureDefinition/JP_Organization_ePrescriptionData_coveragePayer",
        "title": "JP_Organization_ePrescriptionData_coveragePayer"
      },
      {
        "url": "http://jpfhir.jp/fhir/ePrescription/StructureDefinition/JP_Organization_ePrescriptionData_departmentOfIssuer",
        "title": "JP_Organization_ePrescriptionData_departmentOfIssuer"
      },
      {
        "url": "http://jpfhir.jp/fhir/ePrescription/StructureDefinition/JP_Organization_ePrescriptionData_issuer",
        "title": "JP_Organization_ePrescriptionData_issuer"
      }
    ],
    "PractitionerRole": [
      {
        "url": "http://jpfhir.jp/fhir/ePrescription/StructureDefinition/JP_PractitionerRole_ePrescriptionData_author",
        "title": "JP_PractitionerRole_ePrescriptionData_author"
      }
    ],
    "Practitioner": [
      {
        "url": "http://jpfhir.jp/fhir/ePrescription/StructureDefinition/JP_Practitioner_ePrescriptionData_author",
        "title": "JP_Practitioner_ePrescriptionData_author"
      }
    ]
  },
  "usage": {
    "http://hl7.org/fhir/StructureDefinition/composition-clinicaldocument-versionNumber": [
      "Bundle.entry.resource",
      "Bundle.entry.resource.entry.resource",
      "Composition"
    ],
    "http://hl7.org/fhir/StructureDefinition/elementdefinition-bestpractice": [
      "StructureDefinition.snapshot.element.constraint"
    ],
    "http://hl7.org/fhir/StructureDefinition/elementdefinition-bestpractice-explanation": [
      "StructureDefinition.snapshot.element.constraint"
    ],
    "http://hl7.org/fhir/StructureDefinition/elementdefinition-bindingName": [
      "StructureDefinition.snapshot.element.binding"
    ],
    "http://hl7.org/fhir/StructureDefinition/elementdefinition-isCommonBinding": [
      "StructureDefinition.snapshot.element.binding"
    ],
    "http://hl7.org/fhir/StructureDefinition/elementdefinition-maxValueSet": [
      "StructureDefinition.snapshot.element.binding"
    ],
    "http://hl7.org/fhir/StructureDefinition/elementdefinition-translatable": [
      "StructureDefinition.snapshot.element"
    ],
    "http://hl7.org/fhir/StructureDefinition/iso21090-EN-representation": [
      "Bundle.entry.resource.entry.resource.name",
      "Bundle.entry.resource.name",
      "Patient.name",
      "Practitioner.name"
    ],
    "http://hl7.org/fhir/StructureDefinition/patient-birthPlace": [
      "Patient"
    ],
    "http://hl7.org/fhir/StructureDefinition/patient-religion": [
      "Patient"
    ],
    "http://hl7.org/fhir/StructureDefinition/structuredefinition-category": [
      "StructureDefinition"
    ],
    "http://hl7.org/fhir/StructureDefinition/structuredefinition-explicit-type-name": [
      "StructureDefinition.snapshot.element"
    ],
    "http://hl7.org/fhir/StructureDefinition/structuredefinition-fhir-type": [
      "StructureDefinition.snapshot.element.type"
    ],
    "http://hl7.org/fhir/StructureDefinition/structuredefinition-hierarchy": [
      "StructureDefinition.snapshot.element.type"
    ],
    "http://hl7.org/fhir/StructureDefinition/structuredefinition-security-category": [
      "StructureDefinition"
    ],
    "http://hl7.org/fhir/tools/StructureDefinition/ig-parameter": [
      "ImplementationGuide.definition"
    ],
    "http://hl7.org/fhir/tools/StructureDefinition/resource-information": [
      "ImplementationGuide.definition.resource"
    ],
    "http://jpfhir.jp/fhir/core/Extension/StructureDefinition/JP_Coverage_InsuredPersonNumber": [
      "Bundle.entry.resource",
      "Bundle.entry.resource.entry.resource",
      "Coverage"
    ],
    "http://jpfhir.jp/fhir/core/Extension/StructureDefinition/JP_Coverage_InsuredPersonSubNumber": [
      "Bundle.entry.resource",
      "Bundle.entry.resource.entry.resource",
      "Coverage"
    ],
    "http://jpfhir.jp/fhir/core/Extension/StructureDefinition/JP_Coverage_InsuredPersonSymbol": [
      "Bundle.entry.resource",
      "Bundle.entry.resource.entry.resource",
      "Coverage"
    ],
    "http://jpfhir.jp/fhir/core/Extension/StructureDefinition/JP_MedicationDispense_Preparation": [
      "MedicationRequest"
    ],
    "http://jpfhir.jp/fhir/core/Extension/StructureDefinition/JP_MedicationRequest_DispenseRequest_ExpectedRepeatCount": [
      "MedicationRequest.dispenseRequest"
    ],
    "http://jpfhir.jp/fhir/core/Extension/StructureDefinition/JP_MedicationRequest_DispenseRequest_InstructionForDispense": [
      "MedicationRequest.dispenseRequest"
    ],
    "http://jpfhir.jp/fhir/core/Extension/StructureDefinition/JP_MedicationRequest_DosageInstruction_Device": [
      "MedicationRequest.dosageInstruction"
    ],
    "http://jpfhir.jp/fhir/core/Extension/StructureDefinition/JP_MedicationRequest_DosageInstruction_Line": [
      "MedicationRequest.dosageInstruction"
    ],
    "http://jpfhir.jp/fhir/core/Extension/StructureDefinition/JP_MedicationRequest_DosageInstruction_PeriodOfUse": [
      "MedicationRequest.dosageInstruction"
    ],
    "http://jpfhir.jp/fhir/core/Extension/StructureDefinition/JP_MedicationRequest_DosageInstruction_UsageDuration": [
      "Bundle.entry.resource.dosageInstruction",
      "Bundle.entry.resource.entry.resource.dosageInstruction",
      "MedicationRequest.dosageInstruction"
    ],
    "http://jpfhir.jp/fhir/core/Extension/StructureDefinition/JP_Organization_InsuranceOrganizationCategory": [
      "Bundle.entry.resource",
      "Bundle.entry.resource.entry.resource",
      "Organization"
    ],
    "http://jpfhir.jp/fhir/core/Extension/StructureDefinition/JP_Organization_InsuranceOrganizationNo": [
      "Bundle.entry.resource",
      "Bundle.entry.resource.entry.resource",
      "Organization"
    ],
    "http://jpfhir.jp/fhir/core/Extension/StructureDefinition/JP_Organization_PrefectureNo": [
      "Bundle.entry.resource",
      "Bundle.entry.resource.entry.resource",
      "Organization"
    ],
    "http://jpfhir.jp/fhir/core/Extension/StructureDefinition/JP_Patient_Race": [
      "Patient"
    ],
    "http://jpfhir.jp/fhir/ePrescription/Extension/StructureDefinition/JP_Communication_CommunicationContent": [
      "Bundle.entry.resource",
      "Bundle.entry.resource.entry.resource",
      "Communication"
    ]
  }
}