{"resourceType":"CodeSystem","id":"jami-codeSystem-ePreSiteCode","text":{"status":"generated","div":"<div xmlns=\"http://www.w3.org/1999/xhtml\"><p>This code system urn:oid:1.2.392.200250.2.2.20.32 defines the following codes:</p><table class=\"codes\"><tr><td style=\"white-space:nowrap\"><b>Code</b></td><td><b>Display</b></td></tr><tr><td style=\"white-space:nowrap\">010<a name=\"jami-codeSystem-ePreSiteCode-010\"> </a></td><td>全身</td></tr><tr><td style=\"white-space:nowrap\">120<a name=\"jami-codeSystem-ePreSiteCode-120\"> </a></td><td>頭皮</td></tr><tr><td style=\"white-space:nowrap\">12L<a name=\"jami-codeSystem-ePreSiteCode-12L\"> </a></td><td>左頭皮</td></tr><tr><td style=\"white-space:nowrap\">12R<a name=\"jami-codeSystem-ePreSiteCode-12R\"> </a></td><td>右頭皮</td></tr><tr><td style=\"white-space:nowrap\">130<a name=\"jami-codeSystem-ePreSiteCode-130\"> </a></td><td>頭部</td></tr><tr><td style=\"white-space:nowrap\">13L<a name=\"jami-codeSystem-ePreSiteCode-13L\"> </a></td><td>左頭部</td></tr><tr><td style=\"white-space:nowrap\">13R<a name=\"jami-codeSystem-ePreSiteCode-13R\"> </a></td><td>右頭部</td></tr><tr><td style=\"white-space:nowrap\">140<a name=\"jami-codeSystem-ePreSiteCode-140\"> </a></td><td>頭頂部</td></tr><tr><td style=\"white-space:nowrap\">150<a name=\"jami-codeSystem-ePreSiteCode-150\"> </a></td><td>後頭部</td></tr><tr><td style=\"white-space:nowrap\">15L<a name=\"jami-codeSystem-ePreSiteCode-15L\"> </a></td><td>左後頭部</td></tr><tr><td style=\"white-space:nowrap\">15R<a name=\"jami-codeSystem-ePreSiteCode-15R\"> </a></td><td>右後頭部</td></tr><tr><td style=\"white-space:nowrap\">210<a name=\"jami-codeSystem-ePreSiteCode-210\"> </a></td><td>ひたい</td></tr><tr><td style=\"white-space:nowrap\">21L<a name=\"jami-codeSystem-ePreSiteCode-21L\"> </a></td><td>左ひたい</td></tr><tr><td style=\"white-space:nowrap\">21R<a name=\"jami-codeSystem-ePreSiteCode-21R\"> </a></td><td>右ひたい</td></tr><tr><td style=\"white-space:nowrap\">220<a name=\"jami-codeSystem-ePreSiteCode-220\"> </a></td><td>顔</td></tr><tr><td style=\"white-space:nowrap\">22B<a name=\"jami-codeSystem-ePreSiteCode-22B\"> </a></td><td>両顔</td></tr><tr><td style=\"white-space:nowrap\">22L<a name=\"jami-codeSystem-ePreSiteCode-22L\"> </a></td><td>左顔</td></tr><tr><td style=\"white-space:nowrap\">22R<a name=\"jami-codeSystem-ePreSiteCode-22R\"> </a></td><td>右顔</td></tr><tr><td style=\"white-space:nowrap\">230<a name=\"jami-codeSystem-ePreSiteCode-230\"> </a></td><td>まゆ</td></tr><tr><td style=\"white-space:nowrap\">23B<a name=\"jami-codeSystem-ePreSiteCode-23B\"> </a></td><td>両まゆ</td></tr><tr><td style=\"white-space:nowrap\">23L<a name=\"jami-codeSystem-ePreSiteCode-23L\"> </a></td><td>左まゆ</td></tr><tr><td style=\"white-space:nowrap\">23R<a name=\"jami-codeSystem-ePreSiteCode-23R\"> </a></td><td>右まゆ</td></tr><tr><td style=\"white-space:nowrap\">240<a name=\"jami-codeSystem-ePreSiteCode-240\"> </a></td><td>まゆのまわり</td></tr><tr><td style=\"white-space:nowrap\">24B<a name=\"jami-codeSystem-ePreSiteCode-24B\"> </a></td><td>両まゆのまわり</td></tr><tr><td style=\"white-space:nowrap\">24L<a name=\"jami-codeSystem-ePreSiteCode-24L\"> </a></td><td>左まゆのまわり</td></tr><tr><td style=\"white-space:nowrap\">24R<a name=\"jami-codeSystem-ePreSiteCode-24R\"> </a></td><td>右まゆのまわり</td></tr><tr><td style=\"white-space:nowrap\">250<a name=\"jami-codeSystem-ePreSiteCode-250\"> </a></td><td>まぶた</td></tr><tr><td style=\"white-space:nowrap\">25B<a name=\"jami-codeSystem-ePreSiteCode-25B\"> </a></td><td>両まぶた</td></tr><tr><td style=\"white-space:nowrap\">25L<a name=\"jami-codeSystem-ePreSiteCode-25L\"> </a></td><td>左まぶた</td></tr><tr><td style=\"white-space:nowrap\">25R<a name=\"jami-codeSystem-ePreSiteCode-25R\"> </a></td><td>右まぶた</td></tr><tr><td style=\"white-space:nowrap\">260<a name=\"jami-codeSystem-ePreSiteCode-260\"> </a></td><td>眼</td></tr><tr><td style=\"white-space:nowrap\">26B<a name=\"jami-codeSystem-ePreSiteCode-26B\"> </a></td><td>両眼</td></tr><tr><td style=\"white-space:nowrap\">26L<a name=\"jami-codeSystem-ePreSiteCode-26L\"> </a></td><td>左眼</td></tr><tr><td style=\"white-space:nowrap\">26R<a name=\"jami-codeSystem-ePreSiteCode-26R\"> </a></td><td>右眼</td></tr><tr><td style=\"white-space:nowrap\">270<a name=\"jami-codeSystem-ePreSiteCode-270\"> </a></td><td>目のまわり</td></tr><tr><td style=\"white-space:nowrap\">27B<a name=\"jami-codeSystem-ePreSiteCode-27B\"> </a></td><td>両目のまわり</td></tr><tr><td style=\"white-space:nowrap\">27L<a name=\"jami-codeSystem-ePreSiteCode-27L\"> </a></td><td>左目のまわり</td></tr><tr><td style=\"white-space:nowrap\">27R<a name=\"jami-codeSystem-ePreSiteCode-27R\"> </a></td><td>右目のまわり</td></tr><tr><td style=\"white-space:nowrap\">310<a name=\"jami-codeSystem-ePreSiteCode-310\"> </a></td><td>頬</td></tr><tr><td style=\"white-space:nowrap\">31B<a name=\"jami-codeSystem-ePreSiteCode-31B\"> </a></td><td>両頬</td></tr><tr><td style=\"white-space:nowrap\">31L<a name=\"jami-codeSystem-ePreSiteCode-31L\"> </a></td><td>左頬</td></tr><tr><td style=\"white-space:nowrap\">31R<a name=\"jami-codeSystem-ePreSiteCode-31R\"> </a></td><td>右頬</td></tr><tr><td style=\"white-space:nowrap\">320<a name=\"jami-codeSystem-ePreSiteCode-320\"> </a></td><td>鼻</td></tr><tr><td style=\"white-space:nowrap\">32L<a name=\"jami-codeSystem-ePreSiteCode-32L\"> </a></td><td>左鼻</td></tr><tr><td style=\"white-space:nowrap\">32R<a name=\"jami-codeSystem-ePreSiteCode-32R\"> </a></td><td>右鼻</td></tr><tr><td style=\"white-space:nowrap\">330<a name=\"jami-codeSystem-ePreSiteCode-330\"> </a></td><td>鼻のまわり</td></tr><tr><td style=\"white-space:nowrap\">33L<a name=\"jami-codeSystem-ePreSiteCode-33L\"> </a></td><td>左鼻のまわり</td></tr><tr><td style=\"white-space:nowrap\">33R<a name=\"jami-codeSystem-ePreSiteCode-33R\"> </a></td><td>右鼻のまわり</td></tr><tr><td style=\"white-space:nowrap\">340<a name=\"jami-codeSystem-ePreSiteCode-340\"> </a></td><td>鼻の下</td></tr><tr><td style=\"white-space:nowrap\">34L<a name=\"jami-codeSystem-ePreSiteCode-34L\"> </a></td><td>左鼻の下</td></tr><tr><td style=\"white-space:nowrap\">34R<a name=\"jami-codeSystem-ePreSiteCode-34R\"> </a></td><td>右鼻の下</td></tr><tr><td style=\"white-space:nowrap\">350<a name=\"jami-codeSystem-ePreSiteCode-350\"> </a></td><td>鼻腔内</td></tr><tr><td style=\"white-space:nowrap\">35B<a name=\"jami-codeSystem-ePreSiteCode-35B\"> </a></td><td>両鼻腔内</td></tr><tr><td style=\"white-space:nowrap\">35L<a name=\"jami-codeSystem-ePreSiteCode-35L\"> </a></td><td>左鼻腔内</td></tr><tr><td style=\"white-space:nowrap\">35R<a name=\"jami-codeSystem-ePreSiteCode-35R\"> </a></td><td>右鼻腔内</td></tr><tr><td style=\"white-space:nowrap\">420<a name=\"jami-codeSystem-ePreSiteCode-420\"> </a></td><td>耳</td></tr><tr><td style=\"white-space:nowrap\">42B<a name=\"jami-codeSystem-ePreSiteCode-42B\"> </a></td><td>両耳</td></tr><tr><td style=\"white-space:nowrap\">42L<a name=\"jami-codeSystem-ePreSiteCode-42L\"> </a></td><td>左耳</td></tr><tr><td style=\"white-space:nowrap\">42R<a name=\"jami-codeSystem-ePreSiteCode-42R\"> </a></td><td>右耳</td></tr><tr><td style=\"white-space:nowrap\">430<a name=\"jami-codeSystem-ePreSiteCode-430\"> </a></td><td>耳たぶ</td></tr><tr><td style=\"white-space:nowrap\">43B<a name=\"jami-codeSystem-ePreSiteCode-43B\"> </a></td><td>両耳たぶ</td></tr><tr><td style=\"white-space:nowrap\">43L<a name=\"jami-codeSystem-ePreSiteCode-43L\"> </a></td><td>左耳たぶ</td></tr><tr><td style=\"white-space:nowrap\">43R<a name=\"jami-codeSystem-ePreSiteCode-43R\"> </a></td><td>右耳たぶ</td></tr><tr><td style=\"white-space:nowrap\">440<a name=\"jami-codeSystem-ePreSiteCode-440\"> </a></td><td>耳のうしろ</td></tr><tr><td style=\"white-space:nowrap\">44B<a name=\"jami-codeSystem-ePreSiteCode-44B\"> </a></td><td>両耳のうしろ</td></tr><tr><td style=\"white-space:nowrap\">44L<a name=\"jami-codeSystem-ePreSiteCode-44L\"> </a></td><td>左耳のうしろ</td></tr><tr><td style=\"white-space:nowrap\">44R<a name=\"jami-codeSystem-ePreSiteCode-44R\"> </a></td><td>右耳のうしろ</td></tr><tr><td style=\"white-space:nowrap\">450<a name=\"jami-codeSystem-ePreSiteCode-450\"> </a></td><td>耳のまわり</td></tr><tr><td style=\"white-space:nowrap\">45B<a name=\"jami-codeSystem-ePreSiteCode-45B\"> </a></td><td>両耳のまわり</td></tr><tr><td style=\"white-space:nowrap\">45L<a name=\"jami-codeSystem-ePreSiteCode-45L\"> </a></td><td>左耳のまわり</td></tr><tr><td style=\"white-space:nowrap\">45R<a name=\"jami-codeSystem-ePreSiteCode-45R\"> </a></td><td>右耳のまわり</td></tr><tr><td style=\"white-space:nowrap\">460<a name=\"jami-codeSystem-ePreSiteCode-460\"> </a></td><td>耳の中</td></tr><tr><td style=\"white-space:nowrap\">46B<a name=\"jami-codeSystem-ePreSiteCode-46B\"> </a></td><td>両耳の中</td></tr><tr><td style=\"white-space:nowrap\">46L<a name=\"jami-codeSystem-ePreSiteCode-46L\"> </a></td><td>左耳の中</td></tr><tr><td style=\"white-space:nowrap\">46R<a name=\"jami-codeSystem-ePreSiteCode-46R\"> </a></td><td>右耳の中</td></tr><tr><td style=\"white-space:nowrap\">520<a name=\"jami-codeSystem-ePreSiteCode-520\"> </a></td><td>口</td></tr><tr><td style=\"white-space:nowrap\">530<a name=\"jami-codeSystem-ePreSiteCode-530\"> </a></td><td>口のまわり</td></tr><tr><td style=\"white-space:nowrap\">540<a name=\"jami-codeSystem-ePreSiteCode-540\"> </a></td><td>口唇</td></tr><tr><td style=\"white-space:nowrap\">550<a name=\"jami-codeSystem-ePreSiteCode-550\"> </a></td><td>口腔内</td></tr><tr><td style=\"white-space:nowrap\">55L<a name=\"jami-codeSystem-ePreSiteCode-55L\"> </a></td><td>左口腔内</td></tr><tr><td style=\"white-space:nowrap\">55R<a name=\"jami-codeSystem-ePreSiteCode-55R\"> </a></td><td>右口腔内</td></tr><tr><td style=\"white-space:nowrap\">560<a name=\"jami-codeSystem-ePreSiteCode-560\"> </a></td><td>口腔内ほほの内側</td></tr><tr><td style=\"white-space:nowrap\">56B<a name=\"jami-codeSystem-ePreSiteCode-56B\"> </a></td><td>両口腔内ほほの内側</td></tr><tr><td style=\"white-space:nowrap\">56L<a name=\"jami-codeSystem-ePreSiteCode-56L\"> </a></td><td>左口腔内ほほの内側</td></tr><tr><td style=\"white-space:nowrap\">56R<a name=\"jami-codeSystem-ePreSiteCode-56R\"> </a></td><td>右口腔内ほほの内側</td></tr><tr><td style=\"white-space:nowrap\">570<a name=\"jami-codeSystem-ePreSiteCode-570\"> </a></td><td>口腔内上あご部</td></tr><tr><td style=\"white-space:nowrap\">57B<a name=\"jami-codeSystem-ePreSiteCode-57B\"> </a></td><td>両口腔内上あご部</td></tr><tr><td style=\"white-space:nowrap\">57L<a name=\"jami-codeSystem-ePreSiteCode-57L\"> </a></td><td>左口腔内上あご部</td></tr><tr><td style=\"white-space:nowrap\">57R<a name=\"jami-codeSystem-ePreSiteCode-57R\"> </a></td><td>右口腔内上あご部</td></tr><tr><td style=\"white-space:nowrap\">580<a name=\"jami-codeSystem-ePreSiteCode-580\"> </a></td><td>上歯茎部</td></tr><tr><td style=\"white-space:nowrap\">58B<a name=\"jami-codeSystem-ePreSiteCode-58B\"> </a></td><td>両上歯茎部</td></tr><tr><td style=\"white-space:nowrap\">58L<a name=\"jami-codeSystem-ePreSiteCode-58L\"> </a></td><td>左上歯茎部</td></tr><tr><td style=\"white-space:nowrap\">58R<a name=\"jami-codeSystem-ePreSiteCode-58R\"> </a></td><td>右上歯茎部</td></tr><tr><td style=\"white-space:nowrap\">590<a name=\"jami-codeSystem-ePreSiteCode-590\"> </a></td><td>下歯茎部</td></tr><tr><td style=\"white-space:nowrap\">59B<a name=\"jami-codeSystem-ePreSiteCode-59B\"> </a></td><td>両下歯茎部</td></tr><tr><td style=\"white-space:nowrap\">59L<a name=\"jami-codeSystem-ePreSiteCode-59L\"> </a></td><td>左下歯茎部</td></tr><tr><td style=\"white-space:nowrap\">59R<a name=\"jami-codeSystem-ePreSiteCode-59R\"> </a></td><td>右下歯茎部</td></tr><tr><td style=\"white-space:nowrap\">5A0<a name=\"jami-codeSystem-ePreSiteCode-5A0\"> </a></td><td>舌</td></tr><tr><td style=\"white-space:nowrap\">5AL<a name=\"jami-codeSystem-ePreSiteCode-5AL\"> </a></td><td>左舌</td></tr><tr><td style=\"white-space:nowrap\">5AR<a name=\"jami-codeSystem-ePreSiteCode-5AR\"> </a></td><td>右舌</td></tr><tr><td style=\"white-space:nowrap\">5B0<a name=\"jami-codeSystem-ePreSiteCode-5B0\"> </a></td><td>舌の裏側</td></tr><tr><td style=\"white-space:nowrap\">5BL<a name=\"jami-codeSystem-ePreSiteCode-5BL\"> </a></td><td>左舌の裏側</td></tr><tr><td style=\"white-space:nowrap\">5BR<a name=\"jami-codeSystem-ePreSiteCode-5BR\"> </a></td><td>右舌の裏側</td></tr><tr><td style=\"white-space:nowrap\">610<a name=\"jami-codeSystem-ePreSiteCode-610\"> </a></td><td>喉の奥</td></tr><tr><td style=\"white-space:nowrap\">61L<a name=\"jami-codeSystem-ePreSiteCode-61L\"> </a></td><td>左喉の奥</td></tr><tr><td style=\"white-space:nowrap\">61R<a name=\"jami-codeSystem-ePreSiteCode-61R\"> </a></td><td>右喉の奥</td></tr><tr><td style=\"white-space:nowrap\">620<a name=\"jami-codeSystem-ePreSiteCode-620\"> </a></td><td>扁桃腺部</td></tr><tr><td style=\"white-space:nowrap\">62B<a name=\"jami-codeSystem-ePreSiteCode-62B\"> </a></td><td>両扁桃腺部</td></tr><tr><td style=\"white-space:nowrap\">62L<a name=\"jami-codeSystem-ePreSiteCode-62L\"> </a></td><td>左扁桃腺部</td></tr><tr><td style=\"white-space:nowrap\">62R<a name=\"jami-codeSystem-ePreSiteCode-62R\"> </a></td><td>右扁桃腺部</td></tr><tr><td style=\"white-space:nowrap\">630<a name=\"jami-codeSystem-ePreSiteCode-630\"> </a></td><td>下あご</td></tr><tr><td style=\"white-space:nowrap\">63L<a name=\"jami-codeSystem-ePreSiteCode-63L\"> </a></td><td>左下あご</td></tr><tr><td style=\"white-space:nowrap\">63R<a name=\"jami-codeSystem-ePreSiteCode-63R\"> </a></td><td>右下あご</td></tr><tr><td style=\"white-space:nowrap\">640<a name=\"jami-codeSystem-ePreSiteCode-640\"> </a></td><td>首</td></tr><tr><td style=\"white-space:nowrap\">64B<a name=\"jami-codeSystem-ePreSiteCode-64B\"> </a></td><td>両首</td></tr><tr><td style=\"white-space:nowrap\">64L<a name=\"jami-codeSystem-ePreSiteCode-64L\"> </a></td><td>左首</td></tr><tr><td style=\"white-space:nowrap\">64R<a name=\"jami-codeSystem-ePreSiteCode-64R\"> </a></td><td>右首</td></tr><tr><td style=\"white-space:nowrap\">650<a name=\"jami-codeSystem-ePreSiteCode-650\"> </a></td><td>うなじ</td></tr><tr><td style=\"white-space:nowrap\">65L<a name=\"jami-codeSystem-ePreSiteCode-65L\"> </a></td><td>左うなじ</td></tr><tr><td style=\"white-space:nowrap\">65R<a name=\"jami-codeSystem-ePreSiteCode-65R\"> </a></td><td>右うなじ</td></tr><tr><td style=\"white-space:nowrap\">710<a name=\"jami-codeSystem-ePreSiteCode-710\"> </a></td><td>肩</td></tr><tr><td style=\"white-space:nowrap\">71B<a name=\"jami-codeSystem-ePreSiteCode-71B\"> </a></td><td>両肩</td></tr><tr><td style=\"white-space:nowrap\">71L<a name=\"jami-codeSystem-ePreSiteCode-71L\"> </a></td><td>左肩</td></tr><tr><td style=\"white-space:nowrap\">71R<a name=\"jami-codeSystem-ePreSiteCode-71R\"> </a></td><td>右肩</td></tr><tr><td style=\"white-space:nowrap\">720<a name=\"jami-codeSystem-ePreSiteCode-720\"> </a></td><td>上肢</td></tr><tr><td style=\"white-space:nowrap\">72B<a name=\"jami-codeSystem-ePreSiteCode-72B\"> </a></td><td>両上肢</td></tr><tr><td style=\"white-space:nowrap\">72L<a name=\"jami-codeSystem-ePreSiteCode-72L\"> </a></td><td>左上肢</td></tr><tr><td style=\"white-space:nowrap\">72R<a name=\"jami-codeSystem-ePreSiteCode-72R\"> </a></td><td>右上肢</td></tr><tr><td style=\"white-space:nowrap\">730<a name=\"jami-codeSystem-ePreSiteCode-730\"> </a></td><td>腕</td></tr><tr><td style=\"white-space:nowrap\">73B<a name=\"jami-codeSystem-ePreSiteCode-73B\"> </a></td><td>両腕</td></tr><tr><td style=\"white-space:nowrap\">73L<a name=\"jami-codeSystem-ePreSiteCode-73L\"> </a></td><td>左腕</td></tr><tr><td style=\"white-space:nowrap\">73R<a name=\"jami-codeSystem-ePreSiteCode-73R\"> </a></td><td>右腕</td></tr><tr><td style=\"white-space:nowrap\">740<a name=\"jami-codeSystem-ePreSiteCode-740\"> </a></td><td>上腕</td></tr><tr><td style=\"white-space:nowrap\">74B<a name=\"jami-codeSystem-ePreSiteCode-74B\"> </a></td><td>両上腕</td></tr><tr><td style=\"white-space:nowrap\">74L<a name=\"jami-codeSystem-ePreSiteCode-74L\"> </a></td><td>左上腕</td></tr><tr><td style=\"white-space:nowrap\">74R<a name=\"jami-codeSystem-ePreSiteCode-74R\"> </a></td><td>右上腕</td></tr><tr><td style=\"white-space:nowrap\">750<a name=\"jami-codeSystem-ePreSiteCode-750\"> </a></td><td>前腕</td></tr><tr><td style=\"white-space:nowrap\">75B<a name=\"jami-codeSystem-ePreSiteCode-75B\"> </a></td><td>両前腕</td></tr><tr><td style=\"white-space:nowrap\">75L<a name=\"jami-codeSystem-ePreSiteCode-75L\"> </a></td><td>左前腕</td></tr><tr><td style=\"white-space:nowrap\">75R<a name=\"jami-codeSystem-ePreSiteCode-75R\"> </a></td><td>右前腕</td></tr><tr><td style=\"white-space:nowrap\">760<a name=\"jami-codeSystem-ePreSiteCode-760\"> </a></td><td>ひじ</td></tr><tr><td style=\"white-space:nowrap\">76B<a name=\"jami-codeSystem-ePreSiteCode-76B\"> </a></td><td>両ひじ</td></tr><tr><td style=\"white-space:nowrap\">76L<a name=\"jami-codeSystem-ePreSiteCode-76L\"> </a></td><td>左ひじ</td></tr><tr><td style=\"white-space:nowrap\">76R<a name=\"jami-codeSystem-ePreSiteCode-76R\"> </a></td><td>右ひじ</td></tr><tr><td style=\"white-space:nowrap\">770<a name=\"jami-codeSystem-ePreSiteCode-770\"> </a></td><td>手</td></tr><tr><td style=\"white-space:nowrap\">77B<a name=\"jami-codeSystem-ePreSiteCode-77B\"> </a></td><td>両手</td></tr><tr><td style=\"white-space:nowrap\">77L<a name=\"jami-codeSystem-ePreSiteCode-77L\"> </a></td><td>左手</td></tr><tr><td style=\"white-space:nowrap\">77R<a name=\"jami-codeSystem-ePreSiteCode-77R\"> </a></td><td>右手</td></tr><tr><td style=\"white-space:nowrap\">780<a name=\"jami-codeSystem-ePreSiteCode-780\"> </a></td><td>手の甲</td></tr><tr><td style=\"white-space:nowrap\">78B<a name=\"jami-codeSystem-ePreSiteCode-78B\"> </a></td><td>両手の甲</td></tr><tr><td style=\"white-space:nowrap\">78L<a name=\"jami-codeSystem-ePreSiteCode-78L\"> </a></td><td>左手の甲</td></tr><tr><td style=\"white-space:nowrap\">78R<a name=\"jami-codeSystem-ePreSiteCode-78R\"> </a></td><td>右手の甲</td></tr><tr><td style=\"white-space:nowrap\">790<a name=\"jami-codeSystem-ePreSiteCode-790\"> </a></td><td>手のひら</td></tr><tr><td style=\"white-space:nowrap\">79B<a name=\"jami-codeSystem-ePreSiteCode-79B\"> </a></td><td>両手のひら</td></tr><tr><td style=\"white-space:nowrap\">79L<a name=\"jami-codeSystem-ePreSiteCode-79L\"> </a></td><td>左手のひら</td></tr><tr><td style=\"white-space:nowrap\">79R<a name=\"jami-codeSystem-ePreSiteCode-79R\"> </a></td><td>右手のひら</td></tr><tr><td style=\"white-space:nowrap\">7A0<a name=\"jami-codeSystem-ePreSiteCode-7A0\"> </a></td><td>手の指</td></tr><tr><td style=\"white-space:nowrap\">7AB<a name=\"jami-codeSystem-ePreSiteCode-7AB\"> </a></td><td>両手の指</td></tr><tr><td style=\"white-space:nowrap\">7AL<a name=\"jami-codeSystem-ePreSiteCode-7AL\"> </a></td><td>左手の指</td></tr><tr><td style=\"white-space:nowrap\">7AR<a name=\"jami-codeSystem-ePreSiteCode-7AR\"> </a></td><td>右手の指</td></tr><tr><td style=\"white-space:nowrap\">7B0<a name=\"jami-codeSystem-ePreSiteCode-7B0\"> </a></td><td>手の指の間</td></tr><tr><td style=\"white-space:nowrap\">7BB<a name=\"jami-codeSystem-ePreSiteCode-7BB\"> </a></td><td>両手の指の間</td></tr><tr><td style=\"white-space:nowrap\">7BL<a name=\"jami-codeSystem-ePreSiteCode-7BL\"> </a></td><td>左手の指の間</td></tr><tr><td style=\"white-space:nowrap\">7BR<a name=\"jami-codeSystem-ePreSiteCode-7BR\"> </a></td><td>右手の指の間</td></tr><tr><td style=\"white-space:nowrap\">7C0<a name=\"jami-codeSystem-ePreSiteCode-7C0\"> </a></td><td>手の爪</td></tr><tr><td style=\"white-space:nowrap\">7CB<a name=\"jami-codeSystem-ePreSiteCode-7CB\"> </a></td><td>両手の爪</td></tr><tr><td style=\"white-space:nowrap\">7CL<a name=\"jami-codeSystem-ePreSiteCode-7CL\"> </a></td><td>左手の爪</td></tr><tr><td style=\"white-space:nowrap\">7CR<a name=\"jami-codeSystem-ePreSiteCode-7CR\"> </a></td><td>右手の爪</td></tr><tr><td style=\"white-space:nowrap\">7D0<a name=\"jami-codeSystem-ePreSiteCode-7D0\"> </a></td><td>手足</td></tr><tr><td style=\"white-space:nowrap\">7DB<a name=\"jami-codeSystem-ePreSiteCode-7DB\"> </a></td><td>両手足</td></tr><tr><td style=\"white-space:nowrap\">7DL<a name=\"jami-codeSystem-ePreSiteCode-7DL\"> </a></td><td>左手足</td></tr><tr><td style=\"white-space:nowrap\">7DR<a name=\"jami-codeSystem-ePreSiteCode-7DR\"> </a></td><td>右手足</td></tr><tr><td style=\"white-space:nowrap\">810<a name=\"jami-codeSystem-ePreSiteCode-810\"> </a></td><td>体幹部</td></tr><tr><td style=\"white-space:nowrap\">81L<a name=\"jami-codeSystem-ePreSiteCode-81L\"> </a></td><td>左体幹部</td></tr><tr><td style=\"white-space:nowrap\">81R<a name=\"jami-codeSystem-ePreSiteCode-81R\"> </a></td><td>右体幹部</td></tr><tr><td style=\"white-space:nowrap\">820<a name=\"jami-codeSystem-ePreSiteCode-820\"> </a></td><td>背中</td></tr><tr><td style=\"white-space:nowrap\">82L<a name=\"jami-codeSystem-ePreSiteCode-82L\"> </a></td><td>左背中</td></tr><tr><td style=\"white-space:nowrap\">82R<a name=\"jami-codeSystem-ePreSiteCode-82R\"> </a></td><td>右背中</td></tr><tr><td style=\"white-space:nowrap\">830<a name=\"jami-codeSystem-ePreSiteCode-830\"> </a></td><td>上背部</td></tr><tr><td style=\"white-space:nowrap\">83L<a name=\"jami-codeSystem-ePreSiteCode-83L\"> </a></td><td>左上背部</td></tr><tr><td style=\"white-space:nowrap\">83R<a name=\"jami-codeSystem-ePreSiteCode-83R\"> </a></td><td>右上背部</td></tr><tr><td style=\"white-space:nowrap\">840<a name=\"jami-codeSystem-ePreSiteCode-840\"> </a></td><td>脇の下</td></tr><tr><td style=\"white-space:nowrap\">84B<a name=\"jami-codeSystem-ePreSiteCode-84B\"> </a></td><td>両脇の下</td></tr><tr><td style=\"white-space:nowrap\">84L<a name=\"jami-codeSystem-ePreSiteCode-84L\"> </a></td><td>左脇の下</td></tr><tr><td style=\"white-space:nowrap\">84R<a name=\"jami-codeSystem-ePreSiteCode-84R\"> </a></td><td>右脇の下</td></tr><tr><td style=\"white-space:nowrap\">850<a name=\"jami-codeSystem-ePreSiteCode-850\"> </a></td><td>全胸部</td></tr><tr><td style=\"white-space:nowrap\">85L<a name=\"jami-codeSystem-ePreSiteCode-85L\"> </a></td><td>左胸部</td></tr><tr><td style=\"white-space:nowrap\">85R<a name=\"jami-codeSystem-ePreSiteCode-85R\"> </a></td><td>右胸部</td></tr><tr><td style=\"white-space:nowrap\">860<a name=\"jami-codeSystem-ePreSiteCode-860\"> </a></td><td>乳房</td></tr><tr><td style=\"white-space:nowrap\">86B<a name=\"jami-codeSystem-ePreSiteCode-86B\"> </a></td><td>両乳房</td></tr><tr><td style=\"white-space:nowrap\">86L<a name=\"jami-codeSystem-ePreSiteCode-86L\"> </a></td><td>左乳房</td></tr><tr><td style=\"white-space:nowrap\">86R<a name=\"jami-codeSystem-ePreSiteCode-86R\"> </a></td><td>右乳房</td></tr><tr><td style=\"white-space:nowrap\">870<a name=\"jami-codeSystem-ePreSiteCode-870\"> </a></td><td>乳房まわり</td></tr><tr><td style=\"white-space:nowrap\">87B<a name=\"jami-codeSystem-ePreSiteCode-87B\"> </a></td><td>両乳房まわり</td></tr><tr><td style=\"white-space:nowrap\">87L<a name=\"jami-codeSystem-ePreSiteCode-87L\"> </a></td><td>左乳房まわり</td></tr><tr><td style=\"white-space:nowrap\">87R<a name=\"jami-codeSystem-ePreSiteCode-87R\"> </a></td><td>右乳房まわり</td></tr><tr><td style=\"white-space:nowrap\">880<a name=\"jami-codeSystem-ePreSiteCode-880\"> </a></td><td>乳首</td></tr><tr><td style=\"white-space:nowrap\">88B<a name=\"jami-codeSystem-ePreSiteCode-88B\"> </a></td><td>両乳首</td></tr><tr><td style=\"white-space:nowrap\">88L<a name=\"jami-codeSystem-ePreSiteCode-88L\"> </a></td><td>左乳首</td></tr><tr><td style=\"white-space:nowrap\">88R<a name=\"jami-codeSystem-ePreSiteCode-88R\"> </a></td><td>右乳首</td></tr><tr><td style=\"white-space:nowrap\">890<a name=\"jami-codeSystem-ePreSiteCode-890\"> </a></td><td>上腹部</td></tr><tr><td style=\"white-space:nowrap\">89L<a name=\"jami-codeSystem-ePreSiteCode-89L\"> </a></td><td>左上腹部</td></tr><tr><td style=\"white-space:nowrap\">89R<a name=\"jami-codeSystem-ePreSiteCode-89R\"> </a></td><td>右上腹部</td></tr><tr><td style=\"white-space:nowrap\">8A0<a name=\"jami-codeSystem-ePreSiteCode-8A0\"> </a></td><td>下腹部</td></tr><tr><td style=\"white-space:nowrap\">8AL<a name=\"jami-codeSystem-ePreSiteCode-8AL\"> </a></td><td>左下腹部</td></tr><tr><td style=\"white-space:nowrap\">8AR<a name=\"jami-codeSystem-ePreSiteCode-8AR\"> </a></td><td>右下腹部</td></tr><tr><td style=\"white-space:nowrap\">8B0<a name=\"jami-codeSystem-ePreSiteCode-8B0\"> </a></td><td>へそ</td></tr><tr><td style=\"white-space:nowrap\">8C0<a name=\"jami-codeSystem-ePreSiteCode-8C0\"> </a></td><td>へそのまわり</td></tr><tr><td style=\"white-space:nowrap\">8D0<a name=\"jami-codeSystem-ePreSiteCode-8D0\"> </a></td><td>臀部</td></tr><tr><td style=\"white-space:nowrap\">8DB<a name=\"jami-codeSystem-ePreSiteCode-8DB\"> </a></td><td>両臀部</td></tr><tr><td style=\"white-space:nowrap\">8DL<a name=\"jami-codeSystem-ePreSiteCode-8DL\"> </a></td><td>左臀部</td></tr><tr><td style=\"white-space:nowrap\">8DR<a name=\"jami-codeSystem-ePreSiteCode-8DR\"> </a></td><td>右臀部</td></tr><tr><td style=\"white-space:nowrap\">8E0<a name=\"jami-codeSystem-ePreSiteCode-8E0\"> </a></td><td>陰のう</td></tr><tr><td style=\"white-space:nowrap\">8EB<a name=\"jami-codeSystem-ePreSiteCode-8EB\"> </a></td><td>両陰のう</td></tr><tr><td style=\"white-space:nowrap\">8EL<a name=\"jami-codeSystem-ePreSiteCode-8EL\"> </a></td><td>左陰のう</td></tr><tr><td style=\"white-space:nowrap\">8ER<a name=\"jami-codeSystem-ePreSiteCode-8ER\"> </a></td><td>右陰のう</td></tr><tr><td style=\"white-space:nowrap\">8F0<a name=\"jami-codeSystem-ePreSiteCode-8F0\"> </a></td><td>陰部</td></tr><tr><td style=\"white-space:nowrap\">8FL<a name=\"jami-codeSystem-ePreSiteCode-8FL\"> </a></td><td>左陰部</td></tr><tr><td style=\"white-space:nowrap\">8FR<a name=\"jami-codeSystem-ePreSiteCode-8FR\"> </a></td><td>右陰部</td></tr><tr><td style=\"white-space:nowrap\">8G0<a name=\"jami-codeSystem-ePreSiteCode-8G0\"> </a></td><td>股間部</td></tr><tr><td style=\"white-space:nowrap\">8GL<a name=\"jami-codeSystem-ePreSiteCode-8GL\"> </a></td><td>左股間部</td></tr><tr><td style=\"white-space:nowrap\">8GR<a name=\"jami-codeSystem-ePreSiteCode-8GR\"> </a></td><td>右股間部</td></tr><tr><td style=\"white-space:nowrap\">8H0<a name=\"jami-codeSystem-ePreSiteCode-8H0\"> </a></td><td>肛門部</td></tr><tr><td style=\"white-space:nowrap\">8J0<a name=\"jami-codeSystem-ePreSiteCode-8J0\"> </a></td><td>肛門周囲</td></tr><tr><td style=\"white-space:nowrap\">910<a name=\"jami-codeSystem-ePreSiteCode-910\"> </a></td><td>下肢</td></tr><tr><td style=\"white-space:nowrap\">91B<a name=\"jami-codeSystem-ePreSiteCode-91B\"> </a></td><td>両下肢</td></tr><tr><td style=\"white-space:nowrap\">91L<a name=\"jami-codeSystem-ePreSiteCode-91L\"> </a></td><td>左下肢</td></tr><tr><td style=\"white-space:nowrap\">91R<a name=\"jami-codeSystem-ePreSiteCode-91R\"> </a></td><td>右下肢</td></tr><tr><td style=\"white-space:nowrap\">920<a name=\"jami-codeSystem-ePreSiteCode-920\"> </a></td><td>ふともも</td></tr><tr><td style=\"white-space:nowrap\">92B<a name=\"jami-codeSystem-ePreSiteCode-92B\"> </a></td><td>両ふともも</td></tr><tr><td style=\"white-space:nowrap\">92L<a name=\"jami-codeSystem-ePreSiteCode-92L\"> </a></td><td>左ふともも</td></tr><tr><td style=\"white-space:nowrap\">92R<a name=\"jami-codeSystem-ePreSiteCode-92R\"> </a></td><td>右ふともも</td></tr><tr><td style=\"white-space:nowrap\">930<a name=\"jami-codeSystem-ePreSiteCode-930\"> </a></td><td>ふともも後ろ</td></tr><tr><td style=\"white-space:nowrap\">93B<a name=\"jami-codeSystem-ePreSiteCode-93B\"> </a></td><td>両ふともも後ろ</td></tr><tr><td style=\"white-space:nowrap\">93L<a name=\"jami-codeSystem-ePreSiteCode-93L\"> </a></td><td>左ふともも後ろ</td></tr><tr><td style=\"white-space:nowrap\">93R<a name=\"jami-codeSystem-ePreSiteCode-93R\"> </a></td><td>右ふともも後ろ</td></tr><tr><td style=\"white-space:nowrap\">940<a name=\"jami-codeSystem-ePreSiteCode-940\"> </a></td><td>ふとももとすね</td></tr><tr><td style=\"white-space:nowrap\">94B<a name=\"jami-codeSystem-ePreSiteCode-94B\"> </a></td><td>両ふとももとすね</td></tr><tr><td style=\"white-space:nowrap\">94L<a name=\"jami-codeSystem-ePreSiteCode-94L\"> </a></td><td>左ふとももとすね</td></tr><tr><td style=\"white-space:nowrap\">94R<a name=\"jami-codeSystem-ePreSiteCode-94R\"> </a></td><td>右ふとももとすね</td></tr><tr><td style=\"white-space:nowrap\">950<a name=\"jami-codeSystem-ePreSiteCode-950\"> </a></td><td>膝</td></tr><tr><td style=\"white-space:nowrap\">95B<a name=\"jami-codeSystem-ePreSiteCode-95B\"> </a></td><td>両膝</td></tr><tr><td style=\"white-space:nowrap\">95L<a name=\"jami-codeSystem-ePreSiteCode-95L\"> </a></td><td>左膝</td></tr><tr><td style=\"white-space:nowrap\">95R<a name=\"jami-codeSystem-ePreSiteCode-95R\"> </a></td><td>右膝</td></tr><tr><td style=\"white-space:nowrap\">960<a name=\"jami-codeSystem-ePreSiteCode-960\"> </a></td><td>膝のうら</td></tr><tr><td style=\"white-space:nowrap\">96B<a name=\"jami-codeSystem-ePreSiteCode-96B\"> </a></td><td>両膝のうら</td></tr><tr><td style=\"white-space:nowrap\">96L<a name=\"jami-codeSystem-ePreSiteCode-96L\"> </a></td><td>左膝のうら</td></tr><tr><td style=\"white-space:nowrap\">96R<a name=\"jami-codeSystem-ePreSiteCode-96R\"> </a></td><td>右膝のうら</td></tr><tr><td style=\"white-space:nowrap\">970<a name=\"jami-codeSystem-ePreSiteCode-970\"> </a></td><td>すね</td></tr><tr><td style=\"white-space:nowrap\">97B<a name=\"jami-codeSystem-ePreSiteCode-97B\"> </a></td><td>両すね</td></tr><tr><td style=\"white-space:nowrap\">97L<a name=\"jami-codeSystem-ePreSiteCode-97L\"> </a></td><td>左すね</td></tr><tr><td style=\"white-space:nowrap\">97R<a name=\"jami-codeSystem-ePreSiteCode-97R\"> </a></td><td>右すね</td></tr><tr><td style=\"white-space:nowrap\">980<a name=\"jami-codeSystem-ePreSiteCode-980\"> </a></td><td>ふくらはぎ</td></tr><tr><td style=\"white-space:nowrap\">98B<a name=\"jami-codeSystem-ePreSiteCode-98B\"> </a></td><td>両ふくらはぎ</td></tr><tr><td style=\"white-space:nowrap\">98L<a name=\"jami-codeSystem-ePreSiteCode-98L\"> </a></td><td>左ふくらはぎ</td></tr><tr><td style=\"white-space:nowrap\">98R<a name=\"jami-codeSystem-ePreSiteCode-98R\"> </a></td><td>右ふくらはぎ</td></tr><tr><td style=\"white-space:nowrap\">990<a name=\"jami-codeSystem-ePreSiteCode-990\"> </a></td><td>くるぶし</td></tr><tr><td style=\"white-space:nowrap\">99B<a name=\"jami-codeSystem-ePreSiteCode-99B\"> </a></td><td>両くるぶし</td></tr><tr><td style=\"white-space:nowrap\">99L<a name=\"jami-codeSystem-ePreSiteCode-99L\"> </a></td><td>左くるぶし</td></tr><tr><td style=\"white-space:nowrap\">99R<a name=\"jami-codeSystem-ePreSiteCode-99R\"> </a></td><td>右くるぶし</td></tr><tr><td style=\"white-space:nowrap\">9A0<a name=\"jami-codeSystem-ePreSiteCode-9A0\"> </a></td><td>かかと</td></tr><tr><td style=\"white-space:nowrap\">9AB<a name=\"jami-codeSystem-ePreSiteCode-9AB\"> </a></td><td>両かかと</td></tr><tr><td style=\"white-space:nowrap\">9AL<a name=\"jami-codeSystem-ePreSiteCode-9AL\"> </a></td><td>左かかと</td></tr><tr><td style=\"white-space:nowrap\">9AR<a name=\"jami-codeSystem-ePreSiteCode-9AR\"> </a></td><td>右かかと</td></tr><tr><td style=\"white-space:nowrap\">9B0<a name=\"jami-codeSystem-ePreSiteCode-9B0\"> </a></td><td>足</td></tr><tr><td style=\"white-space:nowrap\">9BB<a name=\"jami-codeSystem-ePreSiteCode-9BB\"> </a></td><td>両足</td></tr><tr><td style=\"white-space:nowrap\">9BL<a name=\"jami-codeSystem-ePreSiteCode-9BL\"> </a></td><td>左足</td></tr><tr><td style=\"white-space:nowrap\">9BR<a name=\"jami-codeSystem-ePreSiteCode-9BR\"> </a></td><td>右足</td></tr><tr><td style=\"white-space:nowrap\">9C0<a name=\"jami-codeSystem-ePreSiteCode-9C0\"> </a></td><td>足の裏</td></tr><tr><td style=\"white-space:nowrap\">9CB<a name=\"jami-codeSystem-ePreSiteCode-9CB\"> </a></td><td>両足の裏</td></tr><tr><td style=\"white-space:nowrap\">9CL<a name=\"jami-codeSystem-ePreSiteCode-9CL\"> </a></td><td>左足の裏</td></tr><tr><td style=\"white-space:nowrap\">9CR<a name=\"jami-codeSystem-ePreSiteCode-9CR\"> </a></td><td>右足の裏</td></tr><tr><td style=\"white-space:nowrap\">9D0<a name=\"jami-codeSystem-ePreSiteCode-9D0\"> </a></td><td>足の甲</td></tr><tr><td style=\"white-space:nowrap\">9DB<a name=\"jami-codeSystem-ePreSiteCode-9DB\"> </a></td><td>両足の甲</td></tr><tr><td style=\"white-space:nowrap\">9DL<a name=\"jami-codeSystem-ePreSiteCode-9DL\"> </a></td><td>左足の甲</td></tr><tr><td style=\"white-space:nowrap\">9DR<a name=\"jami-codeSystem-ePreSiteCode-9DR\"> </a></td><td>右足の甲</td></tr><tr><td style=\"white-space:nowrap\">9E0<a name=\"jami-codeSystem-ePreSiteCode-9E0\"> </a></td><td>足のゆび</td></tr><tr><td style=\"white-space:nowrap\">9EB<a name=\"jami-codeSystem-ePreSiteCode-9EB\"> </a></td><td>両足のゆび</td></tr><tr><td style=\"white-space:nowrap\">9EL<a name=\"jami-codeSystem-ePreSiteCode-9EL\"> </a></td><td>左足のゆび</td></tr><tr><td style=\"white-space:nowrap\">9ER<a name=\"jami-codeSystem-ePreSiteCode-9ER\"> </a></td><td>右足のゆび</td></tr><tr><td style=\"white-space:nowrap\">9F0<a name=\"jami-codeSystem-ePreSiteCode-9F0\"> </a></td><td>足のゆびの間</td></tr><tr><td style=\"white-space:nowrap\">9FB<a name=\"jami-codeSystem-ePreSiteCode-9FB\"> </a></td><td>両足のゆびの間</td></tr><tr><td style=\"white-space:nowrap\">9FL<a name=\"jami-codeSystem-ePreSiteCode-9FL\"> </a></td><td>左足のゆびの間</td></tr><tr><td style=\"white-space:nowrap\">9FR<a name=\"jami-codeSystem-ePreSiteCode-9FR\"> </a></td><td>右足のゆびの間</td></tr><tr><td style=\"white-space:nowrap\">9G0<a name=\"jami-codeSystem-ePreSiteCode-9G0\"> </a></td><td>足の爪</td></tr><tr><td style=\"white-space:nowrap\">9GB<a name=\"jami-codeSystem-ePreSiteCode-9GB\"> </a></td><td>両足の爪</td></tr><tr><td style=\"white-space:nowrap\">9GL<a name=\"jami-codeSystem-ePreSiteCode-9GL\"> </a></td><td>左足の爪</td></tr><tr><td style=\"white-space:nowrap\">9GR<a name=\"jami-codeSystem-ePreSiteCode-9GR\"> </a></td><td>右足の爪</td></tr><tr><td style=\"white-space:nowrap\">A10<a name=\"jami-codeSystem-ePreSiteCode-A10\"> </a></td><td>かゆい所</td></tr><tr><td style=\"white-space:nowrap\">A1B<a name=\"jami-codeSystem-ePreSiteCode-A1B\"> </a></td><td>両かゆい所</td></tr><tr><td style=\"white-space:nowrap\">A1L<a name=\"jami-codeSystem-ePreSiteCode-A1L\"> </a></td><td>左かゆい所</td></tr><tr><td style=\"white-space:nowrap\">A1R<a name=\"jami-codeSystem-ePreSiteCode-A1R\"> </a></td><td>右かゆい所</td></tr><tr><td style=\"white-space:nowrap\">A20<a name=\"jami-codeSystem-ePreSiteCode-A20\"> </a></td><td>カサカサした所</td></tr><tr><td style=\"white-space:nowrap\">A30<a name=\"jami-codeSystem-ePreSiteCode-A30\"> </a></td><td>じくじくした所</td></tr><tr><td style=\"white-space:nowrap\">A40<a name=\"jami-codeSystem-ePreSiteCode-A40\"> </a></td><td>ひどい所</td></tr><tr><td style=\"white-space:nowrap\">A50<a name=\"jami-codeSystem-ePreSiteCode-A50\"> </a></td><td>褥瘡部</td></tr><tr><td style=\"white-space:nowrap\">A60<a name=\"jami-codeSystem-ePreSiteCode-A60\"> </a></td><td>発赤部</td></tr><tr><td style=\"white-space:nowrap\">A70<a name=\"jami-codeSystem-ePreSiteCode-A70\"> </a></td><td>発疹部</td></tr><tr><td style=\"white-space:nowrap\">A80<a name=\"jami-codeSystem-ePreSiteCode-A80\"> </a></td><td>ストマ部</td></tr><tr><td style=\"white-space:nowrap\">A90<a name=\"jami-codeSystem-ePreSiteCode-A90\"> </a></td><td>カテ挿入部</td></tr><tr><td style=\"white-space:nowrap\">AA0<a name=\"jami-codeSystem-ePreSiteCode-AA0\"> </a></td><td>患部</td></tr><tr><td style=\"white-space:nowrap\">AAL<a name=\"jami-codeSystem-ePreSiteCode-AAL\"> </a></td><td>左患部</td></tr><tr><td style=\"white-space:nowrap\">AAR<a name=\"jami-codeSystem-ePreSiteCode-AAR\"> </a></td><td>右患部</td></tr></table></div>"},"url":"urn:oid:1.2.392.200250.2.2.20.32","version":"0.9.3","name":"JAMI_codeSystem_ePreSiteCode","status":"active","date":"2022-05-11T06:52:34+00:00","publisher":"KOhe","contact":[{"name":"KOhe","telecom":[{"system":"url","value":"http://jpfhir.jp"}]}],"description":"JAMI標準用法部位コード（３桁）","caseSensitive":false,"valueSet":"http://jpfhir.jp/fhir/ePrescription/ValueSet/jami-ePreSiteCode","content":"complete","count":303,"concept":[{"code":"010","display":"全身"},{"code":"120","display":"頭皮"},{"code":"12L","display":"左頭皮"},{"code":"12R","display":"右頭皮"},{"code":"130","display":"頭部"},{"code":"13L","display":"左頭部"},{"code":"13R","display":"右頭部"},{"code":"140","display":"頭頂部"},{"code":"150","display":"後頭部"},{"code":"15L","display":"左後頭部"},{"code":"15R","display":"右後頭部"},{"code":"210","display":"ひたい"},{"code":"21L","display":"左ひたい"},{"code":"21R","display":"右ひたい"},{"code":"220","display":"顔"},{"code":"22B","display":"両顔"},{"code":"22L","display":"左顔"},{"code":"22R","display":"右顔"},{"code":"230","display":"まゆ"},{"code":"23B","display":"両まゆ"},{"code":"23L","display":"左まゆ"},{"code":"23R","display":"右まゆ"},{"code":"240","display":"まゆのまわり"},{"code":"24B","display":"両まゆのまわり"},{"code":"24L","display":"左まゆのまわり"},{"code":"24R","display":"右まゆのまわり"},{"code":"250","display":"まぶた"},{"code":"25B","display":"両まぶた"},{"code":"25L","display":"左まぶた"},{"code":"25R","display":"右まぶた"},{"code":"260","display":"眼"},{"code":"26B","display":"両眼"},{"code":"26L","display":"左眼"},{"code":"26R","display":"右眼"},{"code":"270","display":"目のまわり"},{"code":"27B","display":"両目のまわり"},{"code":"27L","display":"左目のまわり"},{"code":"27R","display":"右目のまわり"},{"code":"310","display":"頬"},{"code":"31B","display":"両頬"},{"code":"31L","display":"左頬"},{"code":"31R","display":"右頬"},{"code":"320","display":"鼻"},{"code":"32L","display":"左鼻"},{"code":"32R","display":"右鼻"},{"code":"330","display":"鼻のまわり"},{"code":"33L","display":"左鼻のまわり"},{"code":"33R","display":"右鼻のまわり"},{"code":"340","display":"鼻の下"},{"code":"34L","display":"左鼻の下"},{"code":"34R","display":"右鼻の下"},{"code":"350","display":"鼻腔内"},{"code":"35B","display":"両鼻腔内"},{"code":"35L","display":"左鼻腔内"},{"code":"35R","display":"右鼻腔内"},{"code":"420","display":"耳"},{"code":"42B","display":"両耳"},{"code":"42L","display":"左耳"},{"code":"42R","display":"右耳"},{"code":"430","display":"耳たぶ"},{"code":"43B","display":"両耳たぶ"},{"code":"43L","display":"左耳たぶ"},{"code":"43R","display":"右耳たぶ"},{"code":"440","display":"耳のうしろ"},{"code":"44B","display":"両耳のうしろ"},{"code":"44L","display":"左耳のうしろ"},{"code":"44R","display":"右耳のうしろ"},{"code":"450","display":"耳のまわり"},{"code":"45B","display":"両耳のまわり"},{"code":"45L","display":"左耳のまわり"},{"code":"45R","display":"右耳のまわり"},{"code":"460","display":"耳の中"},{"code":"46B","display":"両耳の中"},{"code":"46L","display":"左耳の中"},{"code":"46R","display":"右耳の中"},{"code":"520","display":"口"},{"code":"530","display":"口のまわり"},{"code":"540","display":"口唇"},{"code":"550","display":"口腔内"},{"code":"55L","display":"左口腔内"},{"code":"55R","display":"右口腔内"},{"code":"560","display":"口腔内ほほの内側"},{"code":"56B","display":"両口腔内ほほの内側"},{"code":"56L","display":"左口腔内ほほの内側"},{"code":"56R","display":"右口腔内ほほの内側"},{"code":"570","display":"口腔内上あご部"},{"code":"57B","display":"両口腔内上あご部"},{"code":"57L","display":"左口腔内上あご部"},{"code":"57R","display":"右口腔内上あご部"},{"code":"580","display":"上歯茎部"},{"code":"58B","display":"両上歯茎部"},{"code":"58L","display":"左上歯茎部"},{"code":"58R","display":"右上歯茎部"},{"code":"590","display":"下歯茎部"},{"code":"59B","display":"両下歯茎部"},{"code":"59L","display":"左下歯茎部"},{"code":"59R","display":"右下歯茎部"},{"code":"5A0","display":"舌"},{"code":"5AL","display":"左舌"},{"code":"5AR","display":"右舌"},{"code":"5B0","display":"舌の裏側"},{"code":"5BL","display":"左舌の裏側"},{"code":"5BR","display":"右舌の裏側"},{"code":"610","display":"喉の奥"},{"code":"61L","display":"左喉の奥"},{"code":"61R","display":"右喉の奥"},{"code":"620","display":"扁桃腺部"},{"code":"62B","display":"両扁桃腺部"},{"code":"62L","display":"左扁桃腺部"},{"code":"62R","display":"右扁桃腺部"},{"code":"630","display":"下あご"},{"code":"63L","display":"左下あご"},{"code":"63R","display":"右下あご"},{"code":"640","display":"首"},{"code":"64B","display":"両首"},{"code":"64L","display":"左首"},{"code":"64R","display":"右首"},{"code":"650","display":"うなじ"},{"code":"65L","display":"左うなじ"},{"code":"65R","display":"右うなじ"},{"code":"710","display":"肩"},{"code":"71B","display":"両肩"},{"code":"71L","display":"左肩"},{"code":"71R","display":"右肩"},{"code":"720","display":"上肢"},{"code":"72B","display":"両上肢"},{"code":"72L","display":"左上肢"},{"code":"72R","display":"右上肢"},{"code":"730","display":"腕"},{"code":"73B","display":"両腕"},{"code":"73L","display":"左腕"},{"code":"73R","display":"右腕"},{"code":"740","display":"上腕"},{"code":"74B","display":"両上腕"},{"code":"74L","display":"左上腕"},{"code":"74R","display":"右上腕"},{"code":"750","display":"前腕"},{"code":"75B","display":"両前腕"},{"code":"75L","display":"左前腕"},{"code":"75R","display":"右前腕"},{"code":"760","display":"ひじ"},{"code":"76B","display":"両ひじ"},{"code":"76L","display":"左ひじ"},{"code":"76R","display":"右ひじ"},{"code":"770","display":"手"},{"code":"77B","display":"両手"},{"code":"77L","display":"左手"},{"code":"77R","display":"右手"},{"code":"780","display":"手の甲"},{"code":"78B","display":"両手の甲"},{"code":"78L","display":"左手の甲"},{"code":"78R","display":"右手の甲"},{"code":"790","display":"手のひら"},{"code":"79B","display":"両手のひら"},{"code":"79L","display":"左手のひら"},{"code":"79R","display":"右手のひら"},{"code":"7A0","display":"手の指"},{"code":"7AB","display":"両手の指"},{"code":"7AL","display":"左手の指"},{"code":"7AR","display":"右手の指"},{"code":"7B0","display":"手の指の間"},{"code":"7BB","display":"両手の指の間"},{"code":"7BL","display":"左手の指の間"},{"code":"7BR","display":"右手の指の間"},{"code":"7C0","display":"手の爪"},{"code":"7CB","display":"両手の爪"},{"code":"7CL","display":"左手の爪"},{"code":"7CR","display":"右手の爪"},{"code":"7D0","display":"手足"},{"code":"7DB","display":"両手足"},{"code":"7DL","display":"左手足"},{"code":"7DR","display":"右手足"},{"code":"810","display":"体幹部"},{"code":"81L","display":"左体幹部"},{"code":"81R","display":"右体幹部"},{"code":"820","display":"背中"},{"code":"82L","display":"左背中"},{"code":"82R","display":"右背中"},{"code":"830","display":"上背部"},{"code":"83L","display":"左上背部"},{"code":"83R","display":"右上背部"},{"code":"840","display":"脇の下"},{"code":"84B","display":"両脇の下"},{"code":"84L","display":"左脇の下"},{"code":"84R","display":"右脇の下"},{"code":"850","display":"全胸部"},{"code":"85L","display":"左胸部"},{"code":"85R","display":"右胸部"},{"code":"860","display":"乳房"},{"code":"86B","display":"両乳房"},{"code":"86L","display":"左乳房"},{"code":"86R","display":"右乳房"},{"code":"870","display":"乳房まわり"},{"code":"87B","display":"両乳房まわり"},{"code":"87L","display":"左乳房まわり"},{"code":"87R","display":"右乳房まわり"},{"code":"880","display":"乳首"},{"code":"88B","display":"両乳首"},{"code":"88L","display":"左乳首"},{"code":"88R","display":"右乳首"},{"code":"890","display":"上腹部"},{"code":"89L","display":"左上腹部"},{"code":"89R","display":"右上腹部"},{"code":"8A0","display":"下腹部"},{"code":"8AL","display":"左下腹部"},{"code":"8AR","display":"右下腹部"},{"code":"8B0","display":"へそ"},{"code":"8C0","display":"へそのまわり"},{"code":"8D0","display":"臀部"},{"code":"8DB","display":"両臀部"},{"code":"8DL","display":"左臀部"},{"code":"8DR","display":"右臀部"},{"code":"8E0","display":"陰のう"},{"code":"8EB","display":"両陰のう"},{"code":"8EL","display":"左陰のう"},{"code":"8ER","display":"右陰のう"},{"code":"8F0","display":"陰部"},{"code":"8FL","display":"左陰部"},{"code":"8FR","display":"右陰部"},{"code":"8G0","display":"股間部"},{"code":"8GL","display":"左股間部"},{"code":"8GR","display":"右股間部"},{"code":"8H0","display":"肛門部"},{"code":"8J0","display":"肛門周囲"},{"code":"910","display":"下肢"},{"code":"91B","display":"両下肢"},{"code":"91L","display":"左下肢"},{"code":"91R","display":"右下肢"},{"code":"920","display":"ふともも"},{"code":"92B","display":"両ふともも"},{"code":"92L","display":"左ふともも"},{"code":"92R","display":"右ふともも"},{"code":"930","display":"ふともも後ろ"},{"code":"93B","display":"両ふともも後ろ"},{"code":"93L","display":"左ふともも後ろ"},{"code":"93R","display":"右ふともも後ろ"},{"code":"940","display":"ふとももとすね"},{"code":"94B","display":"両ふとももとすね"},{"code":"94L","display":"左ふとももとすね"},{"code":"94R","display":"右ふとももとすね"},{"code":"950","display":"膝"},{"code":"95B","display":"両膝"},{"code":"95L","display":"左膝"},{"code":"95R","display":"右膝"},{"code":"960","display":"膝のうら"},{"code":"96B","display":"両膝のうら"},{"code":"96L","display":"左膝のうら"},{"code":"96R","display":"右膝のうら"},{"code":"970","display":"すね"},{"code":"97B","display":"両すね"},{"code":"97L","display":"左すね"},{"code":"97R","display":"右すね"},{"code":"980","display":"ふくらはぎ"},{"code":"98B","display":"両ふくらはぎ"},{"code":"98L","display":"左ふくらはぎ"},{"code":"98R","display":"右ふくらはぎ"},{"code":"990","display":"くるぶし"},{"code":"99B","display":"両くるぶし"},{"code":"99L","display":"左くるぶし"},{"code":"99R","display":"右くるぶし"},{"code":"9A0","display":"かかと"},{"code":"9AB","display":"両かかと"},{"code":"9AL","display":"左かかと"},{"code":"9AR","display":"右かかと"},{"code":"9B0","display":"足"},{"code":"9BB","display":"両足"},{"code":"9BL","display":"左足"},{"code":"9BR","display":"右足"},{"code":"9C0","display":"足の裏"},{"code":"9CB","display":"両足の裏"},{"code":"9CL","display":"左足の裏"},{"code":"9CR","display":"右足の裏"},{"code":"9D0","display":"足の甲"},{"code":"9DB","display":"両足の甲"},{"code":"9DL","display":"左足の甲"},{"code":"9DR","display":"右足の甲"},{"code":"9E0","display":"足のゆび"},{"code":"9EB","display":"両足のゆび"},{"code":"9EL","display":"左足のゆび"},{"code":"9ER","display":"右足のゆび"},{"code":"9F0","display":"足のゆびの間"},{"code":"9FB","display":"両足のゆびの間"},{"code":"9FL","display":"左足のゆびの間"},{"code":"9FR","display":"右足のゆびの間"},{"code":"9G0","display":"足の爪"},{"code":"9GB","display":"両足の爪"},{"code":"9GL","display":"左足の爪"},{"code":"9GR","display":"右足の爪"},{"code":"A10","display":"かゆい所"},{"code":"A1B","display":"両かゆい所"},{"code":"A1L","display":"左かゆい所"},{"code":"A1R","display":"右かゆい所"},{"code":"A20","display":"カサカサした所"},{"code":"A30","display":"じくじくした所"},{"code":"A40","display":"ひどい所"},{"code":"A50","display":"褥瘡部"},{"code":"A60","display":"発赤部"},{"code":"A70","display":"発疹部"},{"code":"A80","display":"ストマ部"},{"code":"A90","display":"カテ挿入部"},{"code":"AA0","display":"患部"},{"code":"AAL","display":"左患部"},{"code":"AAR","display":"右患部"}]}