{"resourceType":"CodeSystem","id":"mhlw-codeSystem-ePreCDA-unable2Change2Generic-tbl08","text":{"status":"generated","div":"<div xmlns=\"http://www.w3.org/1999/xhtml\"><p>This code system urn:oid:1.2.392.100495.20.2.41 defines the following codes:</p><table class=\"codes\"><tr><td style=\"white-space:nowrap\"><b>Code</b></td><td><b>Display</b></td></tr><tr><td style=\"white-space:nowrap\">0<a name=\"mhlw-codeSystem-ePreCDA-unable2Change2Generic-tbl08-0\"> </a></td><td>変更可</td></tr><tr><td style=\"white-space:nowrap\">1<a name=\"mhlw-codeSystem-ePreCDA-unable2Change2Generic-tbl08-1\"> </a></td><td>変更不可</td></tr><tr><td style=\"white-space:nowrap\">2<a name=\"mhlw-codeSystem-ePreCDA-unable2Change2Generic-tbl08-2\"> </a></td><td>剤形変更不可</td></tr><tr><td style=\"white-space:nowrap\">3<a name=\"mhlw-codeSystem-ePreCDA-unable2Change2Generic-tbl08-3\"> </a></td><td>含量規格変更不可</td></tr></table></div>"},"url":"urn:oid:1.2.392.100495.20.2.41","version":"0.9.3","name":"MHLW_codeSystem_ePreCDA_unable2Change2Generic_tbl08","status":"active","date":"2022-05-07T23:56:50+00:00","publisher":"KOhe","contact":[{"name":"KOhe","telecom":[{"system":"url","value":"http://jpfhir.jp"}]}],"description":"厚労省電子処方CDA規格別表8 後発品変更不可コード","caseSensitive":false,"valueSet":"http://jpfhir.jp/fhir/ePrescription/ValueSet/mhlw-ePreCDA-unable2Change2Generic","content":"complete","count":4,"concept":[{"code":"0","display":"変更可"},{"code":"1","display":"変更不可"},{"code":"2","display":"剤形変更不可"},{"code":"3","display":"含量規格変更不可"}]}