{"resourceType":"CodeSystem","id":"jp-codeSystem-documentTypeCode","text":{"status":"generated","div":"<div xmlns=\"http://www.w3.org/1999/xhtml\"><p>This code system http://jpfhir.jp/fhir/Common/CodeSystem/doc-typecodes defines the following codes:</p><table class=\"codes\"><tr><td style=\"white-space:nowrap\"><b>Code</b></td><td><b>Display</b></td></tr><tr><td style=\"white-space:nowrap\">01<a name=\"jp-codeSystem-documentTypeCode-01\"> </a></td><td>健診結果報告書</td></tr><tr><td style=\"white-space:nowrap\">18842-5<a name=\"jp-codeSystem-documentTypeCode-18842-5\"> </a></td><td>退院時サマリー</td></tr><tr><td style=\"white-space:nowrap\">57133-1<a name=\"jp-codeSystem-documentTypeCode-57133-1\"> </a></td><td>診療情報提供書</td></tr><tr><td style=\"white-space:nowrap\">57833-6<a name=\"jp-codeSystem-documentTypeCode-57833-6\"> </a></td><td>処方箋</td></tr></table></div>"},"url":"http://jpfhir.jp/fhir/Common/CodeSystem/doc-typecodes","version":"0.9.3","name":"JP_codeSystem_documentTypeCode","status":"active","date":"2022-05-19T21:25:03+00:00","publisher":"KOhe","contact":[{"name":"KOhe","telecom":[{"system":"url","value":"http://jpfhir.jp"}]}],"description":"FHIR文書の文書区分（医療文書全般）","caseSensitive":false,"valueSet":"http://jpfhir.jp/fhir/Common/ValueSet/doc-typecodes","content":"complete","count":4,"concept":[{"code":"01","display":"健診結果報告書"},{"code":"18842-5","display":"退院時サマリー"},{"code":"57133-1","display":"診療情報提供書"},{"code":"57833-6","display":"処方箋"}]}