{"resourceType":"CodeSystem","id":"jami-codeSystem-ePreOrderUsageAuxCode","text":{"status":"generated","div":"<div xmlns=\"http://www.w3.org/1999/xhtml\"><p>This code system urn:oid:1.2.392.200250.2.2.20.22 defines the following codes:</p><table class=\"codes\"><tr><td style=\"white-space:nowrap\"><b>Code</b></td><td><b>Display</b></td></tr><tr><td style=\"white-space:nowrap\">V11NNNNN<a name=\"jami-codeSystem-ePreOrderUsageAuxCode-V11NNNNN\"> </a></td><td>不均等・１回目・１単位量</td></tr><tr><td style=\"white-space:nowrap\">V12NNNNN<a name=\"jami-codeSystem-ePreOrderUsageAuxCode-V12NNNNN\"> </a></td><td>不均等・１回目・２単位量</td></tr><tr><td style=\"white-space:nowrap\">V13NNNNN<a name=\"jami-codeSystem-ePreOrderUsageAuxCode-V13NNNNN\"> </a></td><td>不均等・１回目・３単位量</td></tr><tr><td style=\"white-space:nowrap\">V14NNNNN<a name=\"jami-codeSystem-ePreOrderUsageAuxCode-V14NNNNN\"> </a></td><td>不均等・１回目・４単位量</td></tr><tr><td style=\"white-space:nowrap\">V15NNNNN<a name=\"jami-codeSystem-ePreOrderUsageAuxCode-V15NNNNN\"> </a></td><td>不均等・１回目・５単位量</td></tr><tr><td style=\"white-space:nowrap\">V16NNNNN<a name=\"jami-codeSystem-ePreOrderUsageAuxCode-V16NNNNN\"> </a></td><td>不均等・１回目・６単位量</td></tr><tr><td style=\"white-space:nowrap\">V17NNNNN<a name=\"jami-codeSystem-ePreOrderUsageAuxCode-V17NNNNN\"> </a></td><td>不均等・１回目・７単位量</td></tr><tr><td style=\"white-space:nowrap\">V18NNNNN<a name=\"jami-codeSystem-ePreOrderUsageAuxCode-V18NNNNN\"> </a></td><td>不均等・１回目・８単位量</td></tr><tr><td style=\"white-space:nowrap\">V19NNNNN<a name=\"jami-codeSystem-ePreOrderUsageAuxCode-V19NNNNN\"> </a></td><td>不均等・１回目・９単位量</td></tr><tr><td style=\"white-space:nowrap\">V21NNNNN<a name=\"jami-codeSystem-ePreOrderUsageAuxCode-V21NNNNN\"> </a></td><td>不均等・１回目・１単位量</td></tr><tr><td style=\"white-space:nowrap\">V22NNNNN<a name=\"jami-codeSystem-ePreOrderUsageAuxCode-V22NNNNN\"> </a></td><td>不均等・１回目・２単位量</td></tr><tr><td style=\"white-space:nowrap\">V23NNNNN<a name=\"jami-codeSystem-ePreOrderUsageAuxCode-V23NNNNN\"> </a></td><td>不均等・１回目・３単位量</td></tr><tr><td style=\"white-space:nowrap\">V24NNNNN<a name=\"jami-codeSystem-ePreOrderUsageAuxCode-V24NNNNN\"> </a></td><td>不均等・１回目・４単位量</td></tr><tr><td style=\"white-space:nowrap\">V25NNNNN<a name=\"jami-codeSystem-ePreOrderUsageAuxCode-V25NNNNN\"> </a></td><td>不均等・１回目・５単位量</td></tr><tr><td style=\"white-space:nowrap\">V26NNNNN<a name=\"jami-codeSystem-ePreOrderUsageAuxCode-V26NNNNN\"> </a></td><td>不均等・１回目・６単位量</td></tr><tr><td style=\"white-space:nowrap\">V27NNNNN<a name=\"jami-codeSystem-ePreOrderUsageAuxCode-V27NNNNN\"> </a></td><td>不均等・１回目・７単位量</td></tr><tr><td style=\"white-space:nowrap\">V28NNNNN<a name=\"jami-codeSystem-ePreOrderUsageAuxCode-V28NNNNN\"> </a></td><td>不均等・１回目・８単位量</td></tr><tr><td style=\"white-space:nowrap\">V29NNNNN<a name=\"jami-codeSystem-ePreOrderUsageAuxCode-V29NNNNN\"> </a></td><td>不均等・１回目・９単位量</td></tr><tr><td style=\"white-space:nowrap\">V31NNNNN<a name=\"jami-codeSystem-ePreOrderUsageAuxCode-V31NNNNN\"> </a></td><td>不均等・１回目・１単位量</td></tr><tr><td style=\"white-space:nowrap\">V32NNNNN<a name=\"jami-codeSystem-ePreOrderUsageAuxCode-V32NNNNN\"> </a></td><td>不均等・１回目・２単位量</td></tr><tr><td style=\"white-space:nowrap\">V33NNNNN<a name=\"jami-codeSystem-ePreOrderUsageAuxCode-V33NNNNN\"> </a></td><td>不均等・１回目・３単位量</td></tr><tr><td style=\"white-space:nowrap\">V34NNNNN<a name=\"jami-codeSystem-ePreOrderUsageAuxCode-V34NNNNN\"> </a></td><td>不均等・１回目・４単位量</td></tr><tr><td style=\"white-space:nowrap\">V35NNNNN<a name=\"jami-codeSystem-ePreOrderUsageAuxCode-V35NNNNN\"> </a></td><td>不均等・１回目・５単位量</td></tr><tr><td style=\"white-space:nowrap\">V36NNNNN<a name=\"jami-codeSystem-ePreOrderUsageAuxCode-V36NNNNN\"> </a></td><td>不均等・１回目・６単位量</td></tr><tr><td style=\"white-space:nowrap\">V37NNNNN<a name=\"jami-codeSystem-ePreOrderUsageAuxCode-V37NNNNN\"> </a></td><td>不均等・１回目・７単位量</td></tr><tr><td style=\"white-space:nowrap\">V38NNNNN<a name=\"jami-codeSystem-ePreOrderUsageAuxCode-V38NNNNN\"> </a></td><td>不均等・１回目・８単位量</td></tr><tr><td style=\"white-space:nowrap\">V39NNNNN<a name=\"jami-codeSystem-ePreOrderUsageAuxCode-V39NNNNN\"> </a></td><td>不均等・１回目・９単位量</td></tr><tr><td style=\"white-space:nowrap\">V41NNNNN<a name=\"jami-codeSystem-ePreOrderUsageAuxCode-V41NNNNN\"> </a></td><td>不均等・１回目・１単位量</td></tr><tr><td style=\"white-space:nowrap\">V42NNNNN<a name=\"jami-codeSystem-ePreOrderUsageAuxCode-V42NNNNN\"> </a></td><td>不均等・１回目・２単位量</td></tr><tr><td style=\"white-space:nowrap\">V43NNNNN<a name=\"jami-codeSystem-ePreOrderUsageAuxCode-V43NNNNN\"> </a></td><td>不均等・１回目・３単位量</td></tr><tr><td style=\"white-space:nowrap\">V44NNNNN<a name=\"jami-codeSystem-ePreOrderUsageAuxCode-V44NNNNN\"> </a></td><td>不均等・１回目・４単位量</td></tr><tr><td style=\"white-space:nowrap\">V45NNNNN<a name=\"jami-codeSystem-ePreOrderUsageAuxCode-V45NNNNN\"> </a></td><td>不均等・１回目・５単位量</td></tr><tr><td style=\"white-space:nowrap\">V46NNNNN<a name=\"jami-codeSystem-ePreOrderUsageAuxCode-V46NNNNN\"> </a></td><td>不均等・１回目・６単位量</td></tr><tr><td style=\"white-space:nowrap\">V47NNNNN<a name=\"jami-codeSystem-ePreOrderUsageAuxCode-V47NNNNN\"> </a></td><td>不均等・１回目・７単位量</td></tr><tr><td style=\"white-space:nowrap\">V48NNNNN<a name=\"jami-codeSystem-ePreOrderUsageAuxCode-V48NNNNN\"> </a></td><td>不均等・１回目・８単位量</td></tr><tr><td style=\"white-space:nowrap\">V49NNNNN<a name=\"jami-codeSystem-ePreOrderUsageAuxCode-V49NNNNN\"> </a></td><td>不均等・１回目・９単位量</td></tr><tr><td style=\"white-space:nowrap\">V51NNNNN<a name=\"jami-codeSystem-ePreOrderUsageAuxCode-V51NNNNN\"> </a></td><td>不均等・１回目・１単位量</td></tr><tr><td style=\"white-space:nowrap\">V52NNNNN<a name=\"jami-codeSystem-ePreOrderUsageAuxCode-V52NNNNN\"> </a></td><td>不均等・１回目・２単位量</td></tr><tr><td style=\"white-space:nowrap\">V53NNNNN<a name=\"jami-codeSystem-ePreOrderUsageAuxCode-V53NNNNN\"> </a></td><td>不均等・１回目・３単位量</td></tr><tr><td style=\"white-space:nowrap\">V54NNNNN<a name=\"jami-codeSystem-ePreOrderUsageAuxCode-V54NNNNN\"> </a></td><td>不均等・１回目・４単位量</td></tr><tr><td style=\"white-space:nowrap\">V55NNNNN<a name=\"jami-codeSystem-ePreOrderUsageAuxCode-V55NNNNN\"> </a></td><td>不均等・１回目・５単位量</td></tr><tr><td style=\"white-space:nowrap\">V56NNNNN<a name=\"jami-codeSystem-ePreOrderUsageAuxCode-V56NNNNN\"> </a></td><td>不均等・１回目・６単位量</td></tr><tr><td style=\"white-space:nowrap\">V57NNNNN<a name=\"jami-codeSystem-ePreOrderUsageAuxCode-V57NNNNN\"> </a></td><td>不均等・１回目・７単位量</td></tr><tr><td style=\"white-space:nowrap\">V58NNNNN<a name=\"jami-codeSystem-ePreOrderUsageAuxCode-V58NNNNN\"> </a></td><td>不均等・１回目・８単位量</td></tr><tr><td style=\"white-space:nowrap\">V59NNNNN<a name=\"jami-codeSystem-ePreOrderUsageAuxCode-V59NNNNN\"> </a></td><td>不均等・１回目・９単位量</td></tr><tr><td style=\"white-space:nowrap\">V61NNNNN<a name=\"jami-codeSystem-ePreOrderUsageAuxCode-V61NNNNN\"> </a></td><td>不均等・１回目・１単位量</td></tr><tr><td style=\"white-space:nowrap\">V62NNNNN<a name=\"jami-codeSystem-ePreOrderUsageAuxCode-V62NNNNN\"> </a></td><td>不均等・１回目・２単位量</td></tr><tr><td style=\"white-space:nowrap\">V63NNNNN<a name=\"jami-codeSystem-ePreOrderUsageAuxCode-V63NNNNN\"> </a></td><td>不均等・１回目・３単位量</td></tr><tr><td style=\"white-space:nowrap\">V64NNNNN<a name=\"jami-codeSystem-ePreOrderUsageAuxCode-V64NNNNN\"> </a></td><td>不均等・１回目・４単位量</td></tr><tr><td style=\"white-space:nowrap\">V65NNNNN<a name=\"jami-codeSystem-ePreOrderUsageAuxCode-V65NNNNN\"> </a></td><td>不均等・１回目・５単位量</td></tr><tr><td style=\"white-space:nowrap\">V66NNNNN<a name=\"jami-codeSystem-ePreOrderUsageAuxCode-V66NNNNN\"> </a></td><td>不均等・１回目・６単位量</td></tr><tr><td style=\"white-space:nowrap\">V67NNNNN<a name=\"jami-codeSystem-ePreOrderUsageAuxCode-V67NNNNN\"> </a></td><td>不均等・１回目・７単位量</td></tr><tr><td style=\"white-space:nowrap\">V68NNNNN<a name=\"jami-codeSystem-ePreOrderUsageAuxCode-V68NNNNN\"> </a></td><td>不均等・１回目・８単位量</td></tr><tr><td style=\"white-space:nowrap\">V69NNNNN<a name=\"jami-codeSystem-ePreOrderUsageAuxCode-V69NNNNN\"> </a></td><td>不均等・１回目・９単位量</td></tr><tr><td style=\"white-space:nowrap\">I1100000<a name=\"jami-codeSystem-ePreOrderUsageAuxCode-I1100000\"> </a></td><td>隔日投与</td></tr><tr><td style=\"white-space:nowrap\">W1100001<a name=\"jami-codeSystem-ePreOrderUsageAuxCode-W1100001\"> </a></td><td>日曜日、月曜日</td></tr><tr><td style=\"white-space:nowrap\">W0110000<a name=\"jami-codeSystem-ePreOrderUsageAuxCode-W0110000\"> </a></td><td>月曜日、火曜日</td></tr><tr><td style=\"white-space:nowrap\">W0101000<a name=\"jami-codeSystem-ePreOrderUsageAuxCode-W0101000\"> </a></td><td>月曜日、水曜日</td></tr><tr><td style=\"white-space:nowrap\">W0100100<a name=\"jami-codeSystem-ePreOrderUsageAuxCode-W0100100\"> </a></td><td>月曜日、木曜日</td></tr><tr><td style=\"white-space:nowrap\">W0100010<a name=\"jami-codeSystem-ePreOrderUsageAuxCode-W0100010\"> </a></td><td>月曜日、金曜日</td></tr><tr><td style=\"white-space:nowrap\">W0100001<a name=\"jami-codeSystem-ePreOrderUsageAuxCode-W0100001\"> </a></td><td>月曜日、土曜日</td></tr><tr><td style=\"white-space:nowrap\">W0010000<a name=\"jami-codeSystem-ePreOrderUsageAuxCode-W0010000\"> </a></td><td>火曜日、水曜日</td></tr><tr><td style=\"white-space:nowrap\">W0011000<a name=\"jami-codeSystem-ePreOrderUsageAuxCode-W0011000\"> </a></td><td>火曜日、目曜日</td></tr><tr><td style=\"white-space:nowrap\">W0000100<a name=\"jami-codeSystem-ePreOrderUsageAuxCode-W0000100\"> </a></td><td>火曜日、木曜日</td></tr><tr><td style=\"white-space:nowrap\">W0000010<a name=\"jami-codeSystem-ePreOrderUsageAuxCode-W0000010\"> </a></td><td>火曜日、金曜日</td></tr><tr><td style=\"white-space:nowrap\">W0000001<a name=\"jami-codeSystem-ePreOrderUsageAuxCode-W0000001\"> </a></td><td>火曜日、土曜日</td></tr></table></div>"},"url":"urn:oid:1.2.392.200250.2.2.20.22","version":"1.0.0","name":"JAMI_codeSystem_ePreOrderUsageAuxCode","status":"active","date":"2022-06-27T22:33:31+00:00","publisher":"KOhe","contact":[{"name":"KOhe","telecom":[{"system":"url","value":"http://jpfhir.jp"}]}],"description":"JAMI補足用法コード8桁","caseSensitive":false,"content":"complete","count":66,"concept":[{"code":"V11NNNNN","display":"不均等・１回目・１単位量"},{"code":"V12NNNNN","display":"不均等・１回目・２単位量"},{"code":"V13NNNNN","display":"不均等・１回目・３単位量"},{"code":"V14NNNNN","display":"不均等・１回目・４単位量"},{"code":"V15NNNNN","display":"不均等・１回目・５単位量"},{"code":"V16NNNNN","display":"不均等・１回目・６単位量"},{"code":"V17NNNNN","display":"不均等・１回目・７単位量"},{"code":"V18NNNNN","display":"不均等・１回目・８単位量"},{"code":"V19NNNNN","display":"不均等・１回目・９単位量"},{"code":"V21NNNNN","display":"不均等・１回目・１単位量"},{"code":"V22NNNNN","display":"不均等・１回目・２単位量"},{"code":"V23NNNNN","display":"不均等・１回目・３単位量"},{"code":"V24NNNNN","display":"不均等・１回目・４単位量"},{"code":"V25NNNNN","display":"不均等・１回目・５単位量"},{"code":"V26NNNNN","display":"不均等・１回目・６単位量"},{"code":"V27NNNNN","display":"不均等・１回目・７単位量"},{"code":"V28NNNNN","display":"不均等・１回目・８単位量"},{"code":"V29NNNNN","display":"不均等・１回目・９単位量"},{"code":"V31NNNNN","display":"不均等・１回目・１単位量"},{"code":"V32NNNNN","display":"不均等・１回目・２単位量"},{"code":"V33NNNNN","display":"不均等・１回目・３単位量"},{"code":"V34NNNNN","display":"不均等・１回目・４単位量"},{"code":"V35NNNNN","display":"不均等・１回目・５単位量"},{"code":"V36NNNNN","display":"不均等・１回目・６単位量"},{"code":"V37NNNNN","display":"不均等・１回目・７単位量"},{"code":"V38NNNNN","display":"不均等・１回目・８単位量"},{"code":"V39NNNNN","display":"不均等・１回目・９単位量"},{"code":"V41NNNNN","display":"不均等・１回目・１単位量"},{"code":"V42NNNNN","display":"不均等・１回目・２単位量"},{"code":"V43NNNNN","display":"不均等・１回目・３単位量"},{"code":"V44NNNNN","display":"不均等・１回目・４単位量"},{"code":"V45NNNNN","display":"不均等・１回目・５単位量"},{"code":"V46NNNNN","display":"不均等・１回目・６単位量"},{"code":"V47NNNNN","display":"不均等・１回目・７単位量"},{"code":"V48NNNNN","display":"不均等・１回目・８単位量"},{"code":"V49NNNNN","display":"不均等・１回目・９単位量"},{"code":"V51NNNNN","display":"不均等・１回目・１単位量"},{"code":"V52NNNNN","display":"不均等・１回目・２単位量"},{"code":"V53NNNNN","display":"不均等・１回目・３単位量"},{"code":"V54NNNNN","display":"不均等・１回目・４単位量"},{"code":"V55NNNNN","display":"不均等・１回目・５単位量"},{"code":"V56NNNNN","display":"不均等・１回目・６単位量"},{"code":"V57NNNNN","display":"不均等・１回目・７単位量"},{"code":"V58NNNNN","display":"不均等・１回目・８単位量"},{"code":"V59NNNNN","display":"不均等・１回目・９単位量"},{"code":"V61NNNNN","display":"不均等・１回目・１単位量"},{"code":"V62NNNNN","display":"不均等・１回目・２単位量"},{"code":"V63NNNNN","display":"不均等・１回目・３単位量"},{"code":"V64NNNNN","display":"不均等・１回目・４単位量"},{"code":"V65NNNNN","display":"不均等・１回目・５単位量"},{"code":"V66NNNNN","display":"不均等・１回目・６単位量"},{"code":"V67NNNNN","display":"不均等・１回目・７単位量"},{"code":"V68NNNNN","display":"不均等・１回目・８単位量"},{"code":"V69NNNNN","display":"不均等・１回目・９単位量"},{"code":"I1100000","display":"隔日投与"},{"code":"W1100001","display":"日曜日、月曜日"},{"code":"W0110000","display":"月曜日、火曜日"},{"code":"W0101000","display":"月曜日、水曜日"},{"code":"W0100100","display":"月曜日、木曜日"},{"code":"W0100010","display":"月曜日、金曜日"},{"code":"W0100001","display":"月曜日、土曜日"},{"code":"W0010000","display":"火曜日、水曜日"},{"code":"W0011000","display":"火曜日、目曜日"},{"code":"W0000100","display":"火曜日、木曜日"},{"code":"W0000010","display":"火曜日、金曜日"},{"code":"W0000001","display":"火曜日、土曜日"}]}