{"resourceType":"CodeSystem","id":"mhlw-codeSystem-claimOrganizationNo7digits-tbl23","text":{"status":"generated","div":"<div xmlns=\"http://www.w3.org/1999/xhtml\"><p>This code system urn:oid:1.2.392.100495.20.1.23 defines the following codes:</p><table class=\"codes\"><tr><td style=\"white-space:nowrap\"><b>Code</b></td><td><b>Display</b></td></tr><tr><td style=\"white-space:nowrap\">1234567<a name=\"mhlw-codeSystem-claimOrganizationNo7digits-tbl23-1234567\"> </a></td><td>保険医療機関番号１２３４５６７ダミー</td></tr></table></div>"},"url":"urn:oid:1.2.392.100495.20.1.23","version":"0.9.3","name":"MHLW_codeSystem_claimOrganizationNo7digits_tbl23","status":"active","date":"2022-05-05T02:17:44+00:00","publisher":"KOhe","contact":[{"name":"KOhe","telecom":[{"system":"url","value":"http://jpfhir.jp"}]}],"description":"厚労省電子処方CDA規格別別表２３ 保険医療機関番号（7桁）","caseSensitive":false,"valueSet":"http://jpfhir.jp/fhir/Common/ValueSet/mhlw-codeSystem-claimOrganizationNo7digits","content":"complete","count":1,"concept":[{"code":"1234567","display":"保険医療機関番号１２３４５６７ダミー"}]}