{"resourceType":"CodeSystem","id":"mhlw-codeSystem-ePreCDA-insuredCoPayCategory-tbl13","text":{"status":"generated","div":"<div xmlns=\"http://www.w3.org/1999/xhtml\"><p>This code system urn:oid:1.2.392.100495.20.2.63 defines the following codes:</p><table class=\"codes\"><tr><td style=\"white-space:nowrap\"><b>Code</b></td><td><b>Display</b></td></tr><tr><td style=\"white-space:nowrap\">1<a name=\"mhlw-codeSystem-ePreCDA-insuredCoPayCategory-tbl13-1\"> </a></td><td>高齢者一般（高一）</td></tr><tr><td style=\"white-space:nowrap\">2<a name=\"mhlw-codeSystem-ePreCDA-insuredCoPayCategory-tbl13-2\"> </a></td><td>高齢者 7 割（高７）</td></tr><tr><td style=\"white-space:nowrap\">3<a name=\"mhlw-codeSystem-ePreCDA-insuredCoPayCategory-tbl13-3\"> </a></td><td>６歳未満（６歳）</td></tr></table></div>"},"url":"urn:oid:1.2.392.100495.20.2.63","version":"0.9.3","name":"MHLW_codeSystem_ePreCDA_insuredCoPayCategory_tbl13","status":"active","date":"2022-05-14T23:33:10+00:00","publisher":"KOhe","contact":[{"name":"KOhe","telecom":[{"system":"url","value":"http://jpfhir.jp"}]}],"description":"厚労省電子処方CDA規格別表13 患者一部負担コード","caseSensitive":false,"valueSet":"http://jpfhir.jp/fhir/ePrescription/ValueSet/mhlw-ePreCDA-insuredCoPayCategory","content":"complete","count":3,"concept":[{"code":"1","display":"高齢者一般（高一）"},{"code":"2","display":"高齢者 7 割（高７）"},{"code":"3","display":"６歳未満（６歳）"}]}