{"resourceType":"CodeSystem","id":"mhlw-codeSystem-ePreCDA-instructionResidual-tbl09","text":{"status":"generated","div":"<div xmlns=\"http://www.w3.org/1999/xhtml\"><p>This code system urn:oid:1.2.392.100495.20.2.42 defines the following codes:</p><table class=\"codes\"><tr><td style=\"white-space:nowrap\"><b>Code</b></td><td><b>Display</b></td></tr><tr><td style=\"white-space:nowrap\">0<a name=\"mhlw-codeSystem-ePreCDA-instructionResidual-tbl09-0\"> </a></td><td>指示無し</td></tr><tr><td style=\"white-space:nowrap\">1<a name=\"mhlw-codeSystem-ePreCDA-instructionResidual-tbl09-1\"> </a></td><td>疑義照会の上調剤</td></tr><tr><td style=\"white-space:nowrap\">2<a name=\"mhlw-codeSystem-ePreCDA-instructionResidual-tbl09-2\"> </a></td><td>情報提供</td></tr></table></div>"},"url":"urn:oid:1.2.392.100495.20.2.42","version":"0.9.3","name":"MHLW_codeSystem_ePreCDA_instructionResidual_tbl09","status":"active","date":"2022-05-19T03:03:33+00:00","publisher":"KOhe","contact":[{"name":"KOhe","telecom":[{"system":"url","value":"http://jpfhir.jp"}]}],"description":"厚労省電子処方CDA規格別表9 残薬確認指示コード","caseSensitive":false,"valueSet":"http://jpfhir.jp/fhir/ePrescription/ValueSet/mhlw-ePreCDA-instructionResidual","content":"complete","count":3,"concept":[{"code":"0","display":"指示無し"},{"code":"1","display":"疑義照会の上調剤"},{"code":"2","display":"情報提供"}]}