{"resourceType":"CodeSystem","id":"mhlw-codeSystem-ePreCDA-drugUsageForm-tbl03","text":{"status":"generated","div":"<div xmlns=\"http://www.w3.org/1999/xhtml\"><p>This code system urn:oid:1.2.392.100495.20.2.21 defines the following codes:</p><table class=\"codes\"><tr><td style=\"white-space:nowrap\"><b>Code</b></td><td><b>Display</b></td></tr><tr><td style=\"white-space:nowrap\">1<a name=\"mhlw-codeSystem-ePreCDA-drugUsageForm-tbl03-1\"> </a></td><td>内服</td></tr><tr><td style=\"white-space:nowrap\">2<a name=\"mhlw-codeSystem-ePreCDA-drugUsageForm-tbl03-2\"> </a></td><td>頓服</td></tr><tr><td style=\"white-space:nowrap\">3<a name=\"mhlw-codeSystem-ePreCDA-drugUsageForm-tbl03-3\"> </a></td><td>外用</td></tr><tr><td style=\"white-space:nowrap\">4<a name=\"mhlw-codeSystem-ePreCDA-drugUsageForm-tbl03-4\"> </a></td><td>内服滴剤</td></tr><tr><td style=\"white-space:nowrap\">5<a name=\"mhlw-codeSystem-ePreCDA-drugUsageForm-tbl03-5\"> </a></td><td>注射</td></tr><tr><td style=\"white-space:nowrap\">6<a name=\"mhlw-codeSystem-ePreCDA-drugUsageForm-tbl03-6\"> </a></td><td>医療材料</td></tr><tr><td style=\"white-space:nowrap\">9<a name=\"mhlw-codeSystem-ePreCDA-drugUsageForm-tbl03-9\"> </a></td><td>その他\t剤形が判断できない場合等</td></tr></table></div>"},"url":"urn:oid:1.2.392.100495.20.2.21","version":"1.0.0","name":"MHLW_codeSystem_ePreCDA_drugsageForm_tbl03","status":"active","date":"2022-05-21T04:45:59+00:00","publisher":"KOhe","contact":[{"name":"KOhe","telecom":[{"system":"url","value":"http://jpfhir.jp"}]}],"description":"厚労省電子処方CDA規格別表3  剤形区分コード","caseSensitive":false,"content":"complete","count":7,"concept":[{"code":"1","display":"内服"},{"code":"2","display":"頓服"},{"code":"3","display":"外用"},{"code":"4","display":"内服滴剤"},{"code":"5","display":"注射"},{"code":"6","display":"医療材料"},{"code":"9","display":"その他\t剤形が判断できない場合等"}]}