{"resourceType":"CodeSystem","id":"jp-codeSystem-publicPyerNumber","text":{"status":"generated","div":"<div xmlns=\"http://www.w3.org/1999/xhtml\"><p>This code system urn:oid:1.2.392.100495.20.3.71 defines the following codes:</p><table class=\"codes\"><tr><td style=\"white-space:nowrap\"><b>Code</b></td><td><b>Display</b></td></tr><tr><td style=\"white-space:nowrap\">01234567<a name=\"jp-codeSystem-publicPyerNumber-01234567\"> </a></td><td>サンプル公費負担者0123456</td></tr></table></div>"},"url":"urn:oid:1.2.392.100495.20.3.71","version":"0.9.3","name":"JP_codeSystem_publicPyerNumber","status":"active","date":"2022-05-16T13:13:28+00:00","publisher":"KOhe","contact":[{"name":"KOhe","telecom":[{"system":"url","value":"http://jpfhir.jp"}]}],"description":"公費負担者番号","caseSensitive":false,"valueSet":"http://jpfhir.jp/fhir/Common/ValueSet/publicPyerNumber","content":"complete","count":1,"concept":[{"code":"01234567","display":"サンプル公費負担者0123456"}]}