{"resourceType":"CodeSystem","id":"mhlw-codeSystem-ePreCDA-drugDosageStrength-tbl04","text":{"status":"generated","div":"<div xmlns=\"http://www.w3.org/1999/xhtml\"><p>This code system urn:oid:1.2.392.100495.20.2.22 defines the following codes:</p><table class=\"codes\"><tr><td style=\"white-space:nowrap\"><b>Code</b></td><td><b>Display</b></td></tr><tr><td style=\"white-space:nowrap\">1<a name=\"mhlw-codeSystem-ePreCDA-drugDosageStrength-tbl04-1\"> </a></td><td>製剤量</td></tr><tr><td style=\"white-space:nowrap\">2<a name=\"mhlw-codeSystem-ePreCDA-drugDosageStrength-tbl04-2\"> </a></td><td>原薬量</td></tr></table></div>"},"url":"urn:oid:1.2.392.100495.20.2.22","version":"0.9.3","name":"MHLW_codeSystem_ePreCDA_drugDosageStrength_tbl04","status":"active","date":"2022-05-01T21:05:46+00:00","publisher":"KOhe","contact":[{"name":"KOhe","telecom":[{"system":"url","value":"http://jpfhir.jp"}]}],"description":"厚労省電子処方CDA規格別表4 力価区分コード","caseSensitive":false,"valueSet":"http://jpfhir.jp/fhir/ePrescription/ValueSet/mhlw-ePreCDA-drugDosageStrength","content":"complete","count":2,"concept":[{"code":"1","display":"製剤量"},{"code":"2","display":"原薬量"}]}