{"resourceType":"ImplementationGuide","id":"ePrescriptionData","text":{"status":"extensions","div":"<div xmlns=\"http://www.w3.org/1999/xhtml\"><h2>ePrescriptionData</h2><p>The official URL for this implementation guide is: </p><pre>http://jpfhir.jp/ePrescriptionData/ImplementationGuide/ePrescriptionData</pre></div>"},"url":"http://jpfhir.jp/ePrescriptionData/ImplementationGuide/ePrescriptionData","version":"0.9.3","name":"ePrescriptionData","status":"draft","date":"2022-05-03T05:04:59+00:00","publisher":"KOhe","contact":[{"name":"KOhe","telecom":[{"system":"url","value":"http://jpfhir.jp"}]}],"packageId":"ePrescriptionData","license":"CC0-1.0","fhirVersion":["4.0.1"],"dependsOn":[{"id":"jp_core_draft1","uri":"http://jpfhir.jp/fhir/core/jp-core.draft1","packageId":"jp-core.draft1","version":"1.1.0-beta"}],"definition":{"extension":[{"extension":[{"url":"code","valueString":"copyrightyear"},{"url":"value","valueString":"2022+"}],"url":"http://hl7.org/fhir/tools/StructureDefinition/ig-parameter"},{"extension":[{"url":"code","valueString":"releaselabel"},{"url":"value","valueString":"ci-build"}],"url":"http://hl7.org/fhir/tools/StructureDefinition/ig-parameter"},{"extension":[{"url":"code","valueString":"path-liquid"},{"url":"value","valueString":"template/liquid"}],"url":"http://hl7.org/fhir/tools/StructureDefinition/ig-parameter"},{"extension":[{"url":"code","valueString":"path-liquid"},{"url":"value","valueString":"input/liquid"}],"url":"http://hl7.org/fhir/tools/StructureDefinition/ig-parameter"},{"extension":[{"url":"code","valueString":"path-qa"},{"url":"value","valueString":"temp/qa"}],"url":"http://hl7.org/fhir/tools/StructureDefinition/ig-parameter"},{"extension":[{"url":"code","valueString":"path-temp"},{"url":"value","valueString":"temp/pages"}],"url":"http://hl7.org/fhir/tools/StructureDefinition/ig-parameter"},{"extension":[{"url":"code","valueString":"path-output"},{"url":"value","valueString":"output"}],"url":"http://hl7.org/fhir/tools/StructureDefinition/ig-parameter"},{"extension":[{"url":"code","valueString":"path-suppressed-warnings"},{"url":"value","valueString":"input/ignoreWarnings.txt"}],"url":"http://hl7.org/fhir/tools/StructureDefinition/ig-parameter"},{"extension":[{"url":"code","valueString":"path-history"},{"url":"value","valueString":"http://jpfhir.jp/ePrescriptionData/history.html"}],"url":"http://hl7.org/fhir/tools/StructureDefinition/ig-parameter"},{"extension":[{"url":"code","valueString":"template-html"},{"url":"value","valueString":"template-page.html"}],"url":"http://hl7.org/fhir/tools/StructureDefinition/ig-parameter"},{"extension":[{"url":"code","valueString":"template-md"},{"url":"value","valueString":"template-page-md.html"}],"url":"http://hl7.org/fhir/tools/StructureDefinition/ig-parameter"},{"extension":[{"url":"code","valueString":"apply-contact"},{"url":"value","valueString":"true"}],"url":"http://hl7.org/fhir/tools/StructureDefinition/ig-parameter"},{"extension":[{"url":"code","valueString":"apply-context"},{"url":"value","valueString":"true"}],"url":"http://hl7.org/fhir/tools/StructureDefinition/ig-parameter"},{"extension":[{"url":"code","valueString":"apply-copyright"},{"url":"value","valueString":"true"}],"url":"http://hl7.org/fhir/tools/StructureDefinition/ig-parameter"},{"extension":[{"url":"code","valueString":"apply-jurisdiction"},{"url":"value","valueString":"true"}],"url":"http://hl7.org/fhir/tools/StructureDefinition/ig-parameter"},{"extension":[{"url":"code","valueString":"apply-license"},{"url":"value","valueString":"true"}],"url":"http://hl7.org/fhir/tools/StructureDefinition/ig-parameter"},{"extension":[{"url":"code","valueString":"apply-publisher"},{"url":"value","valueString":"true"}],"url":"http://hl7.org/fhir/tools/StructureDefinition/ig-parameter"},{"extension":[{"url":"code","valueString":"apply-version"},{"url":"value","valueString":"true"}],"url":"http://hl7.org/fhir/tools/StructureDefinition/ig-parameter"},{"extension":[{"url":"code","valueString":"active-tables"},{"url":"value","valueString":"true"}],"url":"http://hl7.org/fhir/tools/StructureDefinition/ig-parameter"},{"extension":[{"url":"code","valueString":"fmm-definition"},{"url":"value","valueString":"http://hl7.org/fhir/versions.html#maturity"}],"url":"http://hl7.org/fhir/tools/StructureDefinition/ig-parameter"},{"extension":[{"url":"code","valueString":"propagate-status"},{"url":"value","valueString":"true"}],"url":"http://hl7.org/fhir/tools/StructureDefinition/ig-parameter"},{"extension":[{"url":"code","valueString":"excludelogbinaryformat"},{"url":"value","valueString":"true"}],"url":"http://hl7.org/fhir/tools/StructureDefinition/ig-parameter"}],"grouping":[{"id":"-str-profile","name":"Structures: Resource Profiles","description":"These define constraints on FHIR resources for systems conforming to this implementation guide"},{"id":"-str-extension","name":"Structures: Extension Definitions","description":"These define constraints on FHIR data types for systems conforming to this implementation guide"},{"id":"-term-codesystem","name":"Terminology: Code Systems","description":"These define new code systems used by systems conforming to this implementation guide"},{"id":"-ex-example","name":"Example: Example Instances","description":"These are example instances that show what data produced and consumed by systems conforming with this implementation guide might look like"}],"resource":[{"extension":[{"url":"http://hl7.org/fhir/StructureDefinition/implementationguide-page","valueUri":"StructureDefinition-JP-Bundle-CCLIX.html"}],"reference":{"reference":"StructureDefinition/JP-Bundle-CCLIX"},"name":"JP_Bundle_CCLIX","description":"医療情報交換のために使用される診療関連の文書形式の情報を記述するためのBundleリソースの共通プロファイル。\nこのリソースのインスタンスだけで、必要な参照情報はすべて包含され、外部のリソースインスタンスへの外部参照を持たないため作成した医療機関を超えた情報交換に使用できる。","exampleBoolean":false,"groupingId":"-str-profile"},{"extension":[{"url":"http://hl7.org/fhir/StructureDefinition/implementationguide-page","valueUri":"StructureDefinition-JP-Bundle-ePrescriptionData.html"}],"reference":{"reference":"StructureDefinition/JP-Bundle-ePrescriptionData"},"name":"JP_Bundle_ePrescriptionData","description":"処方情報のBundle情報　JP_Bundleリソースの派生プロファイルプロファイル","exampleBoolean":false,"groupingId":"-str-profile"},{"extension":[{"url":"http://hl7.org/fhir/StructureDefinition/implementationguide-page","valueUri":"StructureDefinition-JP-Communication.html"}],"reference":{"reference":"StructureDefinition/JP-Communication"},"name":"JP_Communication","description":"備考等での伝達情報　JP Core V1には含まれない","exampleBoolean":false,"groupingId":"-str-profile"},{"extension":[{"url":"http://hl7.org/fhir/StructureDefinition/implementationguide-page","valueUri":"StructureDefinition-JP-Communication-ePrescriptionData.html"}],"reference":{"reference":"StructureDefinition/JP-Communication-ePrescriptionData"},"name":"JP_Communication_ePrescriptionData","description":"処方の全体での備考等情報　JP_Communicationの派生プロファイル","exampleBoolean":false,"groupingId":"-str-profile"},{"extension":[{"url":"http://hl7.org/fhir/StructureDefinition/implementationguide-page","valueUri":"StructureDefinition-JP-Composition-ePrescriptionData.html"}],"reference":{"reference":"StructureDefinition/JP-Composition-ePrescriptionData"},"name":"JP_Composition_ePrescriptionData","description":"処方情報のリソース構成情報と文書日付に関するCompositionの派生プロファイル","exampleBoolean":false,"groupingId":"-str-profile"},{"extension":[{"url":"http://hl7.org/fhir/StructureDefinition/implementationguide-page","valueUri":"StructureDefinition-JP-Coverage-ePrescriptionData-insurance.html"}],"reference":{"reference":"StructureDefinition/JP-Coverage-ePrescriptionData-insurance"},"name":"JP_Coverage_ePrescriptionData_insurance","description":"処方の保険情報　Coverageリソースプロファイル　JP_Coverageの派生プロファイル","exampleBoolean":false,"groupingId":"-str-profile"},{"extension":[{"url":"http://hl7.org/fhir/StructureDefinition/implementationguide-page","valueUri":"StructureDefinition-JP-Coverage-ePrescriptionData-publicPayment.html"}],"reference":{"reference":"StructureDefinition/JP-Coverage-ePrescriptionData-publicPayment"},"name":"JP_Coverage_ePrescriptionData_publicPayment","description":"処方の公費負担情報　JP_Coverageの派生プロファイル","exampleBoolean":false,"groupingId":"-str-profile"},{"extension":[{"url":"http://hl7.org/fhir/StructureDefinition/implementationguide-page","valueUri":"StructureDefinition-JP-Encounter-ePrescriptionData.html"}],"reference":{"reference":"StructureDefinition/JP-Encounter-ePrescriptionData"},"name":"JP_Encounter_ePrescriptionData","description":"処方発行時の入退院受診情報などEncouter情報　JP_Encounterの派生プロファイル","exampleBoolean":false,"groupingId":"-str-profile"},{"extension":[{"url":"http://hl7.org/fhir/StructureDefinition/implementationguide-page","valueUri":"StructureDefinition-JP-MedicationRequest-ePrescriptionData.html"}],"reference":{"reference":"StructureDefinition/JP-MedicationRequest-ePrescriptionData"},"name":"JP_MedicationRequest_ePrescriptionData","description":"処方オーダ情報　JP_MedicationRequestの派生プロファイル","exampleBoolean":false,"groupingId":"-str-profile"},{"extension":[{"url":"http://hl7.org/fhir/StructureDefinition/implementationguide-page","valueUri":"StructureDefinition-JP-Organization-ePrescriptionData-coveragePayer.html"}],"reference":{"reference":"StructureDefinition/JP-Organization-ePrescriptionData-coveragePayer"},"name":"JP_Organization_ePrescriptionData_coveragePayer","description":"処方に適用される保険の保険者または公費の公費受給者　JP_Organizationの派生プロファイル","exampleBoolean":false,"groupingId":"-str-profile"},{"extension":[{"url":"http://hl7.org/fhir/StructureDefinition/implementationguide-page","valueUri":"StructureDefinition-JP-Organization-ePrescriptionData-departmentOfIssuer.html"}],"reference":{"reference":"StructureDefinition/JP-Organization-ePrescriptionData-departmentOfIssuer"},"name":"JP_Organization_ePrescriptionData_departmentOfIssuer","description":"処方を発行した医療機関の診療科情報　JP_Organizationの派生プロファイル","exampleBoolean":false,"groupingId":"-str-profile"},{"extension":[{"url":"http://hl7.org/fhir/StructureDefinition/implementationguide-page","valueUri":"StructureDefinition-JP-Organization-ePrescriptionData-issuer.html"}],"reference":{"reference":"StructureDefinition/JP-Organization-ePrescriptionData-issuer"},"name":"JP_Organization_ePrescriptionData_issuer","description":"処方を発行した医療機関の情報　JP_Organizationの派生プロファイル","exampleBoolean":false,"groupingId":"-str-profile"},{"extension":[{"url":"http://hl7.org/fhir/StructureDefinition/implementationguide-page","valueUri":"StructureDefinition-JP-Patient-CCLIX.html"}],"reference":{"reference":"StructureDefinition/JP-Patient-CCLIX"},"name":"JP_Patient_CCLIX","description":"診療情報交換に共通の患者情報プロファイル　JP_Patientの派生プロファイル","exampleBoolean":false,"groupingId":"-str-profile"},{"extension":[{"url":"http://hl7.org/fhir/StructureDefinition/implementationguide-page","valueUri":"StructureDefinition-JP-Patient-ePrescriptionData.html"}],"reference":{"reference":"StructureDefinition/JP-Patient-ePrescriptionData"},"name":"JP_Patient_ePrescriptionData","description":"処方情報の対象患者のPatientプロファイル　JP_Patientの派生プロファイル","exampleBoolean":false,"groupingId":"-str-profile"},{"extension":[{"url":"http://hl7.org/fhir/StructureDefinition/implementationguide-page","valueUri":"StructureDefinition-JP-PractitionerRole-ePrescriptionData-author.html"}],"reference":{"reference":"StructureDefinition/JP-PractitionerRole-ePrescriptionData-author"},"name":"JP_PractitionerRole_ePrescriptionData_author","exampleBoolean":false,"groupingId":"-str-profile"},{"extension":[{"url":"http://hl7.org/fhir/StructureDefinition/implementationguide-page","valueUri":"StructureDefinition-JP-Practitioner-ePrescriptionData-author.html"}],"reference":{"reference":"StructureDefinition/JP-Practitioner-ePrescriptionData-author"},"name":"JP_Practitioner_ePrescriptionData_author","description":"処方を作成した医師情報　JP_Practitionerの派生プロファイル","exampleBoolean":false,"groupingId":"-str-profile"},{"extension":[{"url":"http://hl7.org/fhir/StructureDefinition/implementationguide-page","valueUri":"StructureDefinition-JP-Communication-CommunicationContent.html"}],"reference":{"reference":"StructureDefinition/JP-Communication-CommunicationContent"},"name":"JP_Communication_CommunicationContent","exampleBoolean":false,"groupingId":"-str-extension"},{"extension":[{"url":"http://hl7.org/fhir/StructureDefinition/implementationguide-page","valueUri":"CodeSystem-jp-codeSystem-documentTypeCode.html"}],"reference":{"reference":"CodeSystem/jp-codeSystem-documentTypeCode"},"name":"JP_codeSystem_documentTypeCode","description":"FHIR文書の文書区分（医療文書全般）","exampleBoolean":false,"groupingId":"-term-codesystem"},{"extension":[{"url":"http://hl7.org/fhir/StructureDefinition/implementationguide-page","valueUri":"CodeSystem-jp-codeSystem-ePreCommunication-category.html"}],"reference":{"reference":"CodeSystem/jp-codeSystem-ePreCommunication-category"},"name":"JP_codeSystem_ePreCommunication_category","description":"処方箋備考区分","exampleBoolean":false,"groupingId":"-term-codesystem"},{"extension":[{"url":"http://hl7.org/fhir/StructureDefinition/implementationguide-page","valueUri":"CodeSystem-jp-codeSystem-ePrescription-section.html"}],"reference":{"reference":"CodeSystem/jp-codeSystem-ePrescription-section"},"name":"JP_codeSystem_ePrescription_section","description":"処方セクション区分コード","exampleBoolean":false,"groupingId":"-term-codesystem"},{"extension":[{"url":"http://hl7.org/fhir/StructureDefinition/implementationguide-page","valueUri":"CodeSystem-jp-codeSystem-insurerNumber.html"}],"reference":{"reference":"CodeSystem/jp-codeSystem-insurerNumber"},"name":"JP_codeSystem_insurerNumber","description":"保険者番号","exampleBoolean":false,"groupingId":"-term-codesystem"},{"extension":[{"url":"http://hl7.org/fhir/StructureDefinition/implementationguide-page","valueUri":"CodeSystem-jp-codeSystem-ractitioner-certificate-category.html"}],"reference":{"reference":"CodeSystem/jp-codeSystem-ractitioner-certificate-category"},"name":"JP_codeSystem_practitioner_certificate_category","description":"医療従事者資格種別","exampleBoolean":false,"groupingId":"-term-codesystem"},{"extension":[{"url":"http://hl7.org/fhir/StructureDefinition/implementationguide-page","valueUri":"CodeSystem-jp-codeSystem-practitioner-role-category.html"}],"reference":{"reference":"CodeSystem/jp-codeSystem-practitioner-role-category"},"name":"JP_codeSystem_practitioner_role_category","description":"医療者役割コード(処方)","exampleBoolean":false,"groupingId":"-term-codesystem"},{"extension":[{"url":"http://hl7.org/fhir/StructureDefinition/implementationguide-page","valueUri":"CodeSystem-jp-codeSystem-prefectureNumber.html"}],"reference":{"reference":"CodeSystem/jp-codeSystem-prefectureNumber"},"name":"JP_codeSystem_prefectureNumber","description":"都道府県番号","exampleBoolean":false,"groupingId":"-term-codesystem"},{"extension":[{"url":"http://hl7.org/fhir/StructureDefinition/implementationguide-page","valueUri":"CodeSystem-jp-codeSystem-prescription-category.html"}],"reference":{"reference":"CodeSystem/jp-codeSystem-prescription-category"},"name":"JP_codeSystem_prescription_category","description":"処方箋区分コード　（01:一般処方箋、02:麻薬処方箋、03:分割一般処方）","exampleBoolean":false,"groupingId":"-term-codesystem"},{"extension":[{"url":"http://hl7.org/fhir/StructureDefinition/implementationguide-page","valueUri":"CodeSystem-jp-codeSystem-publicPyerNumber.html"}],"reference":{"reference":"CodeSystem/jp-codeSystem-publicPyerNumber"},"name":"JP_codeSystem_publicPyerNumber","description":"公費負担者番号","exampleBoolean":false,"groupingId":"-term-codesystem"},{"extension":[{"url":"http://hl7.org/fhir/StructureDefinition/implementationguide-page","valueUri":"CodeSystem-mhlw-codeSystem-claimOrganizationCategory-tbl22.html"}],"reference":{"reference":"CodeSystem/mhlw-codeSystem-claimOrganizationCategory-tbl22"},"name":"MHLW_codeSystem_claimOrganizationCategory_tbl22","description":"厚労省電子処方CDA規格別別表２２ 点数表番号","exampleBoolean":false,"groupingId":"-term-codesystem"},{"extension":[{"url":"http://hl7.org/fhir/StructureDefinition/implementationguide-page","valueUri":"CodeSystem-mhlw-codeSystem-claimOrganizationNo7digits-tbl23.html"}],"reference":{"reference":"CodeSystem/mhlw-codeSystem-claimOrganizationNo7digits-tbl23"},"name":"MHLW_codeSystem_claimOrganizationNo7digits_tbl23","description":"厚労省電子処方CDA規格別別表２３ 保険医療機関番号（7桁）","exampleBoolean":false,"groupingId":"-term-codesystem"},{"extension":[{"url":"http://hl7.org/fhir/StructureDefinition/implementationguide-page","valueUri":"CodeSystem-mhlw-codeSystem-drugUnitAbbr-tbl20.html"}],"reference":{"reference":"CodeSystem/mhlw-codeSystem-drugUnitAbbr-tbl20"},"name":"MHLW_codeSystem_drugUnitAbbr_tbl20","description":"厚労省電子処方CDA規格別表２０\t医薬品単位略号","exampleBoolean":false,"groupingId":"-term-codesystem"},{"extension":[{"url":"http://hl7.org/fhir/StructureDefinition/implementationguide-page","valueUri":"CodeSystem-mhlw-codeSystem-ePreCDA-clinicalDepartment-tbl10.html"}],"reference":{"reference":"CodeSystem/mhlw-codeSystem-ePreCDA-clinicalDepartment-tbl10"},"name":"MHLW_codeSystem_ePreCDA_clinicalDepartment_tbl10","description":"厚労省電子処方CDA規格別表10 診療科コード","exampleBoolean":false,"groupingId":"-term-codesystem"},{"extension":[{"url":"http://hl7.org/fhir/StructureDefinition/implementationguide-page","valueUri":"CodeSystem-mhlw-codeSystem-ePreCDA-documentCategory-tbl011.html"}],"reference":{"reference":"CodeSystem/mhlw-codeSystem-ePreCDA-documentCategory-tbl011"},"name":"MHLW_codeSystem_ePreCDA_documentCategory_tbl01","description":"厚労省電子処方CDA規格別表１ 文書区分コード","exampleBoolean":false,"groupingId":"-term-codesystem"},{"extension":[{"url":"http://hl7.org/fhir/StructureDefinition/implementationguide-page","valueUri":"CodeSystem-mhlw-codeSystem-ePreCDA-drugDosageStrength-tbl04.html"}],"reference":{"reference":"CodeSystem/mhlw-codeSystem-ePreCDA-drugDosageStrength-tbl04"},"name":"MHLW_codeSystem_ePreCDA_drugDosageStrength_tbl04","description":"厚労省電子処方CDA規格別表4 力価区分コード","exampleBoolean":false,"groupingId":"-term-codesystem"},{"extension":[{"url":"http://hl7.org/fhir/StructureDefinition/implementationguide-page","valueUri":"CodeSystem-mhlw-codeSystem-ePreCDA-drugUsageForm-tbl03.html"}],"reference":{"reference":"CodeSystem/mhlw-codeSystem-ePreCDA-drugUsageForm-tbl03"},"name":"MHLW_codeSystem_ePreCDA_drugsageForm_tbl03","description":"厚労省電子処方CDA規格別表3  剤形区分コード","exampleBoolean":false,"groupingId":"-term-codesystem"},{"extension":[{"url":"http://hl7.org/fhir/StructureDefinition/implementationguide-page","valueUri":"CodeSystem-mhlw-codeSystem-ePreCDA-instructionResidual-tbl09.html"}],"reference":{"reference":"CodeSystem/mhlw-codeSystem-ePreCDA-instructionResidual-tbl09"},"name":"MHLW_codeSystem_ePreCDA_instructionResidual_tbl09","description":"厚労省電子処方CDA規格別表9 残薬確認指示コード","exampleBoolean":false,"groupingId":"-term-codesystem"},{"extension":[{"url":"http://hl7.org/fhir/StructureDefinition/implementationguide-page","valueUri":"CodeSystem-mhlw-codeSystem-ePreCDA-insuranceCategory-tbl11.html"}],"reference":{"reference":"CodeSystem/mhlw-codeSystem-ePreCDA-insuranceCategory-tbl11"},"name":"MHLW_codeSystem_ePreCDA_insuranceCategory_tbl11","description":"厚労省電子処方CDA規格別表11 保険種別コード","exampleBoolean":false,"groupingId":"-term-codesystem"},{"extension":[{"url":"http://hl7.org/fhir/StructureDefinition/implementationguide-page","valueUri":"CodeSystem-mhlw-codeSystem-ePreCDA-insuredCoPayCategory-tbl13.html"}],"reference":{"reference":"CodeSystem/mhlw-codeSystem-ePreCDA-insuredCoPayCategory-tbl13"},"name":"MHLW_codeSystem_ePreCDA_insuredCoPayCategory_tbl13","description":"厚労省電子処方CDA規格別表13 患者一部負担コード","exampleBoolean":false,"groupingId":"-term-codesystem"},{"extension":[{"url":"http://hl7.org/fhir/StructureDefinition/implementationguide-page","valueUri":"CodeSystem-mhlw-codeSystem-ePreCDA-insuredRelationship-tbl12.html"}],"reference":{"reference":"CodeSystem/mhlw-codeSystem-ePreCDA-insuredRelationship-tbl12"},"name":"MHLW_codeSystem_ePreCDA_insuredRelationship_tbl12","description":"厚労省電子処方CDA規格別表12 被保険者区分コード","exampleBoolean":false,"groupingId":"-term-codesystem"},{"extension":[{"url":"http://hl7.org/fhir/StructureDefinition/implementationguide-page","valueUri":"CodeSystem-mhlw-codeSystem-ePreCDA-sectionCategory-tbl02.html"}],"reference":{"reference":"CodeSystem/mhlw-codeSystem-ePreCDA-sectionCategory-tbl02"},"name":"MHLW_codeSystem_ePreCDA_sectionCategory_tbl02","description":"厚労省電子処方CDA規格別表2 セクション区分コード","exampleBoolean":false,"groupingId":"-term-codesystem"},{"extension":[{"url":"http://hl7.org/fhir/StructureDefinition/implementationguide-page","valueUri":"CodeSystem-mhlw-codeSystem-ePreCDA-unable2Change2Generic-tbl08.html"}],"reference":{"reference":"CodeSystem/mhlw-codeSystem-ePreCDA-unable2Change2Generic-tbl08"},"name":"MHLW_codeSystem_ePreCDA_unable2Change2Generic_tbl08","description":"厚労省電子処方CDA規格別表8 後発品変更不可コード","exampleBoolean":false,"groupingId":"-term-codesystem"},{"extension":[{"url":"http://hl7.org/fhir/StructureDefinition/implementationguide-page","valueUri":"Coverage-JP-Coverage-ePreData-insurance-Example.html"}],"reference":{"reference":"Coverage/JP-Coverage-ePreData-insurance-Example"},"name":"JP-Coverage-ePreData-insurance-Example","exampleCanonical":"http://jpfhir.jp/fhir/ePrescription/StructureDefinition/JP_Coverage_ePrescriptionData_insurance","groupingId":"-ex-example"},{"extension":[{"url":"http://hl7.org/fhir/StructureDefinition/implementationguide-page","valueUri":"Coverage-JP-Coverage-ePreData-publicPayment-Example.html"}],"reference":{"reference":"Coverage/JP-Coverage-ePreData-publicPayment-Example"},"name":"JP-Coverage-ePreData-publicPayment-Example","exampleCanonical":"http://jpfhir.jp/fhir/ePrescription/StructureDefinition/JP_Coverage_ePrescriptionData_publicPayment","groupingId":"-ex-example"},{"extension":[{"url":"http://hl7.org/fhir/StructureDefinition/implementationguide-page","valueUri":"Encounter-JP-Encounter-ePreData-Example.html"}],"reference":{"reference":"Encounter/JP-Encounter-ePreData-Example"},"name":"JP-Encounter-ePreData-Example","exampleCanonical":"http://jpfhir.jp/fhir/ePrescription/StructureDefinition/JP_Encounter_ePrescriptionData","groupingId":"-ex-example"},{"extension":[{"url":"http://hl7.org/fhir/StructureDefinition/implementationguide-page","valueUri":"Bundle-JP-MedReq-ePreData-Example-bunkatsu.html"}],"reference":{"reference":"Bundle/JP-MedReq-ePreData-Example-bunkatsu"},"name":"JP-MedReq-ePreData-Example-bunkatsu","exampleCanonical":"http://jpfhir.jp/fhir/ePrescription/StructureDefinition/JP_Bundle_ePrescriptionData","groupingId":"-ex-example"},{"extension":[{"url":"http://hl7.org/fhir/StructureDefinition/implementationguide-page","valueUri":"MedicationRequest-JP-MedReq-ePreData-Example-fukintouByDay.html"}],"reference":{"reference":"MedicationRequest/JP-MedReq-ePreData-Example-fukintouByDay"},"name":"JP-MedReq-ePreData-Example-fukintouByDay","exampleCanonical":"http://jpfhir.jp/fhir/ePrescription/StructureDefinition/JP_MedicationRequest_ePrescriptionData","groupingId":"-ex-example"},{"extension":[{"url":"http://hl7.org/fhir/StructureDefinition/implementationguide-page","valueUri":"MedicationRequest-JP-MedReq-ePreData-Example-fukintouByTimes01.html"}],"reference":{"reference":"MedicationRequest/JP-MedReq-ePreData-Example-fukintouByTimes01"},"name":"JP-MedReq-ePreData-Example-fukintouByTimes01","exampleCanonical":"http://jpfhir.jp/fhir/ePrescription/StructureDefinition/JP_MedicationRequest_ePrescriptionData","groupingId":"-ex-example"},{"extension":[{"url":"http://hl7.org/fhir/StructureDefinition/implementationguide-page","valueUri":"MedicationRequest-JP-MedReq-ePreData-Example-fukintouByTimes02.html"}],"reference":{"reference":"MedicationRequest/JP-MedReq-ePreData-Example-fukintouByTimes02"},"name":"JP-MedReq-ePreData-Example-fukintouByTimes02","exampleCanonical":"http://jpfhir.jp/fhir/ePrescription/StructureDefinition/JP_MedicationRequest_ePrescriptionData","groupingId":"-ex-example"},{"extension":[{"url":"http://hl7.org/fhir/StructureDefinition/implementationguide-page","valueUri":"MedicationRequest-JP-MedReq-ePreData-Example-fukintouByTimes03.html"}],"reference":{"reference":"MedicationRequest/JP-MedReq-ePreData-Example-fukintouByTimes03"},"name":"JP-MedReq-ePreData-Example-fukintouByTimes03","exampleCanonical":"http://jpfhir.jp/fhir/ePrescription/StructureDefinition/JP_MedicationRequest_ePrescriptionData","groupingId":"-ex-example"},{"extension":[{"url":"http://hl7.org/fhir/StructureDefinition/implementationguide-page","valueUri":"MedicationRequest-JP-MedReq-ePreData-Example-gaiyou01.html"}],"reference":{"reference":"MedicationRequest/JP-MedReq-ePreData-Example-gaiyou01"},"name":"JP-MedReq-ePreData-Example-gaiyou01","exampleCanonical":"http://jpfhir.jp/fhir/ePrescription/StructureDefinition/JP_MedicationRequest_ePrescriptionData","groupingId":"-ex-example"},{"extension":[{"url":"http://hl7.org/fhir/StructureDefinition/implementationguide-page","valueUri":"MedicationRequest-JP-MedReq-ePreData-Example-gaiyou02.html"}],"reference":{"reference":"MedicationRequest/JP-MedReq-ePreData-Example-gaiyou02"},"name":"JP-MedReq-ePreData-Example-gaiyou02","exampleCanonical":"http://jpfhir.jp/fhir/ePrescription/StructureDefinition/JP_MedicationRequest_ePrescriptionData","groupingId":"-ex-example"},{"extension":[{"url":"http://hl7.org/fhir/StructureDefinition/implementationguide-page","valueUri":"MedicationRequest-JP-MedReq-ePreData-Example-gaiyou03.html"}],"reference":{"reference":"MedicationRequest/JP-MedReq-ePreData-Example-gaiyou03"},"name":"JP-MedReq-ePreData-Example-gaiyou03","exampleCanonical":"http://jpfhir.jp/fhir/ePrescription/StructureDefinition/JP_MedicationRequest_ePrescriptionData","groupingId":"-ex-example"},{"extension":[{"url":"http://hl7.org/fhir/StructureDefinition/implementationguide-page","valueUri":"MedicationRequest-JP-MedReq-ePreData-Example-kakujitsu.html"}],"reference":{"reference":"MedicationRequest/JP-MedReq-ePreData-Example-kakujitsu"},"name":"JP-MedReq-ePreData-Example-kakujitsu","exampleCanonical":"http://jpfhir.jp/fhir/ePrescription/StructureDefinition/JP_MedicationRequest_ePrescriptionData","groupingId":"-ex-example"},{"extension":[{"url":"http://hl7.org/fhir/StructureDefinition/implementationguide-page","valueUri":"MedicationRequest-JP-MedReq-ePreData-Example-naihuku.html"}],"reference":{"reference":"MedicationRequest/JP-MedReq-ePreData-Example-naihuku"},"name":"JP-MedReq-ePreData-Example-naihuku","exampleCanonical":"http://jpfhir.jp/fhir/ePrescription/StructureDefinition/JP_MedicationRequest_ePrescriptionData","groupingId":"-ex-example"},{"extension":[{"url":"http://hl7.org/fhir/StructureDefinition/implementationguide-page","valueUri":"MedicationRequest-JP-MedReq-ePreData-Example-youbiShiitei.html"}],"reference":{"reference":"MedicationRequest/JP-MedReq-ePreData-Example-youbiShiitei"},"name":"JP-MedReq-ePreData-Example-youbiShiitei","exampleCanonical":"http://jpfhir.jp/fhir/ePrescription/StructureDefinition/JP_MedicationRequest_ePrescriptionData","groupingId":"-ex-example"},{"extension":[{"url":"http://hl7.org/fhir/StructureDefinition/implementationguide-page","valueUri":"MedicationRequest-JP-MedReq-ePreData-Example-zenzou01per03.html"}],"reference":{"reference":"MedicationRequest/JP-MedReq-ePreData-Example-zenzou01per03"},"name":"JP-MedReq-ePreData-Example-zenzou01per03","exampleCanonical":"http://jpfhir.jp/fhir/ePrescription/StructureDefinition/JP_MedicationRequest_ePrescriptionData","groupingId":"-ex-example"},{"extension":[{"url":"http://hl7.org/fhir/StructureDefinition/implementationguide-page","valueUri":"MedicationRequest-JP-MedReq-ePreData-Example-zenzou02per03.html"}],"reference":{"reference":"MedicationRequest/JP-MedReq-ePreData-Example-zenzou02per03"},"name":"JP-MedReq-ePreData-Example-zenzou02per03","exampleCanonical":"http://jpfhir.jp/fhir/ePrescription/StructureDefinition/JP_MedicationRequest_ePrescriptionData","groupingId":"-ex-example"},{"extension":[{"url":"http://hl7.org/fhir/StructureDefinition/implementationguide-page","valueUri":"MedicationRequest-JP-MedReq-ePreData-Example-zenzou03per03.html"}],"reference":{"reference":"MedicationRequest/JP-MedReq-ePreData-Example-zenzou03per03"},"name":"JP-MedReq-ePreData-Example-zenzou03per03","exampleCanonical":"http://jpfhir.jp/fhir/ePrescription/StructureDefinition/JP_MedicationRequest_ePrescriptionData","groupingId":"-ex-example"},{"extension":[{"url":"http://hl7.org/fhir/StructureDefinition/implementationguide-page","valueUri":"Organization-JP-Organization-ePreData-coveragePayer-Example.html"}],"reference":{"reference":"Organization/JP-Organization-ePreData-coveragePayer-Example"},"name":"JP-Organization-ePreData-coveragePayer-Example","exampleCanonical":"http://jpfhir.jp/fhir/ePrescription/StructureDefinition/JP_Organization_ePrescriptionData_coveragePayer","groupingId":"-ex-example"},{"extension":[{"url":"http://hl7.org/fhir/StructureDefinition/implementationguide-page","valueUri":"Organization-JP-Organization-ePreData-departmentOfIssuer-Example.html"}],"reference":{"reference":"Organization/JP-Organization-ePreData-departmentOfIssuer-Example"},"name":"JP-Organization-ePreData-departmentOfIssuer-Example","exampleCanonical":"http://jpfhir.jp/fhir/ePrescription/StructureDefinition/JP_Organization_ePrescriptionData_departmentOfIssuer","groupingId":"-ex-example"},{"extension":[{"url":"http://hl7.org/fhir/StructureDefinition/implementationguide-page","valueUri":"Organization-JP-Organization-ePreData-issuer-Example.html"}],"reference":{"reference":"Organization/JP-Organization-ePreData-issuer-Example"},"name":"JP-Organization-ePreData-issuer-Example","exampleCanonical":"http://jpfhir.jp/fhir/ePrescription/StructureDefinition/JP_Organization_ePrescriptionData_issuer","groupingId":"-ex-example"},{"extension":[{"url":"http://hl7.org/fhir/StructureDefinition/implementationguide-page","valueUri":"Organization-JP-Organization-ePreData-publicPayer-Example.html"}],"reference":{"reference":"Organization/JP-Organization-ePreData-publicPayer-Example"},"name":"JP-Organization-ePreData-publicPayer-Example","exampleCanonical":"http://jpfhir.jp/fhir/ePrescription/StructureDefinition/JP_Organization_ePrescriptionData_coveragePayer","groupingId":"-ex-example"},{"extension":[{"url":"http://hl7.org/fhir/StructureDefinition/implementationguide-page","valueUri":"Patient-JP-Patient-ePreData-Example.html"}],"reference":{"reference":"Patient/JP-Patient-ePreData-Example"},"name":"JP-Patient-ePreData-Example","exampleCanonical":"http://jpfhir.jp/fhir/ePrescription/StructureDefinition/JP_Patient_ePrescriptionData","groupingId":"-ex-example"},{"extension":[{"url":"http://hl7.org/fhir/StructureDefinition/implementationguide-page","valueUri":"Practitioner-JP-Practitioner-ePreData-author-Example.html"}],"reference":{"reference":"Practitioner/JP-Practitioner-ePreData-author-Example"},"name":"JP-Practitioner-ePreData-author-Example","exampleCanonical":"http://jpfhir.jp/fhir/ePrescription/StructureDefinition/JP_Practitioner_ePrescriptionData_author","groupingId":"-ex-example"},{"extension":[{"url":"http://hl7.org/fhir/StructureDefinition/implementationguide-page","valueUri":"PractitionerRole-JP-PractitionerRole-ePreData-author-Example.html"}],"reference":{"reference":"PractitionerRole/JP-PractitionerRole-ePreData-author-Example"},"name":"JP-PractitionerRole-ePreData-author-Example","exampleBoolean":true,"groupingId":"-ex-example"}],"page":{"nameUrl":"toc.html","title":"Table of Contents","generation":"html","page":[{"nameUrl":"index.html","title":"Home","generation":"markdown"},{"nameUrl":"ePreTables.html","title":"E Pre Tables","generation":"markdown"},{"nameUrl":"toc-tables.html","title":"Toc Tables","generation":"markdown"},{"nameUrl":"artifacts.html","title":"Artifacts Summary","generation":"html","page":[{"nameUrl":"StructureDefinition-JP-Bundle-CCLIX.html","title":"JP_Bundle_CCLIX","generation":"generated"},{"nameUrl":"StructureDefinition-JP-Bundle-ePrescriptionData.html","title":"JP_Bundle_ePrescriptionData","generation":"generated"},{"nameUrl":"StructureDefinition-JP-Communication.html","title":"JP_Communication","generation":"generated"},{"nameUrl":"StructureDefinition-JP-Communication-ePrescriptionData.html","title":"JP_Communication_ePrescriptionData","generation":"generated"},{"nameUrl":"StructureDefinition-JP-Composition-ePrescriptionData.html","title":"JP_Composition_ePrescriptionData","generation":"generated"},{"nameUrl":"StructureDefinition-JP-Coverage-ePrescriptionData-insurance.html","title":"JP_Coverage_ePrescriptionData_insurance","generation":"generated"},{"nameUrl":"StructureDefinition-JP-Coverage-ePrescriptionData-publicPayment.html","title":"JP_Coverage_ePrescriptionData_publicPayment","generation":"generated"},{"nameUrl":"StructureDefinition-JP-Encounter-ePrescriptionData.html","title":"JP_Encounter_ePrescriptionData","generation":"generated"},{"nameUrl":"StructureDefinition-JP-MedicationRequest-ePrescriptionData.html","title":"JP_MedicationRequest_ePrescriptionData","generation":"generated"},{"nameUrl":"StructureDefinition-JP-Organization-ePrescriptionData-coveragePayer.html","title":"JP_Organization_ePrescriptionData_coveragePayer","generation":"generated"},{"nameUrl":"StructureDefinition-JP-Organization-ePrescriptionData-departmentOfIssuer.html","title":"JP_Organization_ePrescriptionData_departmentOfIssuer","generation":"generated"},{"nameUrl":"StructureDefinition-JP-Organization-ePrescriptionData-issuer.html","title":"JP_Organization_ePrescriptionData_issuer","generation":"generated"},{"nameUrl":"StructureDefinition-JP-Patient-CCLIX.html","title":"JP_Patient_CCLIX","generation":"generated"},{"nameUrl":"StructureDefinition-JP-Patient-ePrescriptionData.html","title":"JP_Patient_ePrescriptionData","generation":"generated"},{"nameUrl":"StructureDefinition-JP-PractitionerRole-ePrescriptionData-author.html","title":"JP_PractitionerRole_ePrescriptionData_author","generation":"generated"},{"nameUrl":"StructureDefinition-JP-Practitioner-ePrescriptionData-author.html","title":"JP_Practitioner_ePrescriptionData_author","generation":"generated"},{"nameUrl":"StructureDefinition-JP-Communication-CommunicationContent.html","title":"JP_Communication_CommunicationContent","generation":"generated"},{"nameUrl":"CodeSystem-jp-codeSystem-documentTypeCode.html","title":"JP_codeSystem_documentTypeCode","generation":"generated"},{"nameUrl":"CodeSystem-jp-codeSystem-ePreCommunication-category.html","title":"JP_codeSystem_ePreCommunication_category","generation":"generated"},{"nameUrl":"CodeSystem-jp-codeSystem-ePrescription-section.html","title":"JP_codeSystem_ePrescription_section","generation":"generated"},{"nameUrl":"CodeSystem-jp-codeSystem-insurerNumber.html","title":"JP_codeSystem_insurerNumber","generation":"generated"},{"nameUrl":"CodeSystem-jp-codeSystem-ractitioner-certificate-category.html","title":"JP_codeSystem_practitioner_certificate_category","generation":"generated"},{"nameUrl":"CodeSystem-jp-codeSystem-practitioner-role-category.html","title":"JP_codeSystem_practitioner_role_category","generation":"generated"},{"nameUrl":"CodeSystem-jp-codeSystem-prefectureNumber.html","title":"JP_codeSystem_prefectureNumber","generation":"generated"},{"nameUrl":"CodeSystem-jp-codeSystem-prescription-category.html","title":"JP_codeSystem_prescription_category","generation":"generated"},{"nameUrl":"CodeSystem-jp-codeSystem-publicPyerNumber.html","title":"JP_codeSystem_publicPyerNumber","generation":"generated"},{"nameUrl":"CodeSystem-mhlw-codeSystem-claimOrganizationCategory-tbl22.html","title":"MHLW_codeSystem_claimOrganizationCategory_tbl22","generation":"generated"},{"nameUrl":"CodeSystem-mhlw-codeSystem-claimOrganizationNo7digits-tbl23.html","title":"MHLW_codeSystem_claimOrganizationNo7digits_tbl23","generation":"generated"},{"nameUrl":"CodeSystem-mhlw-codeSystem-drugUnitAbbr-tbl20.html","title":"MHLW_codeSystem_drugUnitAbbr_tbl20","generation":"generated"},{"nameUrl":"CodeSystem-mhlw-codeSystem-ePreCDA-clinicalDepartment-tbl10.html","title":"MHLW_codeSystem_ePreCDA_clinicalDepartment_tbl10","generation":"generated"},{"nameUrl":"CodeSystem-mhlw-codeSystem-ePreCDA-documentCategory-tbl011.html","title":"MHLW_codeSystem_ePreCDA_documentCategory_tbl01","generation":"generated"},{"nameUrl":"CodeSystem-mhlw-codeSystem-ePreCDA-drugDosageStrength-tbl04.html","title":"MHLW_codeSystem_ePreCDA_drugDosageStrength_tbl04","generation":"generated"},{"nameUrl":"CodeSystem-mhlw-codeSystem-ePreCDA-drugUsageForm-tbl03.html","title":"MHLW_codeSystem_ePreCDA_drugsageForm_tbl03","generation":"generated"},{"nameUrl":"CodeSystem-mhlw-codeSystem-ePreCDA-instructionResidual-tbl09.html","title":"MHLW_codeSystem_ePreCDA_instructionResidual_tbl09","generation":"generated"},{"nameUrl":"CodeSystem-mhlw-codeSystem-ePreCDA-insuranceCategory-tbl11.html","title":"MHLW_codeSystem_ePreCDA_insuranceCategory_tbl11","generation":"generated"},{"nameUrl":"CodeSystem-mhlw-codeSystem-ePreCDA-insuredCoPayCategory-tbl13.html","title":"MHLW_codeSystem_ePreCDA_insuredCoPayCategory_tbl13","generation":"generated"},{"nameUrl":"CodeSystem-mhlw-codeSystem-ePreCDA-insuredRelationship-tbl12.html","title":"MHLW_codeSystem_ePreCDA_insuredRelationship_tbl12","generation":"generated"},{"nameUrl":"CodeSystem-mhlw-codeSystem-ePreCDA-sectionCategory-tbl02.html","title":"MHLW_codeSystem_ePreCDA_sectionCategory_tbl02","generation":"generated"},{"nameUrl":"CodeSystem-mhlw-codeSystem-ePreCDA-unable2Change2Generic-tbl08.html","title":"MHLW_codeSystem_ePreCDA_unable2Change2Generic_tbl08","generation":"generated"},{"nameUrl":"Coverage-JP-Coverage-ePreData-insurance-Example.html","title":"JP-Coverage-ePreData-insurance-Example","generation":"generated"},{"nameUrl":"Coverage-JP-Coverage-ePreData-publicPayment-Example.html","title":"JP-Coverage-ePreData-publicPayment-Example","generation":"generated"},{"nameUrl":"Encounter-JP-Encounter-ePreData-Example.html","title":"JP-Encounter-ePreData-Example","generation":"generated"},{"nameUrl":"Bundle-JP-MedReq-ePreData-Example-bunkatsu.html","title":"JP-MedReq-ePreData-Example-bunkatsu","generation":"generated"},{"nameUrl":"MedicationRequest-JP-MedReq-ePreData-Example-fukintouByDay.html","title":"JP-MedReq-ePreData-Example-fukintouByDay","generation":"generated"},{"nameUrl":"MedicationRequest-JP-MedReq-ePreData-Example-fukintouByTimes01.html","title":"JP-MedReq-ePreData-Example-fukintouByTimes01","generation":"generated"},{"nameUrl":"MedicationRequest-JP-MedReq-ePreData-Example-fukintouByTimes02.html","title":"JP-MedReq-ePreData-Example-fukintouByTimes02","generation":"generated"},{"nameUrl":"MedicationRequest-JP-MedReq-ePreData-Example-fukintouByTimes03.html","title":"JP-MedReq-ePreData-Example-fukintouByTimes03","generation":"generated"},{"nameUrl":"MedicationRequest-JP-MedReq-ePreData-Example-gaiyou01.html","title":"JP-MedReq-ePreData-Example-gaiyou01","generation":"generated"},{"nameUrl":"MedicationRequest-JP-MedReq-ePreData-Example-gaiyou02.html","title":"JP-MedReq-ePreData-Example-gaiyou02","generation":"generated"},{"nameUrl":"MedicationRequest-JP-MedReq-ePreData-Example-gaiyou03.html","title":"JP-MedReq-ePreData-Example-gaiyou03","generation":"generated"},{"nameUrl":"MedicationRequest-JP-MedReq-ePreData-Example-kakujitsu.html","title":"JP-MedReq-ePreData-Example-kakujitsu","generation":"generated"},{"nameUrl":"MedicationRequest-JP-MedReq-ePreData-Example-naihuku.html","title":"JP-MedReq-ePreData-Example-naihuku","generation":"generated"},{"nameUrl":"MedicationRequest-JP-MedReq-ePreData-Example-youbiShiitei.html","title":"JP-MedReq-ePreData-Example-youbiShiitei","generation":"generated"},{"nameUrl":"MedicationRequest-JP-MedReq-ePreData-Example-zenzou01per03.html","title":"JP-MedReq-ePreData-Example-zenzou01per03","generation":"generated"},{"nameUrl":"MedicationRequest-JP-MedReq-ePreData-Example-zenzou02per03.html","title":"JP-MedReq-ePreData-Example-zenzou02per03","generation":"generated"},{"nameUrl":"MedicationRequest-JP-MedReq-ePreData-Example-zenzou03per03.html","title":"JP-MedReq-ePreData-Example-zenzou03per03","generation":"generated"},{"nameUrl":"Organization-JP-Organization-ePreData-coveragePayer-Example.html","title":"JP-Organization-ePreData-coveragePayer-Example","generation":"generated"},{"nameUrl":"Organization-JP-Organization-ePreData-departmentOfIssuer-Example.html","title":"JP-Organization-ePreData-departmentOfIssuer-Example","generation":"generated"},{"nameUrl":"Organization-JP-Organization-ePreData-issuer-Example.html","title":"JP-Organization-ePreData-issuer-Example","generation":"generated"},{"nameUrl":"Organization-JP-Organization-ePreData-publicPayer-Example.html","title":"JP-Organization-ePreData-publicPayer-Example","generation":"generated"},{"nameUrl":"Patient-JP-Patient-ePreData-Example.html","title":"JP-Patient-ePreData-Example","generation":"generated"},{"nameUrl":"Practitioner-JP-Practitioner-ePreData-author-Example.html","title":"JP-Practitioner-ePreData-author-Example","generation":"generated"},{"nameUrl":"PractitionerRole-JP-PractitionerRole-ePreData-author-Example.html","title":"JP-PractitionerRole-ePreData-author-Example","generation":"generated"}]}]},"parameter":[{"code":"path-resource","value":"input/capabilities"},{"code":"path-resource","value":"input/examples"},{"code":"path-resource","value":"input/extensions"},{"code":"path-resource","value":"input/models"},{"code":"path-resource","value":"input/operations"},{"code":"path-resource","value":"input/profiles"},{"code":"path-resource","value":"input/resources"},{"code":"path-resource","value":"input/vocabulary"},{"code":"path-resource","value":"input/maps"},{"code":"path-resource","value":"input/testing"},{"code":"path-resource","value":"input/history"},{"code":"path-resource","value":"fsh-generated/resources"},{"code":"path-pages","value":"template/config"},{"code":"path-pages","value":"input/images"},{"code":"path-tx-cache","value":"input-cache/txcache"}]}}