{"resourceType":"ValueSet","id":"v3-ActEncounterCode","text":{"status":"generated","div":"<div xmlns=\"http://www.w3.org/1999/xhtml\"><ul><li>Include all codes defined in <code>http://terminology.hl7.org/ValueSet/v3-ActEncounterCode</code></li></ul></div>"},"url":"http://terminology.hl7.org/ValueSet/v3-ActEncounterCode","version":"0.9.3","name":"HL7V3_ActEncounterCode","status":"active","date":"2022-05-16T13:13:28+00:00","publisher":"KOhe","contact":[{"name":"KOhe","telecom":[{"system":"url","value":"http://jpfhir.jp"}]}],"description":"EncounterActコード","compose":{"include":[{"system":"http://terminology.hl7.org/ValueSet/v3-ActEncounterCode"}]}}