{"resourceType":"ValueSet","id":"jp-valueSet-drugCode-yj","text":{"status":"generated","div":"<div xmlns=\"http://www.w3.org/1999/xhtml\"><ul><li>Include all codes defined in <code>urn:oid:1.2.392.100495.20.1.73</code></li></ul></div>"},"url":"http://jpfhir.jp/fhir/ePrescription/ValueSet/jp-drugCode-yj","version":"0.9.3","name":"JP_valueSet_drugCode_yj","status":"active","date":"2022-05-16T02:20:03+00:00","publisher":"KOhe","contact":[{"name":"KOhe","telecom":[{"system":"url","value":"http://jpfhir.jp"}]}],"description":"医薬品コード（YJコード）","compose":{"include":[{"system":"urn:oid:1.2.392.100495.20.1.73"}]}}