{"resourceType":"ValueSet","id":"mhlw-valueSet-ePreCDA-insuranceCategory-tbl11","text":{"status":"generated","div":"<div xmlns=\"http://www.w3.org/1999/xhtml\"><ul><li>Include all codes defined in <a href=\"CodeSystem-mhlw-codeSystem-ePreCDA-insuranceCategory-tbl11.html\"><code>urn:oid:1.2.392.100495.20.2.61</code></a></li></ul></div>"},"url":"http://jpfhir.jp/fhir/Common/ValueSet/mhlw-ePreCDA-insuranceCategory","version":"1.0.0","name":"MHLW_valueSet_ePreCDA_insuranceCategory_tbl11","status":"active","date":"2022-06-27T06:28:37+00:00","publisher":"KOhe","contact":[{"name":"KOhe","telecom":[{"system":"url","value":"http://jpfhir.jp"}]}],"description":"厚労省電子処方CDA規格別表11 保険種別コード","compose":{"include":[{"system":"urn:oid:1.2.392.100495.20.2.61"}]}}