{"resourceType":"ValueSet","id":"mhlw-valueSet-drugCode-generalNameCode","text":{"status":"generated","div":"<div xmlns=\"http://www.w3.org/1999/xhtml\"><ul><li>Include all codes defined in <code>urn:oid:1.2.392.100495.20.1.81</code></li></ul></div>"},"url":"http://jpfhir.jp/fhir/ePrescription/ValueSet/mhlw-drugCode-generalNameCode","version":"1.0.0","name":"MHLW_valueSet_drugCode_generalNameCode","status":"active","date":"2022-06-25T22:06:20+00:00","publisher":"KOhe","contact":[{"name":"KOhe","telecom":[{"system":"url","value":"http://jpfhir.jp"}]}],"description":"厚労省一般処方名マスター(厚労省保険局コード)","compose":{"include":[{"system":"urn:oid:1.2.392.100495.20.1.81"}]}}