{"resourceType":"ValueSet","id":"jami-valueSet-ePreOrderUsageCode-16digits","text":{"status":"generated","div":"<div xmlns=\"http://www.w3.org/1999/xhtml\"><ul><li>Include all codes defined in <code>urn:oid:1.2.392.200250.2.2.20.20</code></li></ul></div>"},"url":"http://jpfhir.jp/fhir/ePrescription/ValueSet/jami-ePreOrderUsageCode","version":"1.0.0","name":"JAMI_valueSet_ePreOrderUsageCode_16digits","status":"active","date":"2022-06-26T00:19:47+00:00","publisher":"KOhe","contact":[{"name":"KOhe","telecom":[{"system":"url","value":"http://jpfhir.jp"}]}],"description":"JAMI16桁用法コード","compose":{"include":[{"system":"urn:oid:1.2.392.200250.2.2.20.20"}]}}