{
  "resourceType": "Bundle",
  "id": "JP-Bundle-ePreData-Example03",
  "identifier": {
    "system": "urn:ietf:rfc:3986",
    "value": "urn:uuid:0c3151bd-1cbf-4d64-b04d-cd9187a4c6e0"
  },
  "type": "document",
  "timestamp": "2020-08-21T12:12:21+09:00",
  "entry": [
    {
      "fullUrl": "urn:uuid:e555a9a4-e60a-4825-8388-19a4f63ad18b",
      "resource": {
        "resourceType": "Composition",
        "id": "Inline-Instance-for-JP-Bundle-ePreData-Example03-1",
        "text": {
          "status": "extensions",
          "div": "<div xmlns=\"http://www.w3.org/1999/xhtml\"><p><b>Generated Narrative</b></p><div style=\"display: inline-block; background-color: #d9e0e7; padding: 6px; margin: 4px; border: 1px solid #8da1b4; border-radius: 5px; line-height: 60%\"><p style=\"margin-bottom: 0px\">Resource \"Inline-Instance-for-JP-Bundle-ePreData-Example03-1\" </p></div><p><b>versionNumber</b>: 1</p><p><b>identifier</b>: id: 34875506</p><p><b>status</b>: final</p><p><b>type</b>: 処方箋 <span style=\"background: LightGoldenRodYellow; margin: 4px; border: 1px solid khaki\"> (<a href=\"CodeSystem-jp-codeSystem-documentTypeCode.html\">JP_codeSystem_documentTypeCode</a>#57833-6)</span></p><p><b>category</b>: 一般処方箋 <span style=\"background: LightGoldenRodYellow; margin: 4px; border: 1px solid khaki\"> (<a href=\"CodeSystem-jp-codeSystem-prescription-category.html\">JP_codeSystem_prescription_category</a>#01)</span></p><p><b>encounter</b>: <a href=\"#Encounter_Inline-Instance-for-JP-Bundle-ePreData-Example03-3\">See above (urn:uuid:1b3c3e11-ca7d-4172-aa5e-c76c39bf75e3: 受診Encounterリソース)</a></p><p><b>date</b>: 2020-08-21 12:12:20+0900</p><p><b>author</b>: </p><ul><li><a href=\"#PractitionerRole_Inline-Instance-for-JP-Bundle-ePreData-Example03-10\">See above (urn:uuid:9b244427-7479-406f-a366-ee083526c74d: 処方作成者PractitionerRoleリソース)</a></li><li><a href=\"#Organization_JP-Organization-ePrescriptionData-departmentOfIssuer-Example\">See above (urn:uuid:73f5fad9-530c-40b1-856f-c5a46fbad8cd: 処方作成診療科Organaizationリソース)</a></li></ul><p><b>title</b>: 処方箋</p><p><b>custodian</b>: <a href=\"#Organization_Inline-Instance-for-JP-Bundle-ePreData-Example03-8\">See above (urn:uuid:9f1993bc-753f-479e-9e01-f0a53929a6fc: 処方箋交付責任機関Organaizationリソース)</a></p><h3>Events</h3><table class=\"grid\"><tr><td>-</td><td><b>Code</b></td><td><b>Period</b></td></tr><tr><td>*</td><td>処方箋交付 <span style=\"background: LightGoldenRodYellow; margin: 4px; border: 1px solid khaki\"> ()</span></td><td>2020-09-04 --&gt; (ongoing)</td></tr></table></div>"
        },
        "extension": [
          {
            "url": "http://hl7.org/fhir/StructureDefinition/composition-clinicaldocument-versionNumber",
            "valueString": "1"
          }
        ],
        "identifier": {
          "system": "http://jpfhir.jp/fhir/Common/IdSystem/resourceInstance-identifier",
          "value": "34875506"
        },
        "status": "final",
        "type": {
          "coding": [
            {
              "system": "http://jpfhir.jp/fhir/Common/CodeSystem/doc-typecodes",
              "code": "57833-6",
              "display": "処方箋"
            }
          ]
        },
        "category": [
          {
            "coding": [
              {
                "system": "http://jpfhir.jp/fhir/ePrescription/CodeSystem/prescription-category",
                "code": "01",
                "display": "一般処方箋"
              }
            ]
          }
        ],
        "subject": {
          "reference": "urn:uuid:2162023b-fbd4-4424-9aca-a11ea6f48ab4",
          "display": "患者リソースPatient"
        },
        "encounter": {
          "reference": "urn:uuid:1b3c3e11-ca7d-4172-aa5e-c76c39bf75e3",
          "display": "受診Encounterリソース"
        },
        "date": "2020-08-21T12:12:20+09:00",
        "author": [
          {
            "reference": "urn:uuid:9b244427-7479-406f-a366-ee083526c74d",
            "display": "処方作成者PractitionerRoleリソース"
          },
          {
            "reference": "urn:uuid:73f5fad9-530c-40b1-856f-c5a46fbad8cd",
            "display": "処方作成診療科Organaizationリソース"
          }
        ],
        "title": "処方箋",
        "custodian": {
          "reference": "urn:uuid:9f1993bc-753f-479e-9e01-f0a53929a6fc",
          "display": "処方箋交付責任機関Organaizationリソース"
        },
        "event": [
          {
            "code": [
              {
                "text": "処方箋交付"
              }
            ],
            "period": {
              "start": "2020-09-04"
            }
          }
        ],
        "section": [
          {
            "title": "処方情報",
            "code": {
              "coding": [
                {
                  "system": "http://jpfhir.jp/fhir/ePrescription/CodeSystem/prescription-section",
                  "code": "01",
                  "display": "処方情報セクション"
                }
              ]
            },
            "entry": [
              {
                "reference": "urn:uuid:01993fc0-9c95-4635-a7d8-b506bc9da534",
                "display": "健康保険Coverage"
              },
              {
                "reference": "urn:uuid:fd6b178f-e3d6-4609-8dc9-b20e842001a5",
                "display": "健康保険者Organaization"
              },
              {
                "reference": "urn:uuid:221b1923-e89e-4589-a3b7-5504c6d8d4e4",
                "display": "公費負担Coverage"
              },
              {
                "reference": "urn:uuid:fd6b178f-e3d6-4609-8dc9-b20e842001a5",
                "display": "公費負担者Organaization"
              },
              {
                "reference": "urn:uuid:7038d706-ae0c-132b-f397-d2ca328e7afb",
                "display": "処方指示 内服処方7日分MedicationRequestリソース"
              },
              {
                "reference": "urn:uuid:b8d42aea-c98c-4829-b0f1-c8cac0dd9bce",
                "display": "処方指示 外用点眼MedicationRequestリソース"
              },
              {
                "reference": "urn:uuid:163c025e-d276-4134-803b-6eb4472e7164",
                "display": "調剤者への指示"
              }
            ]
          }
        ]
      }
    },
    {
      "fullUrl": "urn:uuid:2162023b-fbd4-4424-9aca-a11ea6f48ab4",
      "resource": {
        "resourceType": "Patient",
        "id": "Inline-Instance-for-JP-Bundle-ePreData-Example03-2",
        "text": {
          "status": "generated",
          "div": "<div xmlns=\"http://www.w3.org/1999/xhtml\"><p><b>Generated Narrative</b></p><div style=\"display: inline-block; background-color: #d9e0e7; padding: 6px; margin: 4px; border: 1px solid #8da1b4; border-radius: 5px; line-height: 60%\"><p style=\"margin-bottom: 0px\">Resource \"Inline-Instance-for-JP-Bundle-ePreData-Example03-2\" </p></div><p><b>identifier</b>: id: 00000010</p><p><b>name</b>: 東京　太郎(OFFICIAL), トウキョウ　タロウ(OFFICIAL)</p><p><b>gender</b>: male</p><p><b>birthDate</b>: 1920-02-11</p><p><b>address</b>: 神奈川県横浜市港区１－２－３</p></div>"
        },
        "identifier": [
          {
            "system": "urn:oid:1.2.392.100495.20.3.51.11311234567",
            "value": "00000010"
          }
        ],
        "name": [
          {
            "extension": [
              {
                "url": "http://hl7.org/fhir/StructureDefinition/iso21090-EN-representation",
                "valueCode": "IDE"
              }
            ],
            "use": "official",
            "text": "東京　太郎",
            "family": "東京",
            "given": [
              "太郎"
            ]
          },
          {
            "extension": [
              {
                "url": "http://hl7.org/fhir/StructureDefinition/iso21090-EN-representation",
                "valueCode": "SYL"
              }
            ],
            "use": "official",
            "text": "トウキョウ　タロウ",
            "family": "トウキョウ",
            "given": [
              "タロウ"
            ]
          }
        ],
        "gender": "male",
        "birthDate": "1920-02-11",
        "address": [
          {
            "text": "神奈川県横浜市港区１－２－３",
            "postalCode": "123-4567",
            "country": "JP"
          }
        ]
      }
    },
    {
      "fullUrl": "urn:uuid:1b3c3e11-ca7d-4172-aa5e-c76c39bf75e3",
      "resource": {
        "resourceType": "Encounter",
        "id": "Inline-Instance-for-JP-Bundle-ePreData-Example03-3",
        "text": {
          "status": "generated",
          "div": "<div xmlns=\"http://www.w3.org/1999/xhtml\"><p><b>Generated Narrative</b></p><div style=\"display: inline-block; background-color: #d9e0e7; padding: 6px; margin: 4px; border: 1px solid #8da1b4; border-radius: 5px; line-height: 60%\"><p style=\"margin-bottom: 0px\">Resource \"Inline-Instance-for-JP-Bundle-ePreData-Example03-3\" </p></div><p><b>status</b>: finished</p><p><b>class</b>: 外来 (Details: http://terminology.hl7.org/CodeSystem/v3-ActCode code AMB = 'ambulatory', stated as '外来')</p></div>"
        },
        "status": "finished",
        "class": {
          "system": "http://terminology.hl7.org/CodeSystem/v3-ActCode",
          "code": "AMB",
          "display": "外来"
        }
      }
    },
    {
      "fullUrl": "urn:uuid:01993fc0-9c95-4635-a7d8-b506bc9da534",
      "resource": {
        "resourceType": "Coverage",
        "id": "Inline-Instance-for-JP-Bundle-ePreData-Example03-4",
        "text": {
          "status": "extensions",
          "div": "<div xmlns=\"http://www.w3.org/1999/xhtml\"><p><b>Generated Narrative</b></p><div style=\"display: inline-block; background-color: #d9e0e7; padding: 6px; margin: 4px; border: 1px solid #8da1b4; border-radius: 5px; line-height: 60%\"><p style=\"margin-bottom: 0px\">Resource \"Inline-Instance-for-JP-Bundle-ePreData-Example03-4\" </p></div><p><b>JP_Coverage_InsuredPersonSymbol</b>: 12345</p><p><b>JP_Coverage_InsuredPersonNumber</b>: ６７８９０</p><p><b>JP_Coverage_InsuredPersonSubNumber</b>: 01</p><p><b>status</b>: active</p><p><b>type</b>: 医保 <span style=\"background: LightGoldenRodYellow; margin: 4px; border: 1px solid khaki\"> (<a href=\"CodeSystem-mhlw-codeSystem-ePreCDA-insuranceCategory-tbl11.html\">MHLW_codeSystem_ePreCDA_insuranceCategory_tbl11</a>#1)</span></p><p><b>beneficiary</b>: <a href=\"#Patient_Inline-Instance-for-JP-Bundle-ePreData-Example03-2\">See above (urn:uuid:2162023b-fbd4-4424-9aca-a11ea6f48ab4: 患者Patientリソース)</a></p><p><b>dependent</b>: 01</p><p><b>relationship</b>: 被保険者 <span style=\"background: LightGoldenRodYellow; margin: 4px; border: 1px solid khaki\"> (<a href=\"CodeSystem-mhlw-codeSystem-ePreCDA-insuredRelationship-tbl12.html\">MHLW_codeSystem_ePreCDA_insuredRelationship_tbl12</a>#1)</span></p><p><b>period</b>: 2018-04-01 --&gt; (ongoing)</p><p><b>payor</b>: <a href=\"#Organization_Inline-Instance-for-JP-Bundle-ePreData-Example03-6\">See above (urn:uuid:fd6b178f-e3d6-4609-8dc9-b20e842001a5: 保険者Organizationリソース)</a></p><h3>CostToBeneficiaries</h3><table class=\"grid\"><tr><td>-</td><td><b>Type</b></td><td><b>Value[x]</b></td></tr><tr><td>*</td><td>負担率 <span style=\"background: LightGoldenRodYellow; margin: 4px; border: 1px solid khaki\"> (<a href=\"http://terminology.hl7.org/3.1.0/CodeSystem-coverage-copay-type.html\">Coverage Copay Type Codes</a>#copaypct)</span></td><td>30 %<span style=\"background: LightGoldenRodYellow\"> (Details: UCUM code % = '%')</span></td></tr></table></div>"
        },
        "extension": [
          {
            "url": "http://jpfhir.jp/fhir/core/Extension/StructureDefinition/JP_Coverage_InsuredPersonSymbol",
            "valueString": "12345"
          },
          {
            "url": "http://jpfhir.jp/fhir/core/Extension/StructureDefinition/JP_Coverage_InsuredPersonNumber",
            "valueString": "６７８９０"
          },
          {
            "url": "http://jpfhir.jp/fhir/core/Extension/StructureDefinition/JP_Coverage_InsuredPersonSubNumber",
            "valueString": "01"
          }
        ],
        "status": "active",
        "type": {
          "coding": [
            {
              "system": "urn:oid:1.2.392.100495.20.2.61",
              "code": "1"
            }
          ]
        },
        "beneficiary": {
          "reference": "urn:uuid:2162023b-fbd4-4424-9aca-a11ea6f48ab4",
          "display": "患者Patientリソース"
        },
        "dependent": "01",
        "relationship": {
          "coding": [
            {
              "system": "urn:oid:1.2.392.100495.20.2.62",
              "code": "1",
              "display": "被保険者"
            }
          ]
        },
        "period": {
          "start": "2018-04-01"
        },
        "payor": [
          {
            "reference": "urn:uuid:fd6b178f-e3d6-4609-8dc9-b20e842001a5",
            "display": "保険者Organizationリソース"
          }
        ],
        "costToBeneficiary": [
          {
            "type": {
              "coding": [
                {
                  "system": "http://terminology.hl7.org/CodeSystem/coverage-copay-type",
                  "code": "copaypct",
                  "display": "負担率"
                }
              ]
            },
            "valueQuantity": {
              "value": 30,
              "unit": "%",
              "system": "http://unitsofmeasure.org",
              "code": "%"
            }
          }
        ]
      }
    },
    {
      "fullUrl": "urn:uuid:221b1923-e89e-4589-a3b7-5504c6d8d4e4",
      "resource": {
        "resourceType": "Coverage",
        "id": "Inline-Instance-for-JP-Bundle-ePreData-Example03-5",
        "text": {
          "status": "generated",
          "div": "<div xmlns=\"http://www.w3.org/1999/xhtml\"><p><b>Generated Narrative</b></p><div style=\"display: inline-block; background-color: #d9e0e7; padding: 6px; margin: 4px; border: 1px solid #8da1b4; border-radius: 5px; line-height: 60%\"><p style=\"margin-bottom: 0px\">Resource \"Inline-Instance-for-JP-Bundle-ePreData-Example03-5\" </p></div><p><b>status</b>: active</p><p><b>type</b>: 公費 <span style=\"background: LightGoldenRodYellow; margin: 4px; border: 1px solid khaki\"> (<a href=\"CodeSystem-mhlw-codeSystem-ePreCDA-insuranceCategory-tbl11.html\">MHLW_codeSystem_ePreCDA_insuranceCategory_tbl11</a>#8)</span></p><p><b>subscriberId</b>: 12345678</p><p><b>beneficiary</b>: <a href=\"#Patient_Inline-Instance-for-JP-Bundle-ePreData-Example03-2\">See above (urn:uuid:2162023b-fbd4-4424-9aca-a11ea6f48ab4: 患者Patientリソース)</a></p><p><b>period</b>: 2020-01-01 --&gt; 2020-12-31</p><p><b>payor</b>: <a href=\"#Organization_Inline-Instance-for-JP-Bundle-ePreData-Example03-7\">See above (urn:uuid:cbeaffaf-984a-458a-93ea-7e3603381612: 公費負担者Organization)</a></p><p><b>order</b>: 1</p><h3>CostToBeneficiaries</h3><table class=\"grid\"><tr><td>-</td><td><b>Type</b></td><td><b>Value[x]</b></td></tr><tr><td>*</td><td>負担率 <span style=\"background: LightGoldenRodYellow; margin: 4px; border: 1px solid khaki\"> (<a href=\"http://terminology.hl7.org/3.1.0/CodeSystem-coverage-copay-type.html\">Coverage Copay Type Codes</a>#copaypct)</span></td><td>10 %<span style=\"background: LightGoldenRodYellow\"> (Details: UCUM code % = '%')</span></td></tr></table></div>"
        },
        "status": "active",
        "type": {
          "coding": [
            {
              "system": "urn:oid:1.2.392.100495.20.2.61",
              "code": "8"
            }
          ]
        },
        "subscriberId": "12345678",
        "beneficiary": {
          "reference": "urn:uuid:2162023b-fbd4-4424-9aca-a11ea6f48ab4",
          "display": "患者Patientリソース"
        },
        "period": {
          "start": "2020-01-01",
          "end": "2020-12-31"
        },
        "payor": [
          {
            "reference": "urn:uuid:cbeaffaf-984a-458a-93ea-7e3603381612",
            "display": "公費負担者Organization"
          }
        ],
        "order": 1,
        "costToBeneficiary": [
          {
            "type": {
              "coding": [
                {
                  "system": "http://terminology.hl7.org/CodeSystem/coverage-copay-type",
                  "code": "copaypct",
                  "display": "負担率"
                }
              ]
            },
            "valueQuantity": {
              "value": 10,
              "unit": "%",
              "system": "http://unitsofmeasure.org",
              "code": "%"
            }
          }
        ]
      }
    },
    {
      "fullUrl": "urn:uuid:fd6b178f-e3d6-4609-8dc9-b20e842001a5",
      "resource": {
        "resourceType": "Organization",
        "id": "Inline-Instance-for-JP-Bundle-ePreData-Example03-6",
        "text": {
          "status": "generated",
          "div": "<div xmlns=\"http://www.w3.org/1999/xhtml\"><p><b>Generated Narrative</b></p><div style=\"display: inline-block; background-color: #d9e0e7; padding: 6px; margin: 4px; border: 1px solid #8da1b4; border-radius: 5px; line-height: 60%\"><p style=\"margin-bottom: 0px\">Resource \"Inline-Instance-for-JP-Bundle-ePreData-Example03-6\" </p></div><p><b>identifier</b>: id: 06123456</p><p><b>type</b>: Insurance Company <span style=\"background: LightGoldenRodYellow; margin: 4px; border: 1px solid khaki\"> (<a href=\"http://terminology.hl7.org/3.1.0/CodeSystem-organization-type.html\">Organization type</a>#ins)</span></p><p><b>name</b>: サンプル健康保険組合</p></div>"
        },
        "identifier": [
          {
            "system": "urn:oid:1.2.392.100495.20.3.61",
            "value": "06123456"
          }
        ],
        "type": [
          {
            "coding": [
              {
                "system": "http://terminology.hl7.org/CodeSystem/organization-type",
                "code": "ins"
              }
            ]
          }
        ],
        "name": "サンプル健康保険組合"
      }
    },
    {
      "fullUrl": "urn:uuid:cbeaffaf-984a-458a-93ea-7e3603381612",
      "resource": {
        "resourceType": "Organization",
        "id": "Inline-Instance-for-JP-Bundle-ePreData-Example03-7",
        "text": {
          "status": "generated",
          "div": "<div xmlns=\"http://www.w3.org/1999/xhtml\"><p><b>Generated Narrative</b></p><div style=\"display: inline-block; background-color: #d9e0e7; padding: 6px; margin: 4px; border: 1px solid #8da1b4; border-radius: 5px; line-height: 60%\"><p style=\"margin-bottom: 0px\">Resource \"Inline-Instance-for-JP-Bundle-ePreData-Example03-7\" </p></div><p><b>identifier</b>: id: 94733</p><p><b>type</b>: Other <span style=\"background: LightGoldenRodYellow; margin: 4px; border: 1px solid khaki\"> (<a href=\"http://terminology.hl7.org/3.1.0/CodeSystem-organization-type.html\">Organization type</a>#other)</span></p><p><b>name</b>: 神奈川県横浜市</p></div>"
        },
        "identifier": [
          {
            "system": "urn:oid:1.2.392.100495.20.3.71",
            "value": "94733"
          }
        ],
        "type": [
          {
            "coding": [
              {
                "system": "http://terminology.hl7.org/CodeSystem/organization-type",
                "code": "other"
              }
            ]
          }
        ],
        "name": "神奈川県横浜市"
      }
    },
    {
      "fullUrl": "urn:uuid:9f1993bc-753f-479e-9e01-f0a53929a6fc",
      "resource": {
        "resourceType": "Organization",
        "id": "Inline-Instance-for-JP-Bundle-ePreData-Example03-8",
        "text": {
          "status": "extensions",
          "div": "<div xmlns=\"http://www.w3.org/1999/xhtml\"><p><b>Generated Narrative</b></p><div style=\"display: inline-block; background-color: #d9e0e7; padding: 6px; margin: 4px; border: 1px solid #8da1b4; border-radius: 5px; line-height: 60%\"><p style=\"margin-bottom: 0px\">Resource \"Inline-Instance-for-JP-Bundle-ePreData-Example03-8\" </p></div><p><b>JP_Organization_PrefectureNo</b>: id: 13</p><p><b>JP_Organization_InsuranceOrganizationCategory</b>: id: 1</p><p><b>JP_Organization_InsuranceOrganizationNo</b>: id: 1234567</p><p><b>identifier</b>: id: 1311234567</p><p><b>type</b>: Healthcare Provider <span style=\"background: LightGoldenRodYellow; margin: 4px; border: 1px solid khaki\"> (<a href=\"http://terminology.hl7.org/3.1.0/CodeSystem-organization-type.html\">Organization type</a>#prov)</span></p><p><b>name</b>: 第一病院</p><p><b>telecom</b>: ph: 0123-456-7890</p><p><b>address</b>: 〒100-0001 東京都千代田区千代田９－９－９</p></div>"
        },
        "extension": [
          {
            "url": "http://jpfhir.jp/fhir/core/Extension/StructureDefinition/JP_Organization_PrefectureNo",
            "valueIdentifier": {
              "system": "urn:oid:1.2.392.100495.20.3.21",
              "value": "13"
            }
          },
          {
            "url": "http://jpfhir.jp/fhir/core/Extension/StructureDefinition/JP_Organization_InsuranceOrganizationCategory",
            "valueIdentifier": {
              "system": "urn:oid:1.2.392.100495.20.3.22",
              "value": "1"
            }
          },
          {
            "url": "http://jpfhir.jp/fhir/core/Extension/StructureDefinition/JP_Organization_InsuranceOrganizationNo",
            "valueIdentifier": {
              "system": "urn:oid:1.2.392.100495.20.3.23",
              "value": "1234567"
            }
          }
        ],
        "identifier": [
          {
            "system": "http://jpfhir.jp/fhir/Common/IdSystem/insurance-medical-institution-no",
            "value": "1311234567"
          }
        ],
        "type": [
          {
            "coding": [
              {
                "system": "http://terminology.hl7.org/CodeSystem/organization-type",
                "code": "prov"
              }
            ]
          }
        ],
        "name": "第一病院",
        "telecom": [
          {
            "system": "phone",
            "value": "0123-456-7890"
          }
        ],
        "address": [
          {
            "text": "〒100-0001 東京都千代田区千代田９－９－９"
          }
        ]
      }
    },
    {
      "fullUrl": "urn:uuid:73f5fad9-530c-40b1-856f-c5a46fbad8cd",
      "resource": {
        "resourceType": "Organization",
        "id": "JP-Organization-ePrescriptionData-departmentOfIssuer-Example",
        "text": {
          "status": "generated",
          "div": "<div xmlns=\"http://www.w3.org/1999/xhtml\"><p><b>Generated Narrative</b></p><div style=\"display: inline-block; background-color: #d9e0e7; padding: 6px; margin: 4px; border: 1px solid #8da1b4; border-radius: 5px; line-height: 60%\"><p style=\"margin-bottom: 0px\">Resource \"JP-Organization-ePrescriptionData-departmentOfIssuer-Example\" </p></div><p><b>identifier</b>: id: 01</p><p><b>type</b>: Hospital Department <span style=\"background: LightGoldenRodYellow; margin: 4px; border: 1px solid khaki\"> (<a href=\"http://terminology.hl7.org/3.1.0/CodeSystem-organization-type.html\">Organization type</a>#dept)</span></p><p><b>name</b>: 内科</p><p><b>partOf</b>: <a href=\"Bundle-JP-Bundle-ePreData-Example01.html#urn-uuid-51c6333d-92ff-0113-56cd-a1f566f43a09\">urn:uuid:51c6333d-92ff-0113-56cd-a1f566f43a09</a></p></div>"
        },
        "identifier": [
          {
            "system": "urn:oid:1.2.392.100495.20.2.51",
            "value": "01"
          }
        ],
        "type": [
          {
            "coding": [
              {
                "system": "http://terminology.hl7.org/CodeSystem/organization-type",
                "code": "dept"
              }
            ]
          }
        ],
        "name": "内科",
        "partOf": {
          "reference": "urn:uuid:51c6333d-92ff-0113-56cd-a1f566f43a09"
        }
      }
    },
    {
      "fullUrl": "urn:uuid:9b244427-7479-406f-a366-ee083526c74d",
      "resource": {
        "resourceType": "PractitionerRole",
        "id": "Inline-Instance-for-JP-Bundle-ePreData-Example03-10",
        "text": {
          "status": "generated",
          "div": "<div xmlns=\"http://www.w3.org/1999/xhtml\"><p><b>Generated Narrative</b></p><div style=\"display: inline-block; background-color: #d9e0e7; padding: 6px; margin: 4px; border: 1px solid #8da1b4; border-radius: 5px; line-height: 60%\"><p style=\"margin-bottom: 0px\">Resource \"Inline-Instance-for-JP-Bundle-ePreData-Example03-10\" </p></div><p><b>identifier</b>: id: 702</p><p><b>practitioner</b>: <a href=\"#Practitioner_Inline-Instance-for-JP-Bundle-ePreData-Example03-11\">See above (urn:uuid:da2c7e42-369e-4143-8ae3-7b1c7a4c4c94: 医療者Practionerリソース)</a></p><p><b>organization</b>: <a href=\"#Organization_Inline-Instance-for-JP-Bundle-ePreData-Example03-8\">See above (urn:uuid:9f1993bc-753f-479e-9e01-f0a53929a6fc: 医療機関Organizationリソース)</a></p><p><b>code</b>: 医師 <span style=\"background: LightGoldenRodYellow; margin: 4px; border: 1px solid khaki\"> (<a href=\"CodeSystem-jp-codeSystem-practitioner-role-category.html\">JP_codeSystem_practitioner_role_category</a>#doctor)</span></p></div>"
        },
        "identifier": [
          {
            "system": "http://exapmleHospital.jp/IdSystem/hisUserRoleId",
            "value": "702"
          }
        ],
        "practitioner": {
          "reference": "urn:uuid:da2c7e42-369e-4143-8ae3-7b1c7a4c4c94",
          "display": "医療者Practionerリソース"
        },
        "organization": {
          "reference": "urn:uuid:9f1993bc-753f-479e-9e01-f0a53929a6fc",
          "display": "医療機関Organizationリソース"
        },
        "code": [
          {
            "coding": [
              {
                "system": "http://jpfhir.jp/fhir/Common/CodeSystem/practitioner-role-category",
                "code": "doctor"
              }
            ]
          }
        ]
      }
    },
    {
      "fullUrl": "urn:uuid:da2c7e42-369e-4143-8ae3-7b1c7a4c4c94",
      "resource": {
        "resourceType": "Practitioner",
        "id": "Inline-Instance-for-JP-Bundle-ePreData-Example03-11",
        "text": {
          "status": "generated",
          "div": "<div xmlns=\"http://www.w3.org/1999/xhtml\"><p><b>Generated Narrative</b></p><div style=\"display: inline-block; background-color: #d9e0e7; padding: 6px; margin: 4px; border: 1px solid #8da1b4; border-radius: 5px; line-height: 60%\"><p style=\"margin-bottom: 0px\">Resource \"Inline-Instance-for-JP-Bundle-ePreData-Example03-11\" </p></div><p><b>identifier</b>: id: 123</p><p><b>name</b>: 神奈川　花子, カナガワ　ハナコ</p><blockquote><p><b>qualification</b></p><p><b>identifier</b>: id: 123456</p><p><b>code</b>: 医師 <span style=\"background: LightGoldenRodYellow; margin: 4px; border: 1px solid khaki\"> (<a href=\"CodeSystem-jp-codeSystem-ractitioner-certificate-category.html\">JP_codeSystem_practitioner_certificate_category</a>#MedicalDoctorLicense)</span></p></blockquote><blockquote><p><b>qualification</b></p><p><b>identifier</b>: id: 4-321</p><p><b>code</b>: NarcoticsPractitioner <span style=\"background: LightGoldenRodYellow; margin: 4px; border: 1px solid khaki\"> (Practitioner-certificate-category#NarcoticsPractitioner)</span></p></blockquote></div>"
        },
        "identifier": [
          {
            "system": "urn:oid:1.2.392.100495.20.3.41.11311234567",
            "value": "123"
          }
        ],
        "name": [
          {
            "extension": [
              {
                "url": "http://hl7.org/fhir/StructureDefinition/iso21090-EN-representation",
                "valueCode": "IDE"
              }
            ],
            "text": "神奈川　花子",
            "family": "神奈川",
            "given": [
              "花子"
            ]
          },
          {
            "extension": [
              {
                "url": "http://hl7.org/fhir/StructureDefinition/iso21090-EN-representation",
                "valueCode": "SYL"
              }
            ],
            "text": "カナガワ　ハナコ",
            "family": "カナガワ",
            "given": [
              "ハナコ"
            ]
          }
        ],
        "qualification": [
          {
            "identifier": [
              {
                "system": "urn:oid:1.2.392.100495.20.3.31",
                "value": "123456"
              }
            ],
            "code": {
              "coding": [
                {
                  "system": "http://jpfhir.jp/fhir/core/CodeSystem/practitioner-certificate-category",
                  "code": "MedicalDoctorLicense"
                }
              ]
            }
          },
          {
            "identifier": [
              {
                "system": "urn:oid:1.2.392.100495.20.3.32.113",
                "value": "4-321"
              }
            ],
            "code": {
              "coding": [
                {
                  "system": "http://jpfhir.jp/fhir/core/CodeSystem/Practitioner-certificate-category",
                  "code": "NarcoticsPractitioner"
                }
              ]
            }
          }
        ]
      }
    },
    {
      "fullUrl": "urn:uuid:7038d706-ae0c-132b-f397-d2ca328e7afb",
      "resource": {
        "resourceType": "MedicationRequest",
        "id": "Inline-Instance-for-JP-Bundle-ePreData-Example03-12",
        "text": {
          "status": "generated",
          "div": "<div xmlns=\"http://www.w3.org/1999/xhtml\"><p><b>Generated Narrative</b></p><div style=\"display: inline-block; background-color: #d9e0e7; padding: 6px; margin: 4px; border: 1px solid #8da1b4; border-radius: 5px; line-height: 60%\"><p style=\"margin-bottom: 0px\">Resource \"Inline-Instance-for-JP-Bundle-ePreData-Example03-12\" </p></div><p><b>identifier</b>: id: 1, id: 1</p><p><b>status</b>: active</p><p><b>intent</b>: order</p><p><b>medication</b>: カルボシステイン錠２５０ｍｇ <span style=\"background: LightGoldenRodYellow; margin: 4px; border: 1px solid khaki\"> (unknown#103831601; unknown#2233002F1280)</span></p><p><b>subject</b>: <a href=\"#Patient_Inline-Instance-for-JP-Bundle-ePreData-Example03-2\">See above (urn:uuid:2162023b-fbd4-4424-9aca-a11ea6f48ab4: 患者Patientリソース)</a></p><p><b>authoredOn</b>: 2020-08-21 12:28:17+0900</p><p><b>note</b>: 薬剤単位の備考</p><blockquote><p><b>dispenseRequest</b></p><p><b>quantity</b>: 21 錠<span style=\"background: LightGoldenRodYellow\"> (Details: urn:oid:1.2.392.100495.20.2.101 code TAB = '錠')</span></p></blockquote><h3>Substitutions</h3><table class=\"grid\"><tr><td>-</td><td><b>Allowed[x]</b></td><td><b>Reason</b></td></tr><tr><td>*</td><td>変更不可 <span style=\"background: LightGoldenRodYellow; margin: 4px; border: 1px solid khaki\"> (<a href=\"CodeSystem-mhlw-codeSystem-ePreCDA-unable2Change2Generic-tbl08.html\">MHLW_codeSystem_ePreCDA_unable2Change2Generic_tbl08</a>#1)</span></td><td>患者からの強い要望により <span style=\"background: LightGoldenRodYellow; margin: 4px; border: 1px solid khaki\"> ()</span></td></tr></table></div>"
        },
        "identifier": [
          {
            "system": "urn:oid:1.2.392.100495.20.3.81",
            "value": "1"
          },
          {
            "system": "urn:oid:1.2.392.100495.20.3.82",
            "value": "1"
          }
        ],
        "status": "active",
        "intent": "order",
        "medicationCodeableConcept": {
          "coding": [
            {
              "system": "urn:oid:1.2.392.200119.4.403.1",
              "code": "103831601",
              "display": "カルボシステイン錠２５０ｍｇ"
            },
            {
              "system": "urn:oid:1.2.392.100495.20.2.73",
              "code": "2233002F1280",
              "display": "カルボシステイン錠２５０ｍｇ"
            }
          ]
        },
        "subject": {
          "reference": "urn:uuid:2162023b-fbd4-4424-9aca-a11ea6f48ab4",
          "display": "患者Patientリソース"
        },
        "authoredOn": "2020-08-21T12:28:17+09:00",
        "note": [
          {
            "text": "薬剤単位の備考"
          }
        ],
        "dosageInstruction": [
          {
            "extension": [
              {
                "url": "http://jpfhir.jp/fhir/core/Extension/StructureDefinition/JP_MedicationRequest_DosageInstruction_UsageDuration",
                "valueDuration": {
                  "value": 7,
                  "unit": "日",
                  "system": "http://unitsofmeasure.org",
                  "code": "d"
                }
              }
            ],
            "text": "内服・経口・１日３回朝昼夕食後　１回１錠　７日分",
            "timing": {
              "repeat": {
                "boundsDuration": {
                  "value": 7,
                  "unit": "日",
                  "system": "http://unitsofmeasure.org",
                  "code": "d"
                }
              },
              "code": {
                "coding": [
                  {
                    "system": "urn:oid:1.2.392.200250.2.2.20.20",
                    "code": "1013044400000000",
                    "display": "内服・経口・１日３回朝昼夕食後"
                  }
                ]
              }
            },
            "route": {
              "coding": [
                {
                  "system": "http://jpfhir.jp/fhir/ePrescription/CodeSystem/route-codes",
                  "code": "PO",
                  "display": "口"
                }
              ]
            },
            "method": {
              "coding": [
                {
                  "system": "urn:oid:1.2.392.200250.2.2.20.30",
                  "code": "1",
                  "display": "内服"
                }
              ]
            },
            "doseAndRate": [
              {
                "type": {
                  "coding": [
                    {
                      "system": "urn:oid:1.2.392.100495.20.2.22",
                      "code": "1",
                      "display": "製剤量"
                    }
                  ]
                },
                "doseQuantity": {
                  "value": 1,
                  "unit": "錠",
                  "system": "urn:oid:1.2.392.100495.20.2.101",
                  "code": "TAB"
                },
                "rateRatio": {
                  "numerator": {
                    "value": 3,
                    "unit": "錠",
                    "system": "urn:oid:1.2.392.100495.20.2.101",
                    "code": "TAB"
                  },
                  "denominator": {
                    "value": 1,
                    "unit": "日",
                    "system": "http://unitsofmeasure.org",
                    "code": "d"
                  }
                }
              }
            ]
          }
        ],
        "dispenseRequest": {
          "quantity": {
            "value": 21,
            "unit": "錠",
            "system": "urn:oid:1.2.392.100495.20.2.101",
            "code": "TAB"
          },
          "expectedSupplyDuration": {
            "value": 7,
            "unit": "日",
            "system": "http://unitsofmeasure.org",
            "code": "d"
          }
        },
        "substitution": {
          "allowedCodeableConcept": {
            "coding": [
              {
                "system": "urn:oid:1.2.392.100495.20.2.41",
                "code": "1",
                "display": "変更不可"
              }
            ]
          },
          "reason": {
            "text": "患者からの強い要望により"
          }
        }
      }
    },
    {
      "fullUrl": "urn:uuid:b8d42aea-c98c-4829-b0f1-c8cac0dd9bce",
      "resource": {
        "resourceType": "MedicationRequest",
        "id": "Inline-Instance-for-JP-Bundle-ePreData-Example03-13",
        "text": {
          "status": "generated",
          "div": "<div xmlns=\"http://www.w3.org/1999/xhtml\"><p><b>Generated Narrative</b></p><div style=\"display: inline-block; background-color: #d9e0e7; padding: 6px; margin: 4px; border: 1px solid #8da1b4; border-radius: 5px; line-height: 60%\"><p style=\"margin-bottom: 0px\">Resource \"Inline-Instance-for-JP-Bundle-ePreData-Example03-13\" </p></div><p><b>identifier</b>: id: 2, id: 1</p><p><b>status</b>: active</p><p><b>intent</b>: order</p><p><b>medication</b>: リンデロンＶＧクリーム ５ｇ <span style=\"background: LightGoldenRodYellow; margin: 4px; border: 1px solid khaki\"> (unknown#106062101)</span></p><p><b>subject</b>: <a href=\"#Patient_Inline-Instance-for-JP-Bundle-ePreData-Example03-2\">See above (urn:uuid:2162023b-fbd4-4424-9aca-a11ea6f48ab4: 患者Patientリソース)</a></p><p><b>authoredOn</b>: 2020-08-21 12:28:17+0900</p><h3>DispenseRequests</h3><table class=\"grid\"><tr><td>-</td><td><b>Quantity</b></td></tr><tr><td>*</td><td>2 本<span style=\"background: LightGoldenRodYellow\"> (Details: urn:oid:1.2.392.100495.20.2.101 code HON = '本')</span></td></tr></table><h3>Substitutions</h3><table class=\"grid\"><tr><td>-</td><td><b>Allowed[x]</b></td></tr><tr><td>*</td><td>変更可 <span style=\"background: LightGoldenRodYellow; margin: 4px; border: 1px solid khaki\"> (<a href=\"CodeSystem-mhlw-codeSystem-ePreCDA-unable2Change2Generic-tbl08.html\">MHLW_codeSystem_ePreCDA_unable2Change2Generic_tbl08</a>#0)</span></td></tr></table></div>"
        },
        "identifier": [
          {
            "system": "urn:oid:1.2.392.100495.20.3.81",
            "value": "2"
          },
          {
            "system": "urn:oid:1.2.392.100495.20.3.82",
            "value": "1"
          }
        ],
        "status": "active",
        "intent": "order",
        "medicationCodeableConcept": {
          "coding": [
            {
              "system": "urn:oid:1.2.392.200119.4.403.1",
              "code": "106062101",
              "display": "リンデロンＶＧクリーム ５ｇ"
            }
          ]
        },
        "subject": {
          "reference": "urn:uuid:2162023b-fbd4-4424-9aca-a11ea6f48ab4",
          "display": "患者Patientリソース"
        },
        "authoredOn": "2020-08-21T12:28:17+09:00",
        "dosageInstruction": [
          {
            "text": "１日３回患部に塗布（膝）",
            "timing": {
              "code": {
                "coding": [
                  {
                    "system": "urn:oid:1.2.392.200250.2.2.20.20",
                    "code": "2B73000000000000",
                    "display": "外用・塗布・１日３回"
                  }
                ]
              }
            },
            "site": {
              "coding": [
                {
                  "system": "urn:oid:1.2.392.200250.2.2.20.32",
                  "code": "950",
                  "display": "膝"
                }
              ]
            },
            "route": {
              "coding": [
                {
                  "system": "http://jpfhir.jp/fhir/ePrescription/CodeSystem/route-codes",
                  "code": "AP",
                  "display": "外用"
                }
              ]
            },
            "method": {
              "coding": [
                {
                  "system": "urn:oid:1.2.392.200250.2.2.20.40",
                  "code": "2B",
                  "display": "塗布"
                }
              ]
            }
          },
          {
            "text": "１日３回患部に塗布（すね）",
            "timing": {
              "code": {
                "coding": [
                  {
                    "system": "urn:oid:1.2.392.200250.2.2.20.20",
                    "code": "2B73000000000000",
                    "display": "外用・塗布・１日３回"
                  }
                ]
              }
            },
            "site": {
              "coding": [
                {
                  "system": "urn:oid:1.2.392.200250.2.2.20.32",
                  "code": "970",
                  "display": "すね"
                }
              ]
            },
            "route": {
              "coding": [
                {
                  "system": "http://jpfhir.jp/fhir/ePrescription/CodeSystem/route-codes",
                  "code": "AP",
                  "display": "外用"
                }
              ]
            },
            "method": {
              "coding": [
                {
                  "system": "urn:oid:1.2.392.200250.2.2.20.40",
                  "code": "2B",
                  "display": "塗布"
                }
              ]
            }
          }
        ],
        "dispenseRequest": {
          "quantity": {
            "value": 2,
            "unit": "本",
            "system": "urn:oid:1.2.392.100495.20.2.101",
            "code": "HON"
          }
        },
        "substitution": {
          "allowedCodeableConcept": {
            "coding": [
              {
                "system": "urn:oid:1.2.392.100495.20.2.41",
                "code": "0",
                "display": "変更可"
              }
            ]
          }
        }
      }
    },
    {
      "fullUrl": "urn:uuid:163c025e-d276-4134-803b-6eb4472e7164",
      "resource": {
        "resourceType": "Communication",
        "id": "Inline-Instance-for-JP-Bundle-ePreData-Example03-14",
        "text": {
          "status": "extensions",
          "div": "<div xmlns=\"http://www.w3.org/1999/xhtml\"><p><b>Generated Narrative</b></p><div style=\"display: inline-block; background-color: #d9e0e7; padding: 6px; margin: 4px; border: 1px solid #8da1b4; border-radius: 5px; line-height: 60%\"><p style=\"margin-bottom: 0px\">Resource \"Inline-Instance-for-JP-Bundle-ePreData-Example03-14\" </p></div><p><b>JP_Communication_CommunicationContent</b>: 患者は聴覚障害のため説明を紙に記載して渡すようにしてください。</p><p><b>status</b>: completed</p><p><b>category</b>: 調剤者への指示 <span style=\"background: LightGoldenRodYellow; margin: 4px; border: 1px solid khaki\"> (<a href=\"CodeSystem-jp-codeSystem-ePreCommunication-category.html\">JP_codeSystem_ePreCommunication_category</a>#2)</span></p></div>"
        },
        "extension": [
          {
            "url": "http://jpfhir.jp/fhir/ePrescription/Extension/StructureDefinition/JP_Communication_CommunicationContent",
            "valueString": "患者は聴覚障害のため説明を紙に記載して渡すようにしてください。"
          }
        ],
        "status": "completed",
        "category": [
          {
            "coding": [
              {
                "system": "http://jpfhir.jp/fhir/ePrescription/CodeSystem/communication-category",
                "code": "2",
                "display": "調剤者への指示"
              }
            ]
          }
        ]
      }
    }
  ]
}