{
  "resourceType": "Bundle",
  "id": "JP-Bundle-ePreData-Example-bunkatsu",
  "meta": {
    "profile": [
      "http://jpfhir.jp/fhir/ePrescription/StructureDefinition/JP_Bundle_ePrescriptionData"
    ]
  },
  "identifier": {
    "system": "urn:ietf:rfc:3986",
    "value": "urn:uuid:0c3151bd-1cbf-4d64-b04d-cd9187a4c6e0"
  },
  "type": "document",
  "timestamp": "2020-08-21T12:12:02+09:00",
  "entry": [
    {
      "fullUrl": "urn:uuid:954a5be8-8c83-49d7-9ce5-39ed9b20589a",
      "resource": {
        "resourceType": "Composition",
        "id": "Composition-for-JP-MedReq-ePreData-Example-bunkatsu",
        "meta": {
          "profile": [
            "http://jpfhir.jp/fhir/ePrescription/StructureDefinition/JP_Composition_ePrescriptionData"
          ]
        },
        "text": {
          "status": "extensions",
          "div": "<div xmlns=\"http://www.w3.org/1999/xhtml\"><p><b>Generated Narrative</b></p><div style=\"display: inline-block; background-color: #d9e0e7; padding: 6px; margin: 4px; border: 1px solid #8da1b4; border-radius: 5px; line-height: 60%\"><p style=\"margin-bottom: 0px\">Resource \"Composition-for-JP-MedReq-ePreData-Example-bunkatsu\" </p><p style=\"margin-bottom: 0px\">Profile: <a href=\"StructureDefinition-JP-Composition-ePrescriptionData.html\">JP_Composition_ePrescriptionData</a></p></div><p><b>versionNumber</b>: 1.0</p><p><b>identifier</b>: id: 1311234567-2020-00123456</p><p><b>status</b>: final</p><p><b>type</b>: 処方箋 <span style=\"background: LightGoldenRodYellow; margin: 4px; border: 1px solid khaki\"> (<a href=\"CodeSystem-jp-codeSystem-documentTypeCode.html\">JP_codeSystem_documentTypeCode</a>#57833-6)</span></p><p><b>category</b>: 分割一般処方 <span style=\"background: LightGoldenRodYellow; margin: 4px; border: 1px solid khaki\"> (<a href=\"CodeSystem-jp-codeSystem-prescription-category.html\">JP_codeSystem_prescription_category</a>#03)</span></p><p><b>encounter</b>: <a href=\"#Encounter_Encounter-for-JP-MedReq-ePreData-Example-bunkatsu\">See above (Encounter/Encounter-for-JP-MedReq-ePreData-Example-bunkatsu: 受診Encounterリソース)</a></p><p><b>date</b>: 2020-08-21 12:12:22+0900</p><p><b>author</b>: <a href=\"#Organization_OrgIssuer-for-JP-MedReq-ePreData-Example-bunkatsu\">See above (Organization/OrgIssuer-for-JP-MedReq-ePreData-Example-bunkatsu: 処方作成機関Organizationリソース)</a></p><p><b>title</b>: 分割処方箋</p><p><b>custodian</b>: <a href=\"#Organization_OrgIssuer-for-JP-MedReq-ePreData-Example-bunkatsu\">See above (Organization/OrgIssuer-for-JP-MedReq-ePreData-Example-bunkatsu)</a></p><h3>Events</h3><table class=\"grid\"><tr><td>-</td><td><b>Code</b></td><td><b>Period</b></td></tr><tr><td>*</td><td>処方箋交付 <span style=\"background: LightGoldenRodYellow; margin: 4px; border: 1px solid khaki\"> ()</span></td><td>2020-08-21 --&gt; 2020-08-24</td></tr></table></div>"
        },
        "extension": [
          {
            "url": "http://hl7.org/fhir/StructureDefinition/composition-clinicaldocument-versionNumber",
            "valueString": "1.0"
          }
        ],
        "identifier": {
          "system": "http://jpfhir.jp/fhir/Common/IdSystem/resourceInstance-identifier",
          "value": "1311234567-2020-00123456"
        },
        "status": "final",
        "type": {
          "coding": [
            {
              "system": "http://jpfhir.jp/fhir/Common/CodeSystem/doc-typecodes",
              "code": "57833-6",
              "display": "処方箋"
            }
          ]
        },
        "category": [
          {
            "coding": [
              {
                "system": "http://jpfhir.jp/fhir/ePrescription/CodeSystem/prescription-category",
                "code": "03",
                "display": "分割一般処方"
              }
            ]
          }
        ],
        "subject": {
          "reference": "Patient/Patient-for-JP-MedReq-ePreData-Example-bunkatsu",
          "display": "患者リソースPatient"
        },
        "encounter": {
          "reference": "Encounter/Encounter-for-JP-MedReq-ePreData-Example-bunkatsu",
          "display": "受診Encounterリソース"
        },
        "date": "2020-08-21T12:12:22+09:00",
        "author": [
          {
            "reference": "Organization/OrgIssuer-for-JP-MedReq-ePreData-Example-bunkatsu",
            "display": "処方作成機関Organizationリソース"
          }
        ],
        "title": "分割処方箋",
        "custodian": {
          "reference": "Organization/OrgIssuer-for-JP-MedReq-ePreData-Example-bunkatsu"
        },
        "event": [
          {
            "code": [
              {
                "text": "処方箋交付"
              }
            ],
            "period": {
              "start": "2020-08-21",
              "end": "2020-08-24"
            }
          }
        ],
        "section": [
          {
            "title": "分割処方箋セクション",
            "code": {
              "coding": [
                {
                  "system": "http://jpfhir.jp/fhir/ePrescription/CodeSystem/prescription-section",
                  "code": "11",
                  "display": "分割処方箋セクション"
                }
              ]
            },
            "text": {
              "status": "generated",
              "div": "<div xmlns=\"http://www.w3.org/1999/xhtml\">xxx</div>"
            },
            "entry": [
              {
                "reference": "Bundle/Bundle01-for-JP-MedReq-ePreData-Example-bunkatsu"
              }
            ]
          },
          {
            "title": "別紙セクション",
            "code": {
              "coding": [
                {
                  "system": "http://jpfhir.jp/fhir/ePrescription/CodeSystem/prescription-section",
                  "code": "12",
                  "display": "別紙セクション"
                }
              ]
            },
            "text": {
              "status": "generated",
              "div": "<div xmlns=\"http://www.w3.org/1999/xhtml\">xxx</div>"
            },
            "entry": [
              {
                "reference": "Organization/OrgIssuer-for-JP-MedReq-ePreData-Example-bunkatsu"
              }
            ]
          }
        ]
      }
    },
    {
      "fullUrl": "urn:uuid:9495ef34-a77d-4f3e-8dce-5688e169d0fa",
      "resource": {
        "resourceType": "Bundle",
        "id": "Bundle01-for-JP-MedReq-ePreData-Example-bunkatsu",
        "meta": {
          "profile": [
            "http://jpfhir.jp/fhir/ePrescription/StructureDefinition/JP_Bundle_ePrescriptionDataBunkatsuInline"
          ]
        },
        "identifier": {
          "system": "urn:ietf:rfc:3986",
          "value": "urn:uuid:0c3151bd-1cbf-4d64-b04d-cd9187a4c6e0"
        },
        "type": "document",
        "timestamp": "2020-08-21T12:12:21+09:00",
        "entry": [
          {
            "fullUrl": "urn:uuid:20ade057-b106-9223-585e-20aa8d1635af",
            "resource": {
              "resourceType": "Composition",
              "id": "Inline-Instance-for-JP-Bundle01-ePreData-Example01-1",
              "meta": {
                "profile": [
                  "http://jpfhir.jp/fhir/ePrescription/StructureDefinition/JP_Composition_ePrescriptionData"
                ]
              },
              "extension": [
                {
                  "url": "http://hl7.org/fhir/StructureDefinition/composition-clinicaldocument-versionNumber",
                  "valueString": "1"
                }
              ],
              "identifier": {
                "system": "http://jpfhir.jp/fhir/Common/IdSystem/resourceInstance-identifier",
                "value": "34875506"
              },
              "status": "final",
              "type": {
                "coding": [
                  {
                    "system": "http://jpfhir.jp/fhir/Common/CodeSystem/doc-typecodes",
                    "code": "57833-6",
                    "display": "処方箋"
                  }
                ]
              },
              "category": [
                {
                  "coding": [
                    {
                      "system": "http://jpfhir.jp/fhir/ePrescription/CodeSystem/prescription-category",
                      "code": "01",
                      "display": "一般処方箋"
                    }
                  ]
                }
              ],
              "subject": {
                "reference": "urn:uuid:e22017ff-4c65-649c-2dfe-c6676b654be5",
                "display": "患者リソースPatient"
              },
              "encounter": {
                "reference": "urn:uuid:d151a740-d8a1-9c19-29f0-f52476e619d7",
                "display": "受診Encounterリソース"
              },
              "date": "2020-08-21T12:12:20+09:00",
              "author": [
                {
                  "reference": "urn:uuid:2e61a47b-a7fa-1d23-ebbf-eade736e9b00",
                  "display": "処方作成者PractitionerRoleリソース"
                },
                {
                  "reference": "urn:uuid:51c6333d-92ff-0113-56cd-a1f566f43a09",
                  "display": "処方作成機関Organaizationリソース"
                }
              ],
              "title": "処方箋",
              "custodian": {
                "reference": "urn:uuid:51c6333d-92ff-0113-56cd-a1f566f43a09",
                "display": "処方箋交付責任機関Organaizationリソース"
              },
              "event": [
                {
                  "code": [
                    {
                      "text": "処方箋交付"
                    }
                  ],
                  "period": {
                    "start": "2020-08-21"
                  }
                }
              ],
              "section": [
                {
                  "title": "処方情報",
                  "code": {
                    "coding": [
                      {
                        "system": "http://jpfhir.jp/fhir/ePrescription/CodeSystem/prescription-section",
                        "code": "01",
                        "display": "処方情報セクション"
                      }
                    ]
                  },
                  "entry": [
                    {
                      "reference": "urn:uuid:9b4e6a12-7bb3-5d46-a126-31b33410f796",
                      "display": "健康保険Coverage"
                    },
                    {
                      "reference": "urn:uuid:a1ae0c57-d89f-3757-081d-05466134481d",
                      "display": "健康保険者Organaization"
                    },
                    {
                      "reference": "urn:uuid:32326e64-2e22-2ea9-06e8-460ce4b70593",
                      "display": "公費負担Coverage"
                    },
                    {
                      "reference": "urn:uuid:73e9e96a-3c8b-1125-937b-06639ed865c1",
                      "display": "公費負担者Organaization"
                    },
                    {
                      "reference": "urn:uuid:a58040b7-6283-fb0c-4b25-a17dca08cc3d",
                      "display": "処方指示 内服処方7日分MedicationRequestリソース"
                    },
                    {
                      "reference": "urn:uuid:632cdb4b-36fe-05fb-9a3d-b4230cb7e608",
                      "display": "処方指示 外用MedicationRequestリソース"
                    },
                    {
                      "reference": "urn:uuid:499f7db1-b4c2-3d01-b1a0-dfdb502977ab",
                      "display": "調剤者への指示"
                    }
                  ]
                }
              ]
            }
          },
          {
            "fullUrl": "urn:uuid:e22017ff-4c65-649c-2dfe-c6676b654be5",
            "resource": {
              "resourceType": "Patient",
              "id": "Inline-Instance-for-JP-Bundle01-ePreData-Example01-2",
              "meta": {
                "profile": [
                  "http://jpfhir.jp/fhir/ePrescription/StructureDefinition/JP_Patient_ePrescriptionData"
                ]
              },
              "identifier": [
                {
                  "system": "urn:oid:1.2.392.100495.20.3.51.11311234567",
                  "value": "00000010"
                }
              ],
              "name": [
                {
                  "extension": [
                    {
                      "url": "http://hl7.org/fhir/StructureDefinition/iso21090-EN-representation",
                      "valueCode": "IDE"
                    }
                  ],
                  "use": "official",
                  "text": "東京　太郎",
                  "family": "東京",
                  "given": [
                    "太郎"
                  ]
                },
                {
                  "extension": [
                    {
                      "url": "http://hl7.org/fhir/StructureDefinition/iso21090-EN-representation",
                      "valueCode": "SYL"
                    }
                  ],
                  "use": "official",
                  "text": "トウキョウ　タロウ",
                  "family": "トウキョウ",
                  "given": [
                    "タロウ"
                  ]
                }
              ],
              "gender": "male",
              "birthDate": "1920-02-11",
              "address": [
                {
                  "text": "神奈川県横浜市港区１－２－３",
                  "postalCode": "123-4567",
                  "country": "JP"
                }
              ]
            }
          },
          {
            "fullUrl": "urn:uuid:d151a740-d8a1-9c19-29f0-f52476e619d7",
            "resource": {
              "resourceType": "Encounter",
              "id": "Inline-Instance-for-JP-Bundle01-ePreData-Example01-3",
              "meta": {
                "profile": [
                  "http://jpfhir.jp/fhir/ePrescription/StructureDefinition/JP_Encounter_ePrescriptionData"
                ]
              },
              "status": "finished",
              "class": {
                "system": "http://terminology.hl7.org/CodeSystem/v3-ActCode",
                "code": "AMB",
                "display": "外来"
              }
            }
          },
          {
            "fullUrl": "urn:uuid:9b4e6a12-7bb3-5d46-a126-31b33410f796",
            "resource": {
              "resourceType": "Coverage",
              "id": "Inline-Instance-for-JP-Bundle01-ePreData-Example01-4",
              "meta": {
                "profile": [
                  "http://jpfhir.jp/fhir/ePrescription/StructureDefinition/JP_Coverage_ePrescriptionData_insurance"
                ]
              },
              "extension": [
                {
                  "url": "http://jpfhir.jp/fhir/core/Extension/StructureDefinition/JP_Coverage_InsuredPersonSymbol",
                  "valueString": "12345"
                },
                {
                  "url": "http://jpfhir.jp/fhir/core/Extension/StructureDefinition/JP_Coverage_InsuredPersonNumber",
                  "valueString": "６７８９０"
                },
                {
                  "url": "http://jpfhir.jp/fhir/core/Extension/StructureDefinition/JP_Coverage_InsuredPersonSubNumber",
                  "valueString": "01"
                }
              ],
              "status": "active",
              "type": {
                "coding": [
                  {
                    "system": "urn:oid:1.2.392.100495.20.2.61",
                    "code": "1"
                  }
                ]
              },
              "beneficiary": {
                "reference": "urn:uuid:e22017ff-4c65-649c-2dfe-c6676b654be5",
                "display": "患者Patientリソース"
              },
              "dependent": "01",
              "relationship": {
                "coding": [
                  {
                    "system": "urn:oid:1.2.392.100495.20.2.62",
                    "code": "1",
                    "display": "被保険者"
                  }
                ]
              },
              "period": {
                "start": "2018-04-01"
              },
              "payor": [
                {
                  "reference": "urn:uuid:a1ae0c57-d89f-3757-081d-05466134481d",
                  "display": "保険者Organizationリソース"
                }
              ],
              "costToBeneficiary": [
                {
                  "type": {
                    "coding": [
                      {
                        "system": "http://terminology.hl7.org/CodeSystem/coverage-copay-type",
                        "code": "copaypct",
                        "display": "負担率"
                      }
                    ]
                  },
                  "valueQuantity": {
                    "value": 30,
                    "unit": "%",
                    "system": "http://unitsofmeasure.org",
                    "code": "%"
                  }
                }
              ]
            }
          },
          {
            "fullUrl": "urn:uuid:32326e64-2e22-2ea9-06e8-460ce4b70593",
            "resource": {
              "resourceType": "Coverage",
              "id": "Inline-Instance-for-JP-Bundle01-ePreData-Example01-5",
              "meta": {
                "profile": [
                  "http://jpfhir.jp/fhir/ePrescription/StructureDefinition/JP_Coverage_ePrescriptionData_publicPayment"
                ]
              },
              "status": "active",
              "type": {
                "coding": [
                  {
                    "system": "urn:oid:1.2.392.100495.20.2.61",
                    "code": "8"
                  }
                ]
              },
              "subscriberId": "12345678",
              "beneficiary": {
                "reference": "urn:uuid:e22017ff-4c65-649c-2dfe-c6676b654be5",
                "display": "患者Patientリソース"
              },
              "period": {
                "start": "2020-01-01",
                "end": "2020-12-31"
              },
              "payor": [
                {
                  "reference": "urn:uuid:73e9e96a-3c8b-1125-937b-06639ed865c1",
                  "display": "公費負担者Organization"
                }
              ],
              "order": 1,
              "costToBeneficiary": [
                {
                  "type": {
                    "coding": [
                      {
                        "system": "http://terminology.hl7.org/CodeSystem/coverage-copay-type",
                        "code": "copaypct",
                        "display": "負担率"
                      }
                    ]
                  },
                  "valueQuantity": {
                    "value": 10,
                    "unit": "%",
                    "system": "http://unitsofmeasure.org",
                    "code": "%"
                  }
                }
              ]
            }
          },
          {
            "fullUrl": "urn:uuid:a1ae0c57-d89f-3757-081d-05466134481d",
            "resource": {
              "resourceType": "Organization",
              "id": "Inline-Instance-for-JP-Bundle01-ePreData-Example01-6",
              "meta": {
                "profile": [
                  "http://jpfhir.jp/fhir/ePrescription/StructureDefinition/JP_Organization_ePrescriptionData_coveragePayer"
                ]
              },
              "identifier": [
                {
                  "system": "urn:oid:1.2.392.100495.20.3.61",
                  "value": "06123456"
                }
              ],
              "type": [
                {
                  "coding": [
                    {
                      "system": "http://terminology.hl7.org/CodeSystem/organization-type",
                      "code": "ins"
                    }
                  ]
                }
              ],
              "name": "サンプル健康保険組合"
            }
          },
          {
            "fullUrl": "urn:uuid:73e9e96a-3c8b-1125-937b-06639ed865c1",
            "resource": {
              "resourceType": "Organization",
              "id": "Inline-Instance-for-JP-Bundle01-ePreData-Example01-7",
              "meta": {
                "profile": [
                  "http://jpfhir.jp/fhir/ePrescription/StructureDefinition/JP_Organization_ePrescriptionData_coveragePayer"
                ]
              },
              "identifier": [
                {
                  "system": "urn:oid:1.2.392.100495.20.3.71",
                  "value": "94733"
                }
              ],
              "type": [
                {
                  "coding": [
                    {
                      "system": "http://terminology.hl7.org/CodeSystem/organization-type",
                      "code": "other"
                    }
                  ]
                }
              ],
              "name": "神奈川県横浜市"
            }
          },
          {
            "fullUrl": "urn:uuid:51c6333d-92ff-0113-56cd-a1f566f43a09",
            "resource": {
              "resourceType": "Organization",
              "id": "Inline-Instance-for-JP-Bundle01-ePreData-Example01-8",
              "meta": {
                "profile": [
                  "http://jpfhir.jp/fhir/ePrescription/StructureDefinition/JP_Organization_ePrescriptionData_issuer"
                ]
              },
              "extension": [
                {
                  "url": "http://jpfhir.jp/fhir/core/Extension/StructureDefinition/JP_Organization_PrefectureNo",
                  "valueIdentifier": {
                    "system": "urn:oid:1.2.392.100495.20.3.21",
                    "value": "13"
                  }
                },
                {
                  "url": "http://jpfhir.jp/fhir/core/Extension/StructureDefinition/JP_Organization_InsuranceOrganizationCategory",
                  "valueIdentifier": {
                    "system": "urn:oid:1.2.392.100495.20.3.22",
                    "value": "1"
                  }
                },
                {
                  "url": "http://jpfhir.jp/fhir/core/Extension/StructureDefinition/JP_Organization_InsuranceOrganizationNo",
                  "valueIdentifier": {
                    "system": "urn:oid:1.2.392.100495.20.3.23",
                    "value": "1234567"
                  }
                }
              ],
              "identifier": [
                {
                  "system": "http://jpfhir.jp/fhir/Common/IdSystem/insurance-medical-institution-no",
                  "value": "1311234567"
                }
              ],
              "type": [
                {
                  "coding": [
                    {
                      "system": "http://terminology.hl7.org/CodeSystem/organization-type",
                      "code": "prov"
                    }
                  ]
                }
              ],
              "name": "第一病院",
              "telecom": [
                {
                  "system": "phone",
                  "value": "0123-456-7890"
                }
              ],
              "address": [
                {
                  "text": "〒100-0001 東京都千代田区千代田９－９－９"
                }
              ]
            }
          },
          {
            "fullUrl": "urn:uuid:2e61a47b-a7fa-1d23-ebbf-eade736e9b00",
            "resource": {
              "resourceType": "PractitionerRole",
              "id": "Inline-Instance-for-JP-Bundle01-ePreData-Example01-10",
              "meta": {
                "profile": [
                  "http://jpfhir.jp/fhir/ePrescription/StructureDefinition/JP_PractitionerRole_ePrescriptionData_author"
                ]
              },
              "identifier": [
                {
                  "system": "http://exapmleHospital.jp/IdSystem/hisUserRoleId",
                  "value": "702"
                }
              ],
              "practitioner": {
                "reference": "urn:uuid:a871437d-03eb-edfb-9ac7-f3313c54f31a",
                "display": "医療者Practionerリソース"
              },
              "organization": {
                "reference": "urn:uuid:51c6333d-92ff-0113-56cd-a1f566f43a09",
                "display": "医療機関Organizationリソース"
              },
              "code": [
                {
                  "coding": [
                    {
                      "system": "http://jpfhir.jp/fhir/Common/CodeSystem/practitioner-role-category",
                      "code": "doctor"
                    }
                  ]
                }
              ]
            }
          },
          {
            "fullUrl": "urn:uuid:a871437d-03eb-edfb-9ac7-f3313c54f31a",
            "resource": {
              "resourceType": "Practitioner",
              "id": "Inline-Instance-for-JP-Bundle01-ePreData-Example01-11",
              "meta": {
                "profile": [
                  "http://jpfhir.jp/fhir/ePrescription/StructureDefinition/JP_Practitioner_ePrescriptionData_author"
                ]
              },
              "identifier": [
                {
                  "system": "urn:oid:1.2.392.100495.20.3.41.11311234567",
                  "value": "123"
                }
              ],
              "name": [
                {
                  "extension": [
                    {
                      "url": "http://hl7.org/fhir/StructureDefinition/iso21090-EN-representation",
                      "valueCode": "IDE"
                    }
                  ],
                  "text": "神奈川　花子",
                  "family": "神奈川",
                  "given": [
                    "花子"
                  ]
                },
                {
                  "extension": [
                    {
                      "url": "http://hl7.org/fhir/StructureDefinition/iso21090-EN-representation",
                      "valueCode": "SYL"
                    }
                  ],
                  "text": "カナガワ　ハナコ",
                  "family": "カナガワ",
                  "given": [
                    "ハナコ"
                  ]
                }
              ],
              "qualification": [
                {
                  "identifier": [
                    {
                      "system": "urn:oid:1.2.392.100495.20.3.31",
                      "value": "123456"
                    }
                  ],
                  "code": {
                    "coding": [
                      {
                        "system": "http://jpfhir.jp/fhir/core/CodeSystem/practitioner-certificate-category",
                        "code": "MedicalDoctorLicense"
                      }
                    ]
                  }
                },
                {
                  "identifier": [
                    {
                      "system": "urn:oid:1.2.392.100495.20.3.32.113",
                      "value": "4-321"
                    }
                  ],
                  "code": {
                    "coding": [
                      {
                        "system": "http://jpfhir.jp/fhir/core/CodeSystem/practitioner-certificate-category",
                        "code": "NarcoticsPractitioner"
                      }
                    ]
                  }
                }
              ]
            }
          },
          {
            "fullUrl": "urn:uuid:a58040b7-6283-fb0c-4b25-a17dca08cc3d",
            "resource": {
              "resourceType": "MedicationRequest",
              "id": "Inline-Instance-for-JP-Bundle01-ePreData-Example01-12",
              "meta": {
                "profile": [
                  "http://jpfhir.jp/fhir/ePrescription/StructureDefinition/JP_MedicationRequest_ePrescriptionData"
                ]
              },
              "identifier": [
                {
                  "system": "urn:oid:1.2.392.100495.20.3.81",
                  "value": "1"
                },
                {
                  "system": "urn:oid:1.2.392.100495.20.3.82",
                  "value": "1"
                }
              ],
              "status": "active",
              "intent": "order",
              "medicationCodeableConcept": {
                "coding": [
                  {
                    "system": "urn:oid:1.2.392.200119.4.403.1",
                    "code": "103831601",
                    "display": "カルボシステイン錠２５０ｍｇ"
                  },
                  {
                    "system": "urn:oid:1.2.392.100495.20.1.73",
                    "code": "2233002F1280",
                    "display": "カルボシステイン錠２５０ｍｇ"
                  }
                ],
                "text": "カルボシステイン錠２５０ｍｇ"
              },
              "subject": {
                "reference": "urn:uuid:e22017ff-4c65-649c-2dfe-c6676b654be5",
                "display": "患者Patientリソース"
              },
              "authoredOn": "2020-08-21T12:28:17+09:00",
              "note": [
                {
                  "text": "薬剤単位の備考"
                }
              ],
              "dosageInstruction": [
                {
                  "extension": [
                    {
                      "url": "http://jpfhir.jp/fhir/core/Extension/StructureDefinition/JP_MedicationRequest_DosageInstruction_UsageDuration",
                      "valueDuration": {
                        "value": 7,
                        "unit": "日",
                        "system": "http://unitsofmeasure.org",
                        "code": "d"
                      }
                    }
                  ],
                  "text": "内服・経口・１日３回朝昼夕食後　１回１錠　７日分",
                  "timing": {
                    "repeat": {
                      "boundsDuration": {
                        "value": 7,
                        "unit": "日",
                        "system": "http://unitsofmeasure.org",
                        "code": "d"
                      }
                    },
                    "code": {
                      "coding": [
                        {
                          "system": "urn:oid:1.2.392.200250.2.2.20.20",
                          "code": "1013044400000000",
                          "display": "内服・経口・１日３回朝昼夕食後"
                        }
                      ]
                    }
                  },
                  "route": {
                    "coding": [
                      {
                        "system": "http://jpfhir.jp/fhir/ePrescription/CodeSystem/route-codes",
                        "code": "PO",
                        "display": "口"
                      }
                    ]
                  },
                  "method": {
                    "coding": [
                      {
                        "system": "urn:oid:1.2.392.200250.2.2.20.30",
                        "code": "1",
                        "display": "内服"
                      }
                    ]
                  },
                  "doseAndRate": [
                    {
                      "type": {
                        "coding": [
                          {
                            "system": "urn:oid:1.2.392.100495.20.2.22",
                            "code": "1",
                            "display": "製剤量"
                          }
                        ]
                      },
                      "doseQuantity": {
                        "value": 1,
                        "unit": "錠",
                        "system": "urn:oid:1.2.392.100495.20.2.101",
                        "code": "TAB"
                      },
                      "rateRatio": {
                        "numerator": {
                          "value": 3,
                          "unit": "錠",
                          "system": "urn:oid:1.2.392.100495.20.2.101",
                          "code": "TAB"
                        },
                        "denominator": {
                          "value": 1,
                          "unit": "日",
                          "system": "http://unitsofmeasure.org",
                          "code": "d"
                        }
                      }
                    }
                  ]
                }
              ],
              "dispenseRequest": {
                "quantity": {
                  "value": 21,
                  "unit": "錠",
                  "system": "urn:oid:1.2.392.100495.20.2.101",
                  "code": "TAB"
                },
                "expectedSupplyDuration": {
                  "value": 7,
                  "unit": "日",
                  "system": "http://unitsofmeasure.org",
                  "code": "d"
                }
              },
              "substitution": {
                "allowedCodeableConcept": {
                  "coding": [
                    {
                      "system": "urn:oid:1.2.392.100495.20.2.41",
                      "code": "1",
                      "display": "変更不可"
                    }
                  ]
                },
                "reason": {
                  "text": "患者からの強い要望により"
                }
              }
            }
          },
          {
            "fullUrl": "urn:uuid:632cdb4b-36fe-05fb-9a3d-b4230cb7e608",
            "resource": {
              "resourceType": "MedicationRequest",
              "id": "Inline-Instance-for-JP-Bundle01-ePreData-Example01-13",
              "meta": {
                "profile": [
                  "http://jpfhir.jp/fhir/ePrescription/StructureDefinition/JP_MedicationRequest_ePrescriptionData"
                ]
              },
              "identifier": [
                {
                  "system": "urn:oid:1.2.392.100495.20.3.81",
                  "value": "2"
                },
                {
                  "system": "urn:oid:1.2.392.100495.20.3.82",
                  "value": "1"
                }
              ],
              "status": "active",
              "intent": "order",
              "medicationCodeableConcept": {
                "coding": [
                  {
                    "system": "urn:oid:1.2.392.200119.4.403.1",
                    "code": "106062101",
                    "display": "リンデロンＶＧクリーム ５ｇ"
                  }
                ],
                "text": "リンデロンＶＧクリーム ５ｇ"
              },
              "subject": {
                "reference": "urn:uuid:e22017ff-4c65-649c-2dfe-c6676b654be5",
                "display": "患者Patientリソース"
              },
              "authoredOn": "2020-08-21T12:28:17+09:00",
              "dosageInstruction": [
                {
                  "text": "１日３回患部に塗布（膝）",
                  "timing": {
                    "code": {
                      "coding": [
                        {
                          "system": "urn:oid:1.2.392.200250.2.2.20.20",
                          "code": "2B73000000000000",
                          "display": "塗布 １日３回"
                        }
                      ]
                    }
                  },
                  "site": {
                    "coding": [
                      {
                        "system": "urn:oid:1.2.392.200250.2.2.20.32",
                        "code": "950",
                        "display": "膝"
                      }
                    ]
                  },
                  "route": {
                    "coding": [
                      {
                        "system": "http://jpfhir.jp/fhir/ePrescription/CodeSystem/route-codes",
                        "code": "AP",
                        "display": "外用"
                      }
                    ]
                  },
                  "method": {
                    "coding": [
                      {
                        "system": "urn:oid:1.2.392.200250.2.2.20.40",
                        "code": "2B",
                        "display": "塗布"
                      }
                    ]
                  }
                },
                {
                  "text": "１日３回患部に塗布（すね）",
                  "timing": {
                    "code": {
                      "coding": [
                        {
                          "system": "urn:oid:1.2.392.200250.2.2.20.20",
                          "code": "2B73000000000000",
                          "display": "外用・塗布・１日３回"
                        }
                      ]
                    }
                  },
                  "site": {
                    "coding": [
                      {
                        "system": "urn:oid:1.2.392.200250.2.2.20.32",
                        "code": "970",
                        "display": "すね"
                      }
                    ]
                  },
                  "route": {
                    "coding": [
                      {
                        "system": "http://jpfhir.jp/fhir/ePrescription/CodeSystem/route-codes",
                        "code": "AP",
                        "display": "外用"
                      }
                    ]
                  },
                  "method": {
                    "coding": [
                      {
                        "system": "urn:oid:1.2.392.200250.2.2.20.40",
                        "code": "2B",
                        "display": "塗布"
                      }
                    ]
                  }
                }
              ],
              "dispenseRequest": {
                "quantity": {
                  "value": 2,
                  "unit": "本",
                  "system": "urn:oid:1.2.392.100495.20.2.101",
                  "code": "HON"
                }
              },
              "substitution": {
                "allowedCodeableConcept": {
                  "coding": [
                    {
                      "system": "urn:oid:1.2.392.100495.20.2.41",
                      "code": "0",
                      "display": "変更可"
                    }
                  ]
                }
              }
            }
          },
          {
            "fullUrl": "urn:uuid:499f7db1-b4c2-3d01-b1a0-dfdb502977ab",
            "resource": {
              "resourceType": "Communication",
              "id": "Inline-Instance-for-JP-Bundle01-ePreData-Example01-14",
              "meta": {
                "profile": [
                  "http://jpfhir.jp/fhir/ePrescription/StructureDefinition/JP_Communication_ePrescriptionData"
                ]
              },
              "extension": [
                {
                  "url": "http://jpfhir.jp/fhir/ePrescription/Extension/StructureDefinition/JP_Communication_CommunicationContent",
                  "valueString": "患者は聴覚障害のため説明を紙に記載して渡すようにしてください。"
                }
              ],
              "status": "completed",
              "category": [
                {
                  "coding": [
                    {
                      "system": "http://jpfhir.jp/fhir/ePrescription/CodeSystem/communication-category",
                      "code": "2",
                      "display": "調剤者への指示"
                    }
                  ]
                }
              ]
            }
          }
        ]
      }
    },
    {
      "fullUrl": "urn:uuid:ef7892cc-fb3a-b951-9ac7-f8cd6c746f0a",
      "resource": {
        "resourceType": "Organization",
        "id": "OrgIssuer-for-JP-MedReq-ePreData-Example-bunkatsu",
        "meta": {
          "profile": [
            "http://jpfhir.jp/fhir/ePrescription/StructureDefinition/JP_Organization_ePrescriptionData_issuer"
          ]
        },
        "text": {
          "status": "extensions",
          "div": "<div xmlns=\"http://www.w3.org/1999/xhtml\"><p><b>Generated Narrative</b></p><div style=\"display: inline-block; background-color: #d9e0e7; padding: 6px; margin: 4px; border: 1px solid #8da1b4; border-radius: 5px; line-height: 60%\"><p style=\"margin-bottom: 0px\">Resource \"OrgIssuer-for-JP-MedReq-ePreData-Example-bunkatsu\" </p><p style=\"margin-bottom: 0px\">Profile: <a href=\"StructureDefinition-JP-Organization-ePrescriptionData-issuer.html\">JP_Organization_ePrescriptionData_issuer</a></p></div><p><b>JP Core Organization PrefectureNo Extension</b>: id: 13</p><p><b>JP Core Organization InsuranceOrganizationCategory Extension</b>: id: 1</p><p><b>JP Core Organization InsuranceOrganizationNo Extension</b>: id: 1234567</p><p><b>identifier</b>: id: 1311234567</p><p><b>type</b>: Healthcare Provider <span style=\"background: LightGoldenRodYellow; margin: 4px; border: 1px solid khaki\"> (<a href=\"http://terminology.hl7.org/3.1.0/CodeSystem-organization-type.html\">Organization type</a>#prov)</span></p><p><b>name</b>: 第一病院</p><p><b>telecom</b>: ph: 0123-456-7890, fax: 0123-456-7891, 090-9999-9999</p><p><b>address</b>: 神奈川県横浜市港区１−２−３</p></div>"
        },
        "extension": [
          {
            "url": "http://jpfhir.jp/fhir/core/Extension/StructureDefinition/JP_Organization_PrefectureNo",
            "valueIdentifier": {
              "system": "urn:oid:1.2.392.100495.20.3.21",
              "value": "13"
            }
          },
          {
            "url": "http://jpfhir.jp/fhir/core/Extension/StructureDefinition/JP_Organization_InsuranceOrganizationCategory",
            "valueIdentifier": {
              "system": "urn:oid:1.2.392.100495.20.3.22",
              "value": "1"
            }
          },
          {
            "url": "http://jpfhir.jp/fhir/core/Extension/StructureDefinition/JP_Organization_InsuranceOrganizationNo",
            "valueIdentifier": {
              "system": "urn:oid:1.2.392.100495.20.3.23",
              "value": "1234567"
            }
          }
        ],
        "identifier": [
          {
            "system": "http://jpfhir.jp/fhir/Common/IdSystem/insurance-medical-institution-no",
            "value": "1311234567"
          }
        ],
        "type": [
          {
            "coding": [
              {
                "system": "http://terminology.hl7.org/CodeSystem/organization-type",
                "code": "prov"
              }
            ]
          }
        ],
        "name": "第一病院",
        "telecom": [
          {
            "system": "phone",
            "value": "0123-456-7890"
          },
          {
            "system": "fax",
            "value": "0123-456-7891"
          },
          {
            "system": "other",
            "value": "090-9999-9999"
          }
        ],
        "address": [
          {
            "text": "神奈川県横浜市港区１−２−３",
            "postalCode": "123-4567",
            "country": "JP"
          }
        ]
      }
    },
    {
      "fullUrl": "urn:uuid:461cad23-e9a8-027e-d344-a52d957a64c0",
      "resource": {
        "resourceType": "Patient",
        "id": "Patient-for-JP-MedReq-ePreData-Example-bunkatsu",
        "meta": {
          "profile": [
            "http://jpfhir.jp/fhir/ePrescription/StructureDefinition/JP_Patient_ePrescriptionData"
          ]
        },
        "text": {
          "status": "generated",
          "div": "<div xmlns=\"http://www.w3.org/1999/xhtml\"><p><b>Generated Narrative</b></p><div style=\"display: inline-block; background-color: #d9e0e7; padding: 6px; margin: 4px; border: 1px solid #8da1b4; border-radius: 5px; line-height: 60%\"><p style=\"margin-bottom: 0px\">Resource \"Patient-for-JP-MedReq-ePreData-Example-bunkatsu\" </p><p style=\"margin-bottom: 0px\">Profile: <a href=\"StructureDefinition-JP-Patient-ePrescriptionData.html\">JP_Patient_ePrescriptionData</a></p></div><p><b>identifier</b>: id: 00000010</p><p><b>name</b>: 東京　太郎(OFFICIAL), トウキョウ　タロウ(OFFICIAL)</p><p><b>gender</b>: male</p><p><b>birthDate</b>: 1920-02-11</p><p><b>address</b>: 神奈川県横浜市港区１－２－３</p></div>"
        },
        "identifier": [
          {
            "system": "urn:oid:1.2.392.100495.20.3.51.11311234567",
            "value": "00000010"
          }
        ],
        "name": [
          {
            "extension": [
              {
                "url": "http://hl7.org/fhir/StructureDefinition/iso21090-EN-representation",
                "valueCode": "IDE"
              }
            ],
            "use": "official",
            "text": "東京　太郎",
            "family": "東京",
            "given": [
              "太郎"
            ]
          },
          {
            "extension": [
              {
                "url": "http://hl7.org/fhir/StructureDefinition/iso21090-EN-representation",
                "valueCode": "SYL"
              }
            ],
            "use": "official",
            "text": "トウキョウ　タロウ",
            "family": "トウキョウ",
            "given": [
              "タロウ"
            ]
          }
        ],
        "gender": "male",
        "birthDate": "1920-02-11",
        "address": [
          {
            "text": "神奈川県横浜市港区１－２－３",
            "postalCode": "123-4567",
            "country": "JP"
          }
        ]
      }
    },
    {
      "fullUrl": "urn:uuid:d1a238ee-5050-c23b-a930-307e12ee51ed",
      "resource": {
        "resourceType": "Encounter",
        "id": "Encounter-for-JP-MedReq-ePreData-Example-bunkatsu",
        "meta": {
          "profile": [
            "http://jpfhir.jp/fhir/ePrescription/StructureDefinition/JP_Encounter_ePrescriptionData"
          ]
        },
        "language": "ja",
        "text": {
          "status": "generated",
          "div": "<div xmlns=\"http://www.w3.org/1999/xhtml\" xml:lang=\"ja\" lang=\"ja\"><p><b>Generated Narrative</b></p><div style=\"display: inline-block; background-color: #d9e0e7; padding: 6px; margin: 4px; border: 1px solid #8da1b4; border-radius: 5px; line-height: 60%\"><p style=\"margin-bottom: 0px\">Resource \"Encounter-for-JP-MedReq-ePreData-Example-bunkatsu\"  (Language \"ja\") </p><p style=\"margin-bottom: 0px\">Profile: <a href=\"StructureDefinition-JP-Encounter-ePrescriptionData.html\">JP_Encounter_ePrescriptionData</a></p></div><p><b>status</b>: finished</p><p><b>class</b>: 外来 (Details: http://terminology.hl7.org/CodeSystem/v3-ActCode code AMB = 'ambulatory', stated as '外来')</p></div>"
        },
        "status": "finished",
        "class": {
          "system": "http://terminology.hl7.org/CodeSystem/v3-ActCode",
          "code": "AMB",
          "display": "外来"
        }
      }
    },
    {
      "fullUrl": "urn:uuid:37eab6c7-473a-aed1-3297-766839896d47",
      "resource": {
        "resourceType": "PractitionerRole",
        "id": "PractitionerRole-for-JP-MedReq-ePreData-Example-bunkatsu",
        "meta": {
          "profile": [
            "http://jpfhir.jp/fhir/ePrescription/StructureDefinition/JP_PractitionerRole_ePrescriptionData_author"
          ]
        },
        "language": "ja",
        "text": {
          "status": "generated",
          "div": "<div xmlns=\"http://www.w3.org/1999/xhtml\" xml:lang=\"ja\" lang=\"ja\"><p><b>Generated Narrative</b></p><div style=\"display: inline-block; background-color: #d9e0e7; padding: 6px; margin: 4px; border: 1px solid #8da1b4; border-radius: 5px; line-height: 60%\"><p style=\"margin-bottom: 0px\">Resource \"PractitionerRole-for-JP-MedReq-ePreData-Example-bunkatsu\"  (Language \"ja\") </p><p style=\"margin-bottom: 0px\">Profile: <a href=\"StructureDefinition-JP-PractitionerRole-ePrescriptionData-author.html\">JP_PractitionerRole_ePrescriptionData_author</a></p></div><p><b>identifier</b>: id: 702</p><p><b>practitioner</b>: <a href=\"#Practitioner_Practitioner-for-JP-MedReq-ePreData-Example-bunkatsu\">See above (Practitioner/Practitioner-for-JP-MedReq-ePreData-Example-bunkatsu: 医療者Practionerリソース)</a></p><p><b>organization</b>: <a href=\"#Organization_OrgIssuer-for-JP-MedReq-ePreData-Example-bunkatsu\">See above (Organization/OrgIssuer-for-JP-MedReq-ePreData-Example-bunkatsu: 医療機関Organizationリソース)</a></p><p><b>code</b>: 医師 <span style=\"background: LightGoldenRodYellow; margin: 4px; border: 1px solid khaki\"> (<a href=\"CodeSystem-jp-codeSystem-practitioner-role-category.html\">JP_codeSystem_practitioner_role_category</a>#doctor)</span></p></div>"
        },
        "identifier": [
          {
            "system": "http://exapmleHospital.jp/IdSystem/hisUserRoleId",
            "value": "702"
          }
        ],
        "practitioner": {
          "reference": "Practitioner/Practitioner-for-JP-MedReq-ePreData-Example-bunkatsu",
          "display": "医療者Practionerリソース"
        },
        "organization": {
          "reference": "Organization/OrgIssuer-for-JP-MedReq-ePreData-Example-bunkatsu",
          "display": "医療機関Organizationリソース"
        },
        "code": [
          {
            "coding": [
              {
                "system": "http://jpfhir.jp/fhir/Common/CodeSystem/practitioner-role-category",
                "code": "doctor"
              }
            ]
          }
        ]
      }
    },
    {
      "fullUrl": "urn:uuid:07a43eb6-71d3-816a-0767-45a2a9b39899",
      "resource": {
        "resourceType": "Practitioner",
        "id": "Practitioner-for-JP-MedReq-ePreData-Example-bunkatsu",
        "meta": {
          "profile": [
            "http://jpfhir.jp/fhir/ePrescription/StructureDefinition/JP_Practitioner_ePrescriptionData_author"
          ]
        },
        "language": "ja",
        "text": {
          "status": "generated",
          "div": "<div xmlns=\"http://www.w3.org/1999/xhtml\" xml:lang=\"ja\" lang=\"ja\"><p><b>Generated Narrative</b></p><div style=\"display: inline-block; background-color: #d9e0e7; padding: 6px; margin: 4px; border: 1px solid #8da1b4; border-radius: 5px; line-height: 60%\"><p style=\"margin-bottom: 0px\">Resource \"Practitioner-for-JP-MedReq-ePreData-Example-bunkatsu\"  (Language \"ja\") </p><p style=\"margin-bottom: 0px\">Profile: <a href=\"StructureDefinition-JP-Practitioner-ePrescriptionData-author.html\">JP_Practitioner_ePrescriptionData_author</a></p></div><p><b>identifier</b>: id: 123</p><p><b>name</b>: 神奈川　花子, カナガワ　ハナコ</p><blockquote><p><b>qualification</b></p><p><b>identifier</b>: id: 123456</p><p><b>code</b>: 医師 <span style=\"background: LightGoldenRodYellow; margin: 4px; border: 1px solid khaki\"> (<a href=\"CodeSystem-jp-codeSystem-practitioner-certificate-category.html\">JP_codeSystem_practitioner_certificate_category</a>#MedicalDoctorLicense)</span></p></blockquote><blockquote><p><b>qualification</b></p><p><b>identifier</b>: id: 4-321</p><p><b>code</b>: 麻薬施用者 <span style=\"background: LightGoldenRodYellow; margin: 4px; border: 1px solid khaki\"> (<a href=\"CodeSystem-jp-codeSystem-practitioner-certificate-category.html\">JP_codeSystem_practitioner_certificate_category</a>#NarcoticsPractitioner)</span></p></blockquote></div>"
        },
        "identifier": [
          {
            "system": "urn:oid:1.2.392.100495.20.3.41.11311234567",
            "value": "123"
          }
        ],
        "name": [
          {
            "extension": [
              {
                "url": "http://hl7.org/fhir/StructureDefinition/iso21090-EN-representation",
                "valueCode": "IDE"
              }
            ],
            "text": "神奈川　花子",
            "family": "神奈川",
            "given": [
              "花子"
            ]
          },
          {
            "extension": [
              {
                "url": "http://hl7.org/fhir/StructureDefinition/iso21090-EN-representation",
                "valueCode": "SYL"
              }
            ],
            "text": "カナガワ　ハナコ",
            "family": "カナガワ",
            "given": [
              "ハナコ"
            ]
          }
        ],
        "qualification": [
          {
            "identifier": [
              {
                "system": "urn:oid:1.2.392.100495.20.3.31",
                "value": "123456"
              }
            ],
            "code": {
              "coding": [
                {
                  "system": "http://jpfhir.jp/fhir/core/CodeSystem/practitioner-certificate-category",
                  "code": "MedicalDoctorLicense"
                }
              ]
            }
          },
          {
            "identifier": [
              {
                "system": "urn:oid:1.2.392.100495.20.3.32.113",
                "value": "4-321"
              }
            ],
            "code": {
              "coding": [
                {
                  "system": "http://jpfhir.jp/fhir/core/CodeSystem/practitioner-certificate-category",
                  "code": "NarcoticsPractitioner"
                }
              ]
            }
          }
        ]
      }
    }
  ],
  "signature": {
    "type": [
      {
        "system": "urn:iso-astm:E1762-95:2013",
        "code": "1.2.840.10065.1.12.1.1",
        "display": "作成者の署名"
      }
    ],
    "when": "2021-02-01T13:28:18.345+09:00",
    "who": {
      "reference": "Practitioner/JP-Practitioner-ePreData-author-Example"
    },
    "data": "ZENqZnRKZVo0Q1ZQLW1COTJLMjh1aGJVSlUxcDFyX3dXMWdGV0ZPRGpYaw=="
  }
}