{
  "resourceType": "Bundle",
  "id": "EP-nedtesBundle-Example",
  "meta": {
    "profile": [
      "http://jpfhir.jp/fhir/ePrescription/StructureDefinition/EP_Bundle"
    ]
  },
  "identifier": {
    "system": "urn:ietf:rfc:3986",
    "value": "urn:uuid:0c3151bd-1cbf-4d64-b04d-cd9187a4c6e0"
  },
  "type": "document",
  "timestamp": "2020-08-21T12:12:02+09:00",
  "entry": [
    {
      "fullUrl": "urn:uuid:954a5be8-8c83-49d7-9ce5-39ed9b20589a",
      "resource": {
        "resourceType": "Composition",
        "id": "EP-nestedComposition-Example",
        "meta": {
          "profile": [
            "http://jpfhir.jp/fhir/ePrescription/StructureDefinition/EP_Composition"
          ]
        },
        "text": {
          "status": "extensions",
          "div": "<div xmlns=\"http://www.w3.org/1999/xhtml\"><p><b>Generated Narrative</b></p><div style=\"display: inline-block; background-color: #d9e0e7; padding: 6px; margin: 4px; border: 1px solid #8da1b4; border-radius: 5px; line-height: 60%\"><p style=\"margin-bottom: 0px\">Resource \"EP-nestedComposition-Example\" </p><p style=\"margin-bottom: 0px\">Profile: <a href=\"StructureDefinition-EP-Composition.html\">EP_Composition</a></p></div><p><b>versionNumber</b>: 1.0</p><p><b>identifier</b>: id: 1311234567-2020-00123456</p><p><b>status</b>: final</p><p><b>type</b>: 処方箋 <span style=\"background: LightGoldenRodYellow; margin: 4px; border: 1px solid khaki\"> (<a href=\"CodeSystem-jp-codeSystem-documentTypeCode.html\">JP_codeSystem_documentTypeCode</a>#57833-6)</span></p><p><b>category</b>: 分割一般処方 <span style=\"background: LightGoldenRodYellow; margin: 4px; border: 1px solid khaki\"> (<a href=\"CodeSystem-jp-codeSystem-prescription-category.html\">JP_codeSystem_prescription_category</a>#03)</span></p><p><b>date</b>: 2020-08-21 12:12:22+0900</p><p><b>author</b>: <a href=\"Bundle-JP-MedReq-ePreData-Example-bunkatsu.html#PractitionerRole_PractitionerRole-for-JP-MedReq-ePreData-Example-bunkatsu\">PractitionerRole/PractitionerRole-for-JP-MedReq-ePreData-Example-bunkatsu</a></p><p><b>title</b>: 分割処方箋</p></div>"
        },
        "extension": [
          {
            "url": "http://hl7.org/fhir/StructureDefinition/composition-clinicaldocument-versionNumber",
            "valueString": "1.0"
          }
        ],
        "identifier": {
          "system": "http://jpfhir.jp/fhir/Common/IdSystem/resourceInstance-identifier",
          "value": "1311234567-2020-00123456"
        },
        "status": "final",
        "type": {
          "coding": [
            {
              "system": "http://jpfhir.jp/fhir/Common/CodeSystem/doc-typecodes",
              "code": "57833-6",
              "display": "処方箋"
            }
          ]
        },
        "category": [
          {
            "coding": [
              {
                "system": "http://jpfhir.jp/fhir/ePrescription/CodeSystem/prescription-category",
                "code": "03",
                "display": "分割一般処方"
              }
            ]
          }
        ],
        "date": "2020-08-21T12:12:22+09:00",
        "author": [
          {
            "reference": "PractitionerRole/PractitionerRole-for-JP-MedReq-ePreData-Example-bunkatsu"
          }
        ],
        "title": "分割処方箋",
        "section": [
          {
            "title": "分割処方箋セクション",
            "code": {
              "coding": [
                {
                  "system": "http://jpfhir.jp/fhir/ePrescription/CodeSystem/prescription-section",
                  "code": "11",
                  "display": "分割処方箋セクション"
                }
              ]
            },
            "text": {
              "status": "generated",
              "div": "<div xmlns=\"http://www.w3.org/1999/xhtml\">xxx</div>"
            },
            "entry": [
              {
                "reference": "Bundle/EP-Bundle01-Example"
              }
            ]
          }
        ]
      }
    },
    {
      "fullUrl": "urn:uuid:9495ef34-a77d-4f3e-8dce-5688e169d0fa",
      "resource": {
        "resourceType": "Bundle",
        "id": "EP-Bundle01-Example",
        "meta": {
          "profile": [
            "http://jpfhir.jp/fhir/ePrescription/StructureDefinition/EP_Bundle_inline"
          ]
        },
        "identifier": {
          "system": "urn:ietf:rfc:3986",
          "value": "urn:uuid:0c3151bd-1cbf-4d64-b04d-cd9187a4c6e0"
        },
        "type": "document",
        "timestamp": "2020-08-21T12:12:21+09:00",
        "entry": [
          {
            "fullUrl": "urn:uuid:20ade057-b106-9223-585e-20aa8d1635af",
            "resource": {
              "resourceType": "Composition",
              "id": "Inline-Instance-for-EP-Bundle-ePreData-Example01-1",
              "meta": {
                "profile": [
                  "http://jpfhir.jp/fhir/ePrescription/StructureDefinition/EP_Composition"
                ]
              },
              "extension": [
                {
                  "url": "http://hl7.org/fhir/StructureDefinition/composition-clinicaldocument-versionNumber",
                  "valueString": "1"
                }
              ],
              "identifier": {
                "system": "http://jpfhir.jp/fhir/Common/IdSystem/resourceInstance-identifier",
                "value": "34875506"
              },
              "status": "final",
              "type": {
                "coding": [
                  {
                    "system": "http://jpfhir.jp/fhir/Common/CodeSystem/doc-typecodes",
                    "code": "57833-6",
                    "display": "処方箋"
                  }
                ]
              },
              "category": [
                {
                  "coding": [
                    {
                      "system": "http://jpfhir.jp/fhir/ePrescription/CodeSystem/prescription-category",
                      "code": "01",
                      "display": "一般処方箋"
                    }
                  ]
                }
              ],
              "subject": {
                "reference": "urn:uuid:e22017ff-4c65-649c-2dfe-c6676b654be5",
                "display": "患者リソースPatient"
              },
              "encounter": {
                "reference": "urn:uuid:d151a740-d8a1-9c19-29f0-f52476e619d7",
                "display": "受診Encounterリソース"
              },
              "date": "2020-08-21T12:12:20+09:00",
              "author": [
                {
                  "reference": "urn:uuid:2e61a47b-a7fa-1d23-ebbf-eade736e9b00"
                }
              ],
              "title": "処方箋",
              "custodian": {
                "reference": "urn:uuid:51c6333d-92ff-0113-56cd-a1f566f43a09",
                "display": "処方箋交付責任機関Organaizationリソース"
              },
              "event": [
                {
                  "code": [
                    {
                      "text": "処方箋交付"
                    }
                  ],
                  "period": {
                    "start": "2020-08-21"
                  }
                }
              ],
              "section": [
                {
                  "title": "処方情報",
                  "code": {
                    "coding": [
                      {
                        "system": "http://jpfhir.jp/fhir/ePrescription/CodeSystem/prescription-section",
                        "code": "01",
                        "display": "処方情報セクション"
                      }
                    ]
                  },
                  "entry": [
                    {
                      "reference": "urn:uuid:a58040b7-6283-fb0c-4b25-a17dca08cc3d",
                      "display": "処方指示 内服処方7日分MedicationRequestリソース"
                    },
                    {
                      "reference": "urn:uuid:632cdb4b-36fe-05fb-9a3d-b4230cb7e608",
                      "display": "処方指示 外用MedicationRequestリソース"
                    }
                  ]
                }
              ]
            }
          }
        ]
      }
    }
  ]
}