{
  "resourceType": "CodeSystem",
  "id": "jami-codeSystem-ePreUsageRoute",
  "text": {
    "status": "generated",
    "div": "<div xmlns=\"http://www.w3.org/1999/xhtml\"><p>This code system http://jpfhir.jp/fhir/ePrescription/CodeSystem/route-codes defines the following codes:</p><table class=\"codes\"><tr><td style=\"white-space:nowrap\"><b>Code</b></td><td><b>Display</b></td></tr><tr><td style=\"white-space:nowrap\">AP<a name=\"jami-codeSystem-ePreUsageRoute-AP\"> </a></td><td>外用</td></tr><tr><td style=\"white-space:nowrap\">B<a name=\"jami-codeSystem-ePreUsageRoute-B\"> </a></td><td>頬</td></tr><tr><td style=\"white-space:nowrap\">DT<a name=\"jami-codeSystem-ePreUsageRoute-DT\"> </a></td><td>歯</td></tr><tr><td style=\"white-space:nowrap\">EP<a name=\"jami-codeSystem-ePreUsageRoute-EP\"> </a></td><td>硬膜外</td></tr><tr><td style=\"white-space:nowrap\">ET<a name=\"jami-codeSystem-ePreUsageRoute-ET\"> </a></td><td>気管内チューブ</td></tr><tr><td style=\"white-space:nowrap\">NT<a name=\"jami-codeSystem-ePreUsageRoute-NT\"> </a></td><td>鼻気管内チューブ</td></tr><tr><td style=\"white-space:nowrap\">GTT<a name=\"jami-codeSystem-ePreUsageRoute-GTT\"> </a></td><td>消化器官</td></tr><tr><td style=\"white-space:nowrap\">GU<a name=\"jami-codeSystem-ePreUsageRoute-GU\"> </a></td><td>GU洗浄</td></tr><tr><td style=\"white-space:nowrap\">IMR<a name=\"jami-codeSystem-ePreUsageRoute-IMR\"> </a></td><td>浸透</td></tr><tr><td style=\"white-space:nowrap\">IA<a name=\"jami-codeSystem-ePreUsageRoute-IA\"> </a></td><td>動脈内</td></tr><tr><td style=\"white-space:nowrap\">IB<a name=\"jami-codeSystem-ePreUsageRoute-IB\"> </a></td><td>滑液包内</td></tr><tr><td style=\"white-space:nowrap\">IC<a name=\"jami-codeSystem-ePreUsageRoute-IC\"> </a></td><td>心臓内</td></tr><tr><td style=\"white-space:nowrap\">ICV<a name=\"jami-codeSystem-ePreUsageRoute-ICV\"> </a></td><td>子宮内</td></tr><tr><td style=\"white-space:nowrap\">ID<a name=\"jami-codeSystem-ePreUsageRoute-ID\"> </a></td><td>皮膚内</td></tr><tr><td style=\"white-space:nowrap\">IH<a name=\"jami-codeSystem-ePreUsageRoute-IH\"> </a></td><td>吸入</td></tr><tr><td style=\"white-space:nowrap\">IHA<a name=\"jami-codeSystem-ePreUsageRoute-IHA\"> </a></td><td>肝内動脈</td></tr><tr><td style=\"white-space:nowrap\">IM<a name=\"jami-codeSystem-ePreUsageRoute-IM\"> </a></td><td>筋肉内</td></tr><tr><td style=\"white-space:nowrap\">IN<a name=\"jami-codeSystem-ePreUsageRoute-IN\"> </a></td><td>鼻腔内</td></tr><tr><td style=\"white-space:nowrap\">IO<a name=\"jami-codeSystem-ePreUsageRoute-IO\"> </a></td><td>眼内</td></tr><tr><td style=\"white-space:nowrap\">IP<a name=\"jami-codeSystem-ePreUsageRoute-IP\"> </a></td><td>腹腔内</td></tr><tr><td style=\"white-space:nowrap\">IS<a name=\"jami-codeSystem-ePreUsageRoute-IS\"> </a></td><td>滑液包内</td></tr><tr><td style=\"white-space:nowrap\">IT<a name=\"jami-codeSystem-ePreUsageRoute-IT\"> </a></td><td>鞘内</td></tr><tr><td style=\"white-space:nowrap\">IU<a name=\"jami-codeSystem-ePreUsageRoute-IU\"> </a></td><td>子宮内</td></tr><tr><td style=\"white-space:nowrap\">IV<a name=\"jami-codeSystem-ePreUsageRoute-IV\"> </a></td><td>静脈内</td></tr><tr><td style=\"white-space:nowrap\">MTH<a name=\"jami-codeSystem-ePreUsageRoute-MTH\"> </a></td><td>口／喉</td></tr><tr><td style=\"white-space:nowrap\">MM<a name=\"jami-codeSystem-ePreUsageRoute-MM\"> </a></td><td>粘膜</td></tr><tr><td style=\"white-space:nowrap\">NS<a name=\"jami-codeSystem-ePreUsageRoute-NS\"> </a></td><td>鼻側</td></tr><tr><td style=\"white-space:nowrap\">NG<a name=\"jami-codeSystem-ePreUsageRoute-NG\"> </a></td><td>経口径内腔</td></tr><tr><td style=\"white-space:nowrap\">NP<a name=\"jami-codeSystem-ePreUsageRoute-NP\"> </a></td><td>鼻のプロング</td></tr><tr><td style=\"white-space:nowrap\">OP<a name=\"jami-codeSystem-ePreUsageRoute-OP\"> </a></td><td>眼</td></tr><tr><td style=\"white-space:nowrap\">OT<a name=\"jami-codeSystem-ePreUsageRoute-OT\"> </a></td><td>耳</td></tr><tr><td style=\"white-space:nowrap\">OTH<a name=\"jami-codeSystem-ePreUsageRoute-OTH\"> </a></td><td>その他／さまざま</td></tr><tr><td style=\"white-space:nowrap\">PF<a name=\"jami-codeSystem-ePreUsageRoute-PF\"> </a></td><td>灌流</td></tr><tr><td style=\"white-space:nowrap\">PO<a name=\"jami-codeSystem-ePreUsageRoute-PO\"> </a></td><td>口</td></tr><tr><td style=\"white-space:nowrap\">PR<a name=\"jami-codeSystem-ePreUsageRoute-PR\"> </a></td><td>直腸</td></tr><tr><td style=\"white-space:nowrap\">RM<a name=\"jami-codeSystem-ePreUsageRoute-RM\"> </a></td><td>リブリーザーマスク</td></tr><tr><td style=\"white-space:nowrap\">SD<a name=\"jami-codeSystem-ePreUsageRoute-SD\"> </a></td><td>湿性包帯</td></tr><tr><td style=\"white-space:nowrap\">SC<a name=\"jami-codeSystem-ePreUsageRoute-SC\"> </a></td><td>皮下</td></tr><tr><td style=\"white-space:nowrap\">SL<a name=\"jami-codeSystem-ePreUsageRoute-SL\"> </a></td><td>舌下</td></tr><tr><td style=\"white-space:nowrap\">TP<a name=\"jami-codeSystem-ePreUsageRoute-TP\"> </a></td><td>局所</td></tr><tr><td style=\"white-space:nowrap\">TRA<a name=\"jami-codeSystem-ePreUsageRoute-TRA\"> </a></td><td>気管切開</td></tr><tr><td style=\"white-space:nowrap\">TD<a name=\"jami-codeSystem-ePreUsageRoute-TD\"> </a></td><td>経皮性</td></tr><tr><td style=\"white-space:nowrap\">TL<a name=\"jami-codeSystem-ePreUsageRoute-TL\"> </a></td><td>経舌</td></tr><tr><td style=\"white-space:nowrap\">UR<a name=\"jami-codeSystem-ePreUsageRoute-UR\"> </a></td><td>尿道</td></tr><tr><td style=\"white-space:nowrap\">VG<a name=\"jami-codeSystem-ePreUsageRoute-VG\"> </a></td><td>膣</td></tr><tr><td style=\"white-space:nowrap\">VM<a name=\"jami-codeSystem-ePreUsageRoute-VM\"> </a></td><td>換気マスク</td></tr><tr><td style=\"white-space:nowrap\">WND<a name=\"jami-codeSystem-ePreUsageRoute-WND\"> </a></td><td>創傷</td></tr></table></div>"
  },
  "url": "http://jpfhir.jp/fhir/ePrescription/CodeSystem/route-codes",
  "version": "0.9.3",
  "name": "JAMI_codeSystem_ePreUsageRoute",
  "status": "active",
  "date": "2022-05-14T22:30:50+00:00",
  "publisher": "KOhe",
  "contact": [
    {
      "name": "KOhe",
      "telecom": [
        {
          "system": "url",
          "value": "http://jpfhir.jp"
        }
      ]
    }
  ],
  "description": "HL7医薬品投与経路コード（JAHIS 使用者定義表 0162 投薬経路）",
  "caseSensitive": false,
  "valueSet": "http://jpfhir.jp/fhir/ePrescription/ValueSet/route-codes",
  "content": "complete",
  "count": 47,
  "concept": [
    {
      "code": "AP",
      "display": "外用"
    },
    {
      "code": "B",
      "display": "頬"
    },
    {
      "code": "DT",
      "display": "歯"
    },
    {
      "code": "EP",
      "display": "硬膜外"
    },
    {
      "code": "ET",
      "display": "気管内チューブ"
    },
    {
      "code": "NT",
      "display": "鼻気管内チューブ"
    },
    {
      "code": "GTT",
      "display": "消化器官"
    },
    {
      "code": "GU",
      "display": "GU洗浄"
    },
    {
      "code": "IMR",
      "display": "浸透"
    },
    {
      "code": "IA",
      "display": "動脈内"
    },
    {
      "code": "IB",
      "display": "滑液包内"
    },
    {
      "code": "IC",
      "display": "心臓内"
    },
    {
      "code": "ICV",
      "display": "子宮内"
    },
    {
      "code": "ID",
      "display": "皮膚内"
    },
    {
      "code": "IH",
      "display": "吸入"
    },
    {
      "code": "IHA",
      "display": "肝内動脈"
    },
    {
      "code": "IM",
      "display": "筋肉内"
    },
    {
      "code": "IN",
      "display": "鼻腔内"
    },
    {
      "code": "IO",
      "display": "眼内"
    },
    {
      "code": "IP",
      "display": "腹腔内"
    },
    {
      "code": "IS",
      "display": "滑液包内"
    },
    {
      "code": "IT",
      "display": "鞘内"
    },
    {
      "code": "IU",
      "display": "子宮内"
    },
    {
      "code": "IV",
      "display": "静脈内"
    },
    {
      "code": "MTH",
      "display": "口／喉"
    },
    {
      "code": "MM",
      "display": "粘膜"
    },
    {
      "code": "NS",
      "display": "鼻側"
    },
    {
      "code": "NG",
      "display": "経口径内腔"
    },
    {
      "code": "NP",
      "display": "鼻のプロング"
    },
    {
      "code": "OP",
      "display": "眼"
    },
    {
      "code": "OT",
      "display": "耳"
    },
    {
      "code": "OTH",
      "display": "その他／さまざま"
    },
    {
      "code": "PF",
      "display": "灌流"
    },
    {
      "code": "PO",
      "display": "口"
    },
    {
      "code": "PR",
      "display": "直腸"
    },
    {
      "code": "RM",
      "display": "リブリーザーマスク"
    },
    {
      "code": "SD",
      "display": "湿性包帯"
    },
    {
      "code": "SC",
      "display": "皮下"
    },
    {
      "code": "SL",
      "display": "舌下"
    },
    {
      "code": "TP",
      "display": "局所"
    },
    {
      "code": "TRA",
      "display": "気管切開"
    },
    {
      "code": "TD",
      "display": "経皮性"
    },
    {
      "code": "TL",
      "display": "経舌"
    },
    {
      "code": "UR",
      "display": "尿道"
    },
    {
      "code": "VG",
      "display": "膣"
    },
    {
      "code": "VM",
      "display": "換気マスク"
    },
    {
      "code": "WND",
      "display": "創傷"
    }
  ]
}