{
  "resourceType": "CodeSystem",
  "id": "jp-codeSystem-practitioner-role-category",
  "text": {
    "status": "generated",
    "div": "<div xmlns=\"http://www.w3.org/1999/xhtml\"><p>This code system http://jpfhir.jp/fhir/Common/CodeSystem/practitioner-role-category defines the following codes:</p><table class=\"codes\"><tr><td style=\"white-space:nowrap\"><b>Code</b></td><td><b>Display</b></td></tr><tr><td style=\"white-space:nowrap\">doctor<a name=\"jp-codeSystem-practitioner-role-category-doctor\"> </a></td><td>医師</td></tr><tr><td style=\"white-space:nowrap\">dentist<a name=\"jp-codeSystem-practitioner-role-category-dentist\"> </a></td><td>歯科医師</td></tr></table></div>"
  },
  "url": "http://jpfhir.jp/fhir/Common/CodeSystem/practitioner-role-category",
  "version": "0.9.3",
  "name": "JP_codeSystem_practitioner_role_category",
  "status": "active",
  "date": "2022-05-06T22:30:09+00:00",
  "publisher": "KOhe",
  "contact": [
    {
      "name": "KOhe",
      "telecom": [
        {
          "system": "url",
          "value": "http://jpfhir.jp"
        }
      ]
    }
  ],
  "description": "医療者役割コード(処方)",
  "caseSensitive": false,
  "valueSet": "http://jpfhir.jp/fhir/Common/ValueSet/practitioner-role-category",
  "content": "complete",
  "count": 2,
  "concept": [
    {
      "code": "doctor",
      "display": "医師"
    },
    {
      "code": "dentist",
      "display": "歯科医師"
    }
  ]
}