{
  "resourceType": "CodeSystem",
  "id": "mhlw-codeSystem-ePreCDA-insuredRelationship-tbl12",
  "text": {
    "status": "generated",
    "div": "<div xmlns=\"http://www.w3.org/1999/xhtml\"><p>This code system urn:oid:1.2.392.100495.20.2.62 defines the following codes:</p><table class=\"codes\"><tr><td style=\"white-space:nowrap\"><b>Code</b></td><td><b>Display</b></td></tr><tr><td style=\"white-space:nowrap\">1<a name=\"mhlw-codeSystem-ePreCDA-insuredRelationship-tbl12-1\"> </a></td><td>被保険者</td></tr><tr><td style=\"white-space:nowrap\">2<a name=\"mhlw-codeSystem-ePreCDA-insuredRelationship-tbl12-2\"> </a></td><td>被扶養者</td></tr></table></div>"
  },
  "url": "urn:oid:1.2.392.100495.20.2.62",
  "version": "0.9.3",
  "name": "MHLW_codeSystem_ePreCDA_insuredRelationship_tbl12",
  "status": "active",
  "date": "2022-05-03T22:31:21+00:00",
  "publisher": "KOhe",
  "contact": [
    {
      "name": "KOhe",
      "telecom": [
        {
          "system": "url",
          "value": "http://jpfhir.jp"
        }
      ]
    }
  ],
  "description": "厚労省電子処方CDA規格別表12 被保険者区分コード",
  "caseSensitive": false,
  "valueSet": "http://jpfhir.jp/fhir/Common/ValueSet/mhlw-ePreCDA-insuredRelationship",
  "content": "complete",
  "count": 2,
  "concept": [
    {
      "code": "1",
      "display": "被保険者"
    },
    {
      "code": "2",
      "display": "被扶養者"
    }
  ]
}