{
  "resourceType": "ImplementationGuide",
  "id": "ePrescriptionData",
  "text": {
    "status": "extensions",
    "div": "<div xmlns=\"http://www.w3.org/1999/xhtml\"><h2>JAMIePrescriptionDataImplementationGuide</h2><p>The official URL for this implementation guide is: </p><pre>http://jpfhir.jp/fhir/ePrescriptionData/ImplementationGuide/ePrescriptionData</pre><div><p>JAMI ePrescriptionData ImplementationGuide</p>\n</div></div>"
  },
  "url": "http://jpfhir.jp/fhir/ePrescriptionData/ImplementationGuide/ePrescriptionData",
  "version": "1.0.0",
  "name": "JAMIePrescriptionDataImplementationGuide",
  "title": "JAMI ePrescriptionData ImplementationGuide",
  "status": "draft",
  "date": "2022-06-29T08:26:07+00:00",
  "publisher": "KOhe",
  "contact": [
    {
      "name": "KOhe",
      "telecom": [
        {
          "system": "url",
          "value": "http://jpfhir.jp"
        }
      ]
    }
  ],
  "description": "JAMI ePrescriptionData ImplementationGuide",
  "packageId": "ePrescriptionData",
  "license": "CC0-1.0",
  "fhirVersion": [
    "4.0.1"
  ],
  "dependsOn": [
    {
      "id": "hl7tx",
      "uri": "http://terminology.hl7.org/ImplementationGuide/hl7.terminology",
      "packageId": "hl7.terminology.r4",
      "version": "3.1.0"
    },
    {
      "id": "jp_core_draft1",
      "uri": "http://jpfhir.jp/fhir/core/ImplementationGuide/jp-core.draft1",
      "packageId": "jp-core.draft1",
      "version": "1.1.0-beta"
    }
  ],
  "definition": {
    "extension": [
      {
        "extension": [
          {
            "url": "code",
            "valueString": "copyrightyear"
          },
          {
            "url": "value",
            "valueString": "2022+"
          }
        ],
        "url": "http://hl7.org/fhir/tools/StructureDefinition/ig-parameter"
      },
      {
        "extension": [
          {
            "url": "code",
            "valueString": "releaselabel"
          },
          {
            "url": "value",
            "valueString": "ci-build"
          }
        ],
        "url": "http://hl7.org/fhir/tools/StructureDefinition/ig-parameter"
      },
      {
        "extension": [
          {
            "url": "code",
            "valueString": "path-expansion-params"
          },
          {
            "url": "value",
            "valueString": "../../input/_resources/exp-params.json"
          }
        ],
        "url": "http://hl7.org/fhir/tools/StructureDefinition/ig-parameter"
      },
      {
        "extension": [
          {
            "url": "code",
            "valueString": "active-tables"
          },
          {
            "url": "value",
            "valueString": "false"
          }
        ],
        "url": "http://hl7.org/fhir/tools/StructureDefinition/ig-parameter"
      },
      {
        "extension": [
          {
            "url": "code",
            "valueString": "apply-version"
          },
          {
            "url": "value",
            "valueString": "true"
          }
        ],
        "url": "http://hl7.org/fhir/tools/StructureDefinition/ig-parameter"
      },
      {
        "extension": [
          {
            "url": "code",
            "valueString": "apply-copyright"
          },
          {
            "url": "value",
            "valueString": "true"
          }
        ],
        "url": "http://hl7.org/fhir/tools/StructureDefinition/ig-parameter"
      },
      {
        "extension": [
          {
            "url": "code",
            "valueString": "apply-publisher"
          },
          {
            "url": "value",
            "valueString": "true"
          }
        ],
        "url": "http://hl7.org/fhir/tools/StructureDefinition/ig-parameter"
      },
      {
        "extension": [
          {
            "url": "code",
            "valueString": "apply-contact"
          },
          {
            "url": "value",
            "valueString": "true"
          }
        ],
        "url": "http://hl7.org/fhir/tools/StructureDefinition/ig-parameter"
      },
      {
        "extension": [
          {
            "url": "code",
            "valueString": "apply-licese"
          },
          {
            "url": "value",
            "valueString": "true"
          }
        ],
        "url": "http://hl7.org/fhir/tools/StructureDefinition/ig-parameter"
      },
      {
        "extension": [
          {
            "url": "code",
            "valueString": "apply-jurisdiction"
          },
          {
            "url": "value",
            "valueString": "true"
          }
        ],
        "url": "http://hl7.org/fhir/tools/StructureDefinition/ig-parameter"
      },
      {
        "extension": [
          {
            "url": "code",
            "valueString": "show-inherited-invariants"
          },
          {
            "url": "value",
            "valueString": "true"
          }
        ],
        "url": "http://hl7.org/fhir/tools/StructureDefinition/ig-parameter"
      },
      {
        "extension": [
          {
            "url": "code",
            "valueString": "usage-stats-opt-out"
          },
          {
            "url": "value",
            "valueString": "true"
          }
        ],
        "url": "http://hl7.org/fhir/tools/StructureDefinition/ig-parameter"
      },
      {
        "extension": [
          {
            "url": "code",
            "valueString": "excludexml"
          },
          {
            "url": "value",
            "valueString": "true"
          }
        ],
        "url": "http://hl7.org/fhir/tools/StructureDefinition/ig-parameter"
      },
      {
        "extension": [
          {
            "url": "code",
            "valueString": "excludejsn"
          },
          {
            "url": "value",
            "valueString": "false"
          }
        ],
        "url": "http://hl7.org/fhir/tools/StructureDefinition/ig-parameter"
      },
      {
        "extension": [
          {
            "url": "code",
            "valueString": "excludettl"
          },
          {
            "url": "value",
            "valueString": "true"
          }
        ],
        "url": "http://hl7.org/fhir/tools/StructureDefinition/ig-parameter"
      },
      {
        "extension": [
          {
            "url": "code",
            "valueString": "excludemap"
          },
          {
            "url": "value",
            "valueString": "true"
          }
        ],
        "url": "http://hl7.org/fhir/tools/StructureDefinition/ig-parameter"
      },
      {
        "extension": [
          {
            "url": "code",
            "valueString": "excludeexample"
          },
          {
            "url": "value",
            "valueString": "false"
          }
        ],
        "url": "http://hl7.org/fhir/tools/StructureDefinition/ig-parameter"
      },
      {
        "extension": [
          {
            "url": "code",
            "valueString": "generate"
          },
          {
            "url": "value",
            "valueString": "json"
          }
        ],
        "url": "http://hl7.org/fhir/tools/StructureDefinition/ig-parameter"
      },
      {
        "extension": [
          {
            "url": "code",
            "valueString": "autoload-resources"
          },
          {
            "url": "value",
            "valueString": "true"
          }
        ],
        "url": "http://hl7.org/fhir/tools/StructureDefinition/ig-parameter"
      },
      {
        "extension": [
          {
            "url": "code",
            "valueString": "path-liquid"
          },
          {
            "url": "value",
            "valueString": "template/liquid"
          }
        ],
        "url": "http://hl7.org/fhir/tools/StructureDefinition/ig-parameter"
      },
      {
        "extension": [
          {
            "url": "code",
            "valueString": "path-liquid"
          },
          {
            "url": "value",
            "valueString": "input/liquid"
          }
        ],
        "url": "http://hl7.org/fhir/tools/StructureDefinition/ig-parameter"
      },
      {
        "extension": [
          {
            "url": "code",
            "valueString": "path-qa"
          },
          {
            "url": "value",
            "valueString": "temp/qa"
          }
        ],
        "url": "http://hl7.org/fhir/tools/StructureDefinition/ig-parameter"
      },
      {
        "extension": [
          {
            "url": "code",
            "valueString": "path-temp"
          },
          {
            "url": "value",
            "valueString": "temp/pages"
          }
        ],
        "url": "http://hl7.org/fhir/tools/StructureDefinition/ig-parameter"
      },
      {
        "extension": [
          {
            "url": "code",
            "valueString": "path-output"
          },
          {
            "url": "value",
            "valueString": "output"
          }
        ],
        "url": "http://hl7.org/fhir/tools/StructureDefinition/ig-parameter"
      },
      {
        "extension": [
          {
            "url": "code",
            "valueString": "path-suppressed-warnings"
          },
          {
            "url": "value",
            "valueString": "input/ignoreWarnings.txt"
          }
        ],
        "url": "http://hl7.org/fhir/tools/StructureDefinition/ig-parameter"
      },
      {
        "extension": [
          {
            "url": "code",
            "valueString": "path-history"
          },
          {
            "url": "value",
            "valueString": "http://jpfhir.jp/fhir/ePrescriptionData/history.html"
          }
        ],
        "url": "http://hl7.org/fhir/tools/StructureDefinition/ig-parameter"
      },
      {
        "extension": [
          {
            "url": "code",
            "valueString": "template-html"
          },
          {
            "url": "value",
            "valueString": "template-page.html"
          }
        ],
        "url": "http://hl7.org/fhir/tools/StructureDefinition/ig-parameter"
      },
      {
        "extension": [
          {
            "url": "code",
            "valueString": "template-md"
          },
          {
            "url": "value",
            "valueString": "template-page-md.html"
          }
        ],
        "url": "http://hl7.org/fhir/tools/StructureDefinition/ig-parameter"
      },
      {
        "extension": [
          {
            "url": "code",
            "valueString": "apply-context"
          },
          {
            "url": "value",
            "valueString": "true"
          }
        ],
        "url": "http://hl7.org/fhir/tools/StructureDefinition/ig-parameter"
      },
      {
        "extension": [
          {
            "url": "code",
            "valueString": "apply-license"
          },
          {
            "url": "value",
            "valueString": "true"
          }
        ],
        "url": "http://hl7.org/fhir/tools/StructureDefinition/ig-parameter"
      },
      {
        "extension": [
          {
            "url": "code",
            "valueString": "fmm-definition"
          },
          {
            "url": "value",
            "valueString": "http://hl7.org/fhir/versions.html#maturity"
          }
        ],
        "url": "http://hl7.org/fhir/tools/StructureDefinition/ig-parameter"
      },
      {
        "extension": [
          {
            "url": "code",
            "valueString": "propagate-status"
          },
          {
            "url": "value",
            "valueString": "true"
          }
        ],
        "url": "http://hl7.org/fhir/tools/StructureDefinition/ig-parameter"
      },
      {
        "extension": [
          {
            "url": "code",
            "valueString": "excludelogbinaryformat"
          },
          {
            "url": "value",
            "valueString": "true"
          }
        ],
        "url": "http://hl7.org/fhir/tools/StructureDefinition/ig-parameter"
      }
    ],
    "resource": [
      {
        "extension": [
          {
            "url": "http://hl7.org/fhir/tools/StructureDefinition/resource-information",
            "valueString": "StructureDefinition:resource"
          }
        ],
        "reference": {
          "reference": "StructureDefinition/JP-Bundle-CCLIX"
        },
        "name": "JP_Bundle_CCLIX",
        "description": "医療情報交換のために使用される診療関連の文書形式の情報を記述するためのBundleリソースの共通プロファイル。\nこのリソースのインスタンスだけで、必要な参照情報はすべて包含され、外部のリソースインスタンスへの外部参照を持たないため作成した医療機関を超えた情報交換に使用できる。",
        "exampleBoolean": false
      },
      {
        "extension": [
          {
            "url": "http://hl7.org/fhir/tools/StructureDefinition/resource-information",
            "valueString": "StructureDefinition:resource"
          }
        ],
        "reference": {
          "reference": "StructureDefinition/JP-Bundle-ePrescriptionData"
        },
        "name": "JP_Bundle_ePrescriptionData",
        "description": "処方情報のBundle Documentのプロファル。分割処方は別の分割情報処方用プロファイルを使用すること。",
        "exampleBoolean": false
      },
      {
        "extension": [
          {
            "url": "http://hl7.org/fhir/tools/StructureDefinition/resource-information",
            "valueString": "StructureDefinition:resource"
          }
        ],
        "reference": {
          "reference": "StructureDefinition/JP-Communication"
        },
        "name": "JP_Communication",
        "description": "備考等での伝達情報　JP Core V1には含まれない",
        "exampleBoolean": false
      },
      {
        "extension": [
          {
            "url": "http://hl7.org/fhir/tools/StructureDefinition/resource-information",
            "valueString": "StructureDefinition:resource"
          }
        ],
        "reference": {
          "reference": "StructureDefinition/JP-Communication-ePrescriptionData"
        },
        "name": "JP_Communication_ePrescriptionData",
        "description": "処方の全体での備考等情報　JP_Communicationの派生プロファイル",
        "exampleBoolean": false
      },
      {
        "extension": [
          {
            "url": "http://hl7.org/fhir/tools/StructureDefinition/resource-information",
            "valueString": "StructureDefinition:resource"
          }
        ],
        "reference": {
          "reference": "StructureDefinition/JP-Composition-ePrescriptionData"
        },
        "name": "JP_Composition_ePrescriptionData",
        "description": "処方情報のリソース構成情報と文書日付に関するCompositionの派生プロファイル",
        "exampleBoolean": false
      },
      {
        "extension": [
          {
            "url": "http://hl7.org/fhir/tools/StructureDefinition/resource-information",
            "valueString": "StructureDefinition:resource"
          }
        ],
        "reference": {
          "reference": "StructureDefinition/JP-Coverage-ePrescriptionData-insurance"
        },
        "name": "JP_Coverage_ePrescriptionData_insurance",
        "description": "処方の保険情報　Coverageリソースプロファイル　JP_Coverageの派生プロファイル",
        "exampleBoolean": false
      },
      {
        "extension": [
          {
            "url": "http://hl7.org/fhir/tools/StructureDefinition/resource-information",
            "valueString": "StructureDefinition:resource"
          }
        ],
        "reference": {
          "reference": "StructureDefinition/JP-Coverage-ePrescriptionData-publicPayment"
        },
        "name": "JP_Coverage_ePrescriptionData_publicPayment",
        "description": "処方の公費負担情報　JP_Coverageの派生プロファイル",
        "exampleBoolean": false
      },
      {
        "extension": [
          {
            "url": "http://hl7.org/fhir/tools/StructureDefinition/resource-information",
            "valueString": "StructureDefinition:resource"
          }
        ],
        "reference": {
          "reference": "StructureDefinition/JP-Encounter-ePrescriptionData"
        },
        "name": "JP_Encounter_ePrescriptionData",
        "description": "処方発行時の入退院受診情報などEncouter情報　JP_Encounterの派生プロファイル",
        "exampleBoolean": false
      },
      {
        "extension": [
          {
            "url": "http://hl7.org/fhir/tools/StructureDefinition/resource-information",
            "valueString": "StructureDefinition:resource"
          }
        ],
        "reference": {
          "reference": "StructureDefinition/JP-MedicationRequest-ePrescriptionData"
        },
        "name": "JP_MedicationRequest_ePrescriptionData",
        "description": "処方オーダ情報　JP_MedicationRequestの派生プロファイル",
        "exampleBoolean": false
      },
      {
        "extension": [
          {
            "url": "http://hl7.org/fhir/tools/StructureDefinition/resource-information",
            "valueString": "StructureDefinition:resource"
          }
        ],
        "reference": {
          "reference": "StructureDefinition/JP-Organization-ePrescriptionData-coveragePayer"
        },
        "name": "JP_Organization_ePrescriptionData_coveragePayer",
        "description": "処方に適用される保険の保険者または公費の公費受給者　JP_Organizationの派生プロファイル",
        "exampleBoolean": false
      },
      {
        "extension": [
          {
            "url": "http://hl7.org/fhir/tools/StructureDefinition/resource-information",
            "valueString": "StructureDefinition:resource"
          }
        ],
        "reference": {
          "reference": "StructureDefinition/JP-Organization-ePrescriptionData-departmentOfIssuer"
        },
        "name": "JP_Organization_ePrescriptionData_departmentOfIssuer",
        "description": "処方を発行した医療機関の診療科情報　JP_Organizationの派生プロファイル",
        "exampleBoolean": false
      },
      {
        "extension": [
          {
            "url": "http://hl7.org/fhir/tools/StructureDefinition/resource-information",
            "valueString": "StructureDefinition:resource"
          }
        ],
        "reference": {
          "reference": "StructureDefinition/JP-Organization-ePrescriptionData-issuer"
        },
        "name": "JP_Organization_ePrescriptionData_issuer",
        "description": "処方を発行した医療機関の情報　JP_Organizationの派生プロファイル",
        "exampleBoolean": false
      },
      {
        "extension": [
          {
            "url": "http://hl7.org/fhir/tools/StructureDefinition/resource-information",
            "valueString": "StructureDefinition:resource"
          }
        ],
        "reference": {
          "reference": "StructureDefinition/JP-Patient-CCLIX"
        },
        "name": "JP_Patient_CCLIX",
        "description": "診療情報交換に共通の患者情報プロファイル　JP_Patientの派生プロファイル",
        "exampleBoolean": false
      },
      {
        "extension": [
          {
            "url": "http://hl7.org/fhir/tools/StructureDefinition/resource-information",
            "valueString": "StructureDefinition:resource"
          }
        ],
        "reference": {
          "reference": "StructureDefinition/JP-Patient-ePrescriptionData"
        },
        "name": "JP_Patient_ePrescriptionData",
        "description": "処方情報の対象患者のPatientプロファイル　JP_Patientの派生プロファイル",
        "exampleBoolean": false
      },
      {
        "extension": [
          {
            "url": "http://hl7.org/fhir/tools/StructureDefinition/resource-information",
            "valueString": "StructureDefinition:resource"
          }
        ],
        "reference": {
          "reference": "StructureDefinition/JP-PractitionerRole-ePrescriptionData-author"
        },
        "name": "JP_PractitionerRole_ePrescriptionData_author",
        "description": "処方を発行した医療者の資格情報　JP_PractitionerRole の派生プロファイル",
        "exampleBoolean": false
      },
      {
        "extension": [
          {
            "url": "http://hl7.org/fhir/tools/StructureDefinition/resource-information",
            "valueString": "StructureDefinition:resource"
          }
        ],
        "reference": {
          "reference": "StructureDefinition/JP-Practitioner-ePrescriptionData-author"
        },
        "name": "JP_Practitioner_ePrescriptionData_author",
        "description": "処方を作成した医師情報　JP_Practitionerの派生プロファイル",
        "exampleBoolean": false
      },
      {
        "extension": [
          {
            "url": "http://hl7.org/fhir/tools/StructureDefinition/resource-information",
            "valueString": "StructureDefinition:extension"
          }
        ],
        "reference": {
          "reference": "StructureDefinition/JP-Communication-CommunicationContent"
        },
        "name": "JP_Communication_CommunicationContent",
        "description": "処方箋備考情報のための拡張プロファイル",
        "exampleBoolean": false
      },
      {
        "extension": [
          {
            "url": "http://hl7.org/fhir/tools/StructureDefinition/resource-information",
            "valueString": "StructureDefinition:extension"
          }
        ],
        "reference": {
          "reference": "StructureDefinition/jp-medicationrequest-dispenserequest-instructionfordispense"
        },
        "name": "JP Core MedicationRequest DispenseRequest InstructionForDispense Extension",
        "description": "調剤指示。薬剤単位の調剤指示を表現するための拡張",
        "exampleBoolean": false
      },
      {
        "extension": [
          {
            "url": "http://hl7.org/fhir/tools/StructureDefinition/resource-information",
            "valueString": "ValueSet"
          }
        ],
        "reference": {
          "reference": "ValueSet/jami-valueSet-ePreDispenseInstruction"
        },
        "name": "JAMI_valueSet_ePreDispenseInstruction",
        "description": "調剤指示コード（備考欄）",
        "exampleBoolean": false
      },
      {
        "extension": [
          {
            "url": "http://hl7.org/fhir/tools/StructureDefinition/resource-information",
            "valueString": "ValueSet"
          }
        ],
        "reference": {
          "reference": "ValueSet/jami-valueSet-ePreOrderUsageCode-16digits"
        },
        "name": "JAMI_valueSet_ePreOrderUsageCode_16digits",
        "description": "JAMI16桁用法コード",
        "exampleBoolean": false
      },
      {
        "extension": [
          {
            "url": "http://hl7.org/fhir/tools/StructureDefinition/resource-information",
            "valueString": "ValueSet"
          }
        ],
        "reference": {
          "reference": "ValueSet/jp-valueSet-documentTypeCode"
        },
        "name": "doc-typecodes",
        "description": "FHIR文書の文書区分（医療文書全般）",
        "exampleBoolean": false
      },
      {
        "extension": [
          {
            "url": "http://hl7.org/fhir/tools/StructureDefinition/resource-information",
            "valueString": "ValueSet"
          }
        ],
        "reference": {
          "reference": "ValueSet/jp-valueSet-drugCode-gs1-14"
        },
        "name": "JP_valueSet_drugCode_gs1_14",
        "description": "医薬品コードGTIN 14桁",
        "exampleBoolean": false
      },
      {
        "extension": [
          {
            "url": "http://hl7.org/fhir/tools/StructureDefinition/resource-information",
            "valueString": "ValueSet"
          }
        ],
        "reference": {
          "reference": "ValueSet/jp-valueSet-drugCode-hot9"
        },
        "name": "JP_valueSet_drugCode_hot9",
        "description": "MEDIS 医薬品コードHOTコード（9桁）",
        "exampleBoolean": false
      },
      {
        "extension": [
          {
            "url": "http://hl7.org/fhir/tools/StructureDefinition/resource-information",
            "valueString": "ValueSet"
          }
        ],
        "reference": {
          "reference": "ValueSet/jp-valueSet-drugCode-yj"
        },
        "name": "JP_valueSet_drugCode_yj",
        "description": "医薬品コード（YJコード）",
        "exampleBoolean": false
      },
      {
        "extension": [
          {
            "url": "http://hl7.org/fhir/tools/StructureDefinition/resource-information",
            "valueString": "ValueSet"
          }
        ],
        "reference": {
          "reference": "ValueSet/mhlw-valueSet-drugCode-generalNameCode"
        },
        "name": "MHLW_valueSet_drugCode_generalNameCode",
        "description": "厚労省一般処方名マスター(厚労省保険局コード)",
        "exampleBoolean": false
      },
      {
        "extension": [
          {
            "url": "http://hl7.org/fhir/tools/StructureDefinition/resource-information",
            "valueString": "ValueSet"
          }
        ],
        "reference": {
          "reference": "ValueSet/mhlw-valueSet-ePreCDA-insuranceCategory-tbl11"
        },
        "name": "MHLW_valueSet_ePreCDA_insuranceCategory_tbl11",
        "description": "厚労省電子処方CDA規格別表11 保険種別コード",
        "exampleBoolean": false
      },
      {
        "extension": [
          {
            "url": "http://hl7.org/fhir/tools/StructureDefinition/resource-information",
            "valueString": "CodeSystem"
          }
        ],
        "reference": {
          "reference": "CodeSystem/jami-codeSystem-ePreBasicUsageMethod-OneDigit"
        },
        "name": "JAMI_codeSystem_ePreBasicUsageMethod_OneDigit",
        "description": "JAMI標準基本用法区分コード1桁",
        "exampleBoolean": false
      },
      {
        "extension": [
          {
            "url": "http://hl7.org/fhir/tools/StructureDefinition/resource-information",
            "valueString": "CodeSystem"
          }
        ],
        "reference": {
          "reference": "CodeSystem/jami-codeSystem-ePreDetailUsageMethod-TwoDigits"
        },
        "name": "JAMI_codeSystem_ePreDetailUsageMethod_TwoDigits",
        "description": "JAMI標準投与方法区分コード2桁",
        "exampleBoolean": false
      },
      {
        "extension": [
          {
            "url": "http://hl7.org/fhir/tools/StructureDefinition/resource-information",
            "valueString": "CodeSystem"
          }
        ],
        "reference": {
          "reference": "CodeSystem/jami-codeSystem-ePreDispenseInstruction"
        },
        "name": "JAMI_codeSystem_ePreDispenseInstruction",
        "description": "調剤指示コード（備考欄）",
        "exampleBoolean": false
      },
      {
        "extension": [
          {
            "url": "http://hl7.org/fhir/tools/StructureDefinition/resource-information",
            "valueString": "CodeSystem"
          }
        ],
        "reference": {
          "reference": "CodeSystem/jami-codeSystem-ePreOrderUsageAuxCode"
        },
        "name": "JAMI_codeSystem_ePreOrderUsageAuxCode",
        "description": "JAMI補足用法コード8桁",
        "exampleBoolean": false
      },
      {
        "extension": [
          {
            "url": "http://hl7.org/fhir/tools/StructureDefinition/resource-information",
            "valueString": "CodeSystem"
          }
        ],
        "reference": {
          "reference": "CodeSystem/jami-codeSystem-ePreSiteCode"
        },
        "name": "JAMI_codeSystem_ePreSiteCode",
        "description": "JAMI標準用法部位コード（３桁）",
        "exampleBoolean": false
      },
      {
        "extension": [
          {
            "url": "http://hl7.org/fhir/tools/StructureDefinition/resource-information",
            "valueString": "CodeSystem"
          }
        ],
        "reference": {
          "reference": "CodeSystem/jami-codeSystem-ePreUsageRoute"
        },
        "name": "JAMI_codeSystem_ePreUsageRoute",
        "description": "HL7医薬品投与経路コード（JAHIS 使用者定義表 0162 投薬経路）",
        "exampleBoolean": false
      },
      {
        "extension": [
          {
            "url": "http://hl7.org/fhir/tools/StructureDefinition/resource-information",
            "valueString": "CodeSystem"
          }
        ],
        "reference": {
          "reference": "CodeSystem/jp-codeSystem-documentTypeCode"
        },
        "name": "JP_codeSystem_documentTypeCode",
        "description": "FHIR文書の文書区分（医療文書全般）",
        "exampleBoolean": false
      },
      {
        "extension": [
          {
            "url": "http://hl7.org/fhir/tools/StructureDefinition/resource-information",
            "valueString": "CodeSystem"
          }
        ],
        "reference": {
          "reference": "CodeSystem/jp-codeSystem-ePreCommunication-category"
        },
        "name": "JP_codeSystem_ePreCommunication_category",
        "description": "処方箋備考区分",
        "exampleBoolean": false
      },
      {
        "extension": [
          {
            "url": "http://hl7.org/fhir/tools/StructureDefinition/resource-information",
            "valueString": "CodeSystem"
          }
        ],
        "reference": {
          "reference": "CodeSystem/jp-codeSystem-ePrescription-section"
        },
        "name": "JP_codeSystem_ePrescription_section",
        "description": "処方セクション区分コード",
        "exampleBoolean": false
      },
      {
        "extension": [
          {
            "url": "http://hl7.org/fhir/tools/StructureDefinition/resource-information",
            "valueString": "CodeSystem"
          }
        ],
        "reference": {
          "reference": "CodeSystem/jp-codeSystem-insurerNumber"
        },
        "name": "JP_codeSystem_insurerNumber",
        "description": "保険者番号",
        "exampleBoolean": false
      },
      {
        "extension": [
          {
            "url": "http://hl7.org/fhir/tools/StructureDefinition/resource-information",
            "valueString": "CodeSystem"
          }
        ],
        "reference": {
          "reference": "CodeSystem/jp-codeSystem-practitioner-certificate-category"
        },
        "name": "JP_codeSystem_practitioner_certificate_category",
        "description": "医療従事者資格種別",
        "exampleBoolean": false
      },
      {
        "extension": [
          {
            "url": "http://hl7.org/fhir/tools/StructureDefinition/resource-information",
            "valueString": "CodeSystem"
          }
        ],
        "reference": {
          "reference": "CodeSystem/jp-codeSystem-practitioner-role-category"
        },
        "name": "JP_codeSystem_practitioner_role_category",
        "description": "医療者役割コード(処方)",
        "exampleBoolean": false
      },
      {
        "extension": [
          {
            "url": "http://hl7.org/fhir/tools/StructureDefinition/resource-information",
            "valueString": "CodeSystem"
          }
        ],
        "reference": {
          "reference": "CodeSystem/jp-codeSystem-prefectureNumber"
        },
        "name": "JP_codeSystem_prefectureNumber",
        "description": "都道府県番号",
        "exampleBoolean": false
      },
      {
        "extension": [
          {
            "url": "http://hl7.org/fhir/tools/StructureDefinition/resource-information",
            "valueString": "CodeSystem"
          }
        ],
        "reference": {
          "reference": "CodeSystem/jp-codeSystem-prescription-category"
        },
        "name": "JP_codeSystem_prescription_category",
        "description": "処方箋区分コード　（01:一般処方箋、02:麻薬処方箋、03:分割一般処方）",
        "exampleBoolean": false
      },
      {
        "extension": [
          {
            "url": "http://hl7.org/fhir/tools/StructureDefinition/resource-information",
            "valueString": "CodeSystem"
          }
        ],
        "reference": {
          "reference": "CodeSystem/jp-codeSystem-publicPyerNumber"
        },
        "name": "JP_codeSystem_publicPyerNumber",
        "description": "公費負担者番号",
        "exampleBoolean": false
      },
      {
        "extension": [
          {
            "url": "http://hl7.org/fhir/tools/StructureDefinition/resource-information",
            "valueString": "CodeSystem"
          }
        ],
        "reference": {
          "reference": "CodeSystem/mhlw-codeSystem-claimOrganizationCategory-tbl22"
        },
        "name": "MHLW_codeSystem_claimOrganizationCategory_tbl22",
        "description": "厚労省電子処方CDA規格別別表２２ 点数表番号",
        "exampleBoolean": false
      },
      {
        "extension": [
          {
            "url": "http://hl7.org/fhir/tools/StructureDefinition/resource-information",
            "valueString": "CodeSystem"
          }
        ],
        "reference": {
          "reference": "CodeSystem/mhlw-codeSystem-claimOrganizationNo7digits-tbl23"
        },
        "name": "MHLW_codeSystem_claimOrganizationNo7digits_tbl23",
        "description": "厚労省電子処方CDA規格別別表２３ 保険医療機関番号（7桁）",
        "exampleBoolean": false
      },
      {
        "extension": [
          {
            "url": "http://hl7.org/fhir/tools/StructureDefinition/resource-information",
            "valueString": "CodeSystem"
          }
        ],
        "reference": {
          "reference": "CodeSystem/mhlw-codeSystem-drugUnitAbbr-tbl20"
        },
        "name": "MHLW_codeSystem_drugUnitAbbr_tbl20",
        "description": "厚労省電子処方CDA規格別表２０\t医薬品単位略号",
        "exampleBoolean": false
      },
      {
        "extension": [
          {
            "url": "http://hl7.org/fhir/tools/StructureDefinition/resource-information",
            "valueString": "CodeSystem"
          }
        ],
        "reference": {
          "reference": "CodeSystem/mhlw-codeSystem-ePreCDA-clinicalDepartment-tbl10"
        },
        "name": "MHLW_codeSystem_ePreCDA_clinicalDepartment_tbl10",
        "description": "厚労省電子処方CDA規格別表10 診療科コード",
        "exampleBoolean": false
      },
      {
        "extension": [
          {
            "url": "http://hl7.org/fhir/tools/StructureDefinition/resource-information",
            "valueString": "CodeSystem"
          }
        ],
        "reference": {
          "reference": "CodeSystem/mhlw-codeSystem-ePreCDA-documentCategory-tbl011"
        },
        "name": "MHLW_codeSystem_ePreCDA_documentCategory_tbl01",
        "description": "厚労省電子処方CDA規格別表１ 文書区分コード",
        "exampleBoolean": false
      },
      {
        "extension": [
          {
            "url": "http://hl7.org/fhir/tools/StructureDefinition/resource-information",
            "valueString": "CodeSystem"
          }
        ],
        "reference": {
          "reference": "CodeSystem/mhlw-codeSystem-ePreCDA-drugDosageStrength-tbl04"
        },
        "name": "MHLW_codeSystem_ePreCDA_drugDosageStrength_tbl04",
        "description": "厚労省電子処方CDA規格別表4 力価区分コード",
        "exampleBoolean": false
      },
      {
        "extension": [
          {
            "url": "http://hl7.org/fhir/tools/StructureDefinition/resource-information",
            "valueString": "CodeSystem"
          }
        ],
        "reference": {
          "reference": "CodeSystem/mhlw-codeSystem-ePreCDA-drugUsageForm-tbl03"
        },
        "name": "MHLW_codeSystem_ePreCDA_drugsageForm_tbl03",
        "description": "厚労省電子処方CDA規格別表3  剤形区分コード",
        "exampleBoolean": false
      },
      {
        "extension": [
          {
            "url": "http://hl7.org/fhir/tools/StructureDefinition/resource-information",
            "valueString": "CodeSystem"
          }
        ],
        "reference": {
          "reference": "CodeSystem/mhlw-codeSystem-ePreCDA-instructionResidual-tbl09"
        },
        "name": "MHLW_codeSystem_ePreCDA_instructionResidual_tbl09",
        "description": "厚労省電子処方CDA規格別表9 残薬確認指示コード",
        "exampleBoolean": false
      },
      {
        "extension": [
          {
            "url": "http://hl7.org/fhir/tools/StructureDefinition/resource-information",
            "valueString": "CodeSystem"
          }
        ],
        "reference": {
          "reference": "CodeSystem/mhlw-codeSystem-ePreCDA-insuranceCategory-tbl11"
        },
        "name": "MHLW_codeSystem_ePreCDA_insuranceCategory_tbl11",
        "description": "厚労省電子処方CDA規格別表11 保険種別コード",
        "exampleBoolean": false
      },
      {
        "extension": [
          {
            "url": "http://hl7.org/fhir/tools/StructureDefinition/resource-information",
            "valueString": "CodeSystem"
          }
        ],
        "reference": {
          "reference": "CodeSystem/mhlw-codeSystem-ePreCDA-insuredCoPayCategory-tbl13"
        },
        "name": "MHLW_codeSystem_ePreCDA_insuredCoPayCategory_tbl13",
        "description": "厚労省電子処方CDA規格別表13 患者一部負担コード",
        "exampleBoolean": false
      },
      {
        "extension": [
          {
            "url": "http://hl7.org/fhir/tools/StructureDefinition/resource-information",
            "valueString": "CodeSystem"
          }
        ],
        "reference": {
          "reference": "CodeSystem/mhlw-codeSystem-ePreCDA-insuredRelationship-tbl12"
        },
        "name": "MHLW_codeSystem_ePreCDA_insuredRelationship_tbl12",
        "description": "厚労省電子処方CDA規格別表12 被保険者区分コード",
        "exampleBoolean": false
      },
      {
        "extension": [
          {
            "url": "http://hl7.org/fhir/tools/StructureDefinition/resource-information",
            "valueString": "CodeSystem"
          }
        ],
        "reference": {
          "reference": "CodeSystem/mhlw-codeSystem-ePreCDA-sectionCategory-tbl02"
        },
        "name": "MHLW_codeSystem_ePreCDA_sectionCategory_tbl02",
        "description": "厚労省電子処方CDA規格別表2 セクション区分コード",
        "exampleBoolean": false
      },
      {
        "extension": [
          {
            "url": "http://hl7.org/fhir/tools/StructureDefinition/resource-information",
            "valueString": "CodeSystem"
          }
        ],
        "reference": {
          "reference": "CodeSystem/mhlw-codeSystem-ePreCDA-unable2Change2Generic-tbl08"
        },
        "name": "MHLW_codeSystem_ePreCDA_unable2Change2Generic_tbl08",
        "description": "厚労省電子処方CDA規格別表8 後発品変更不可コード",
        "exampleBoolean": false
      },
      {
        "extension": [
          {
            "url": "http://hl7.org/fhir/tools/StructureDefinition/resource-information",
            "valueString": "Bundle"
          }
        ],
        "reference": {
          "reference": "Bundle/Bundle-for-JP-MedReq-ePreBundleExample01"
        },
        "name": "Bundle-for-JP-MedReq-ePreBundleExample01",
        "description": "処方Bundleのインスタンス例",
        "exampleCanonical": "http://jpfhir.jp/fhir/ePrescription/StructureDefinition/JP_Bundle_ePrescriptionData"
      },
      {
        "extension": [
          {
            "url": "http://hl7.org/fhir/tools/StructureDefinition/resource-information",
            "valueString": "Communication"
          }
        ],
        "reference": {
          "reference": "Communication/JP-Commumication-ePreData-Example"
        },
        "name": "JP-Commumication-ePreData-Example",
        "exampleCanonical": "http://jpfhir.jp/fhir/StructureDefinition/JP_Communication"
      },
      {
        "extension": [
          {
            "url": "http://hl7.org/fhir/tools/StructureDefinition/resource-information",
            "valueString": "Composition"
          }
        ],
        "reference": {
          "reference": "Composition/JP-Composition-ePreBundleExample01"
        },
        "name": "JP-Composition-ePreBundleExample01",
        "exampleCanonical": "http://jpfhir.jp/fhir/ePrescription/StructureDefinition/JP_Composition_ePrescriptionData"
      },
      {
        "extension": [
          {
            "url": "http://hl7.org/fhir/tools/StructureDefinition/resource-information",
            "valueString": "Coverage"
          }
        ],
        "reference": {
          "reference": "Coverage/JP-Coverage-ePreData-insurance-Example"
        },
        "name": "JP-Coverage-ePreData-insurance-Example",
        "description": "医療保険Coverageリソースのインスタンス例（被保険者記号12345　番号６７８９０ 枝番01）",
        "exampleCanonical": "http://jpfhir.jp/fhir/ePrescription/StructureDefinition/JP_Coverage_ePrescriptionData_insurance"
      },
      {
        "extension": [
          {
            "url": "http://hl7.org/fhir/tools/StructureDefinition/resource-information",
            "valueString": "Coverage"
          }
        ],
        "reference": {
          "reference": "Coverage/JP-Coverage-ePreData-publicPayment-Example"
        },
        "name": "JP-Coverage-ePreData-publicPayment-Example",
        "description": "公費Coverageリソースのインスタンス例（公費負担者番号12345678）",
        "exampleCanonical": "http://jpfhir.jp/fhir/ePrescription/StructureDefinition/JP_Coverage_ePrescriptionData_publicPayment"
      },
      {
        "extension": [
          {
            "url": "http://hl7.org/fhir/tools/StructureDefinition/resource-information",
            "valueString": "Encounter"
          }
        ],
        "reference": {
          "reference": "Encounter/JP-Encounter-ePreData-Example"
        },
        "name": "JP-Encounter-ePreData-Example",
        "description": "受診情報Encounterリソースのインスタンス例（外来）",
        "exampleCanonical": "http://jpfhir.jp/fhir/ePrescription/StructureDefinition/JP_Encounter_ePrescriptionData"
      },
      {
        "extension": [
          {
            "url": "http://hl7.org/fhir/tools/StructureDefinition/resource-information",
            "valueString": "MedicationRequest"
          }
        ],
        "reference": {
          "reference": "MedicationRequest/JP-MedReq-ePreData-Example-fukintouByDay"
        },
        "name": "JP-MedReq-ePreData-Example-fukintouByDay",
        "description": "不均等投与1日用法の医薬品処方１件　MedicationRequestリソースのインスタンス例（プレドニン錠５ｍｇ１日３回　毎食後　７錠（４錠－２錠－１錠））",
        "exampleCanonical": "http://jpfhir.jp/fhir/ePrescription/StructureDefinition/JP_MedicationRequest_ePrescriptionData"
      },
      {
        "extension": [
          {
            "url": "http://hl7.org/fhir/tools/StructureDefinition/resource-information",
            "valueString": "MedicationRequest"
          }
        ],
        "reference": {
          "reference": "MedicationRequest/JP-MedReq-ePreData-Example-fukintouByTimes01"
        },
        "name": "JP-MedReq-ePreData-Example-fukintouByTimes01",
        "description": "不均等投与の各回処方例　医薬品処方１件　MedicationRequestリソースのインスタンス例（1回目）",
        "exampleCanonical": "http://jpfhir.jp/fhir/ePrescription/StructureDefinition/JP_MedicationRequest_ePrescriptionData"
      },
      {
        "extension": [
          {
            "url": "http://hl7.org/fhir/tools/StructureDefinition/resource-information",
            "valueString": "MedicationRequest"
          }
        ],
        "reference": {
          "reference": "MedicationRequest/JP-MedReq-ePreData-Example-fukintouByTimes02"
        },
        "name": "JP-MedReq-ePreData-Example-fukintouByTimes02",
        "description": "不均等投与の各回処方例　医薬品処方１件　MedicationRequestリソースのインスタンス例（２回目）",
        "exampleCanonical": "http://jpfhir.jp/fhir/ePrescription/StructureDefinition/JP_MedicationRequest_ePrescriptionData"
      },
      {
        "extension": [
          {
            "url": "http://hl7.org/fhir/tools/StructureDefinition/resource-information",
            "valueString": "MedicationRequest"
          }
        ],
        "reference": {
          "reference": "MedicationRequest/JP-MedReq-ePreData-Example-fukintouByTimes03"
        },
        "name": "JP-MedReq-ePreData-Example-fukintouByTimes03",
        "description": "不均等投与の各回処方例　医薬品処方１件　MedicationRequestリソースのインスタンス例（３回目）",
        "exampleCanonical": "http://jpfhir.jp/fhir/ePrescription/StructureDefinition/JP_MedicationRequest_ePrescriptionData"
      },
      {
        "extension": [
          {
            "url": "http://hl7.org/fhir/tools/StructureDefinition/resource-information",
            "valueString": "MedicationRequest"
          }
        ],
        "reference": {
          "reference": "MedicationRequest/JP-MedReq-ePreData-Example-gaiyou01"
        },
        "name": "JP-MedReq-ePreData-Example-gaiyou01",
        "description": "外用点眼　処方例１件　MedicationRequestリソースのインスタンス例",
        "exampleCanonical": "http://jpfhir.jp/fhir/ePrescription/StructureDefinition/JP_MedicationRequest_ePrescriptionData"
      },
      {
        "extension": [
          {
            "url": "http://hl7.org/fhir/tools/StructureDefinition/resource-information",
            "valueString": "MedicationRequest"
          }
        ],
        "reference": {
          "reference": "MedicationRequest/JP-MedReq-ePreData-Example-gaiyou02"
        },
        "name": "JP-MedReq-ePreData-Example-gaiyou02",
        "description": "外用塗布　処方例１件　MedicationRequestリソースのインスタンス例",
        "exampleCanonical": "http://jpfhir.jp/fhir/ePrescription/StructureDefinition/JP_MedicationRequest_ePrescriptionData"
      },
      {
        "extension": [
          {
            "url": "http://hl7.org/fhir/tools/StructureDefinition/resource-information",
            "valueString": "MedicationRequest"
          }
        ],
        "reference": {
          "reference": "MedicationRequest/JP-MedReq-ePreData-Example-gaiyou03"
        },
        "name": "JP-MedReq-ePreData-Example-gaiyou03",
        "description": "外用坐薬　処方例１件　MedicationRequestリソースのインスタンス例",
        "exampleCanonical": "http://jpfhir.jp/fhir/ePrescription/StructureDefinition/JP_MedicationRequest_ePrescriptionData"
      },
      {
        "extension": [
          {
            "url": "http://hl7.org/fhir/tools/StructureDefinition/resource-information",
            "valueString": "MedicationRequest"
          }
        ],
        "reference": {
          "reference": "MedicationRequest/JP-MedReq-ePreData-Example-kakujitsu"
        },
        "name": "JP-MedReq-ePreData-Example-kakujitsu",
        "description": "隔日投与内服　処方例１件　MedicationRequestリソースのインスタンス例",
        "exampleCanonical": "http://jpfhir.jp/fhir/ePrescription/StructureDefinition/JP_MedicationRequest_ePrescriptionData"
      },
      {
        "extension": [
          {
            "url": "http://hl7.org/fhir/tools/StructureDefinition/resource-information",
            "valueString": "MedicationRequest"
          }
        ],
        "reference": {
          "reference": "MedicationRequest/JP-MedReq-ePreData-Example-naihuku"
        },
        "name": "JP-MedReq-ePreData-Example-naihuku",
        "description": "内服　処方例１件　MedicationRequestリソースのインスタンス例",
        "exampleCanonical": "http://jpfhir.jp/fhir/ePrescription/StructureDefinition/JP_MedicationRequest_ePrescriptionData"
      },
      {
        "extension": [
          {
            "url": "http://hl7.org/fhir/tools/StructureDefinition/resource-information",
            "valueString": "MedicationRequest"
          }
        ],
        "reference": {
          "reference": "MedicationRequest/JP-MedReq-ePreData-Example-youbiShiitei"
        },
        "name": "JP-MedReq-ePreData-Example-youbiShiitei",
        "description": "曜日指定の内服　処方例１件　MedicationRequestリソースのインスタンス例",
        "exampleCanonical": "http://jpfhir.jp/fhir/ePrescription/StructureDefinition/JP_MedicationRequest_ePrescriptionData"
      },
      {
        "extension": [
          {
            "url": "http://hl7.org/fhir/tools/StructureDefinition/resource-information",
            "valueString": "MedicationRequest"
          }
        ],
        "reference": {
          "reference": "MedicationRequest/JP-MedReq-ePreData-Example-zenzou01per03"
        },
        "name": "JP-MedReq-ePreData-Example-zenzou01per03",
        "description": "漸増内服処方最初の２日間　処方例１件　MedicationRequestリソースのインスタンス例",
        "exampleCanonical": "http://jpfhir.jp/fhir/ePrescription/StructureDefinition/JP_MedicationRequest_ePrescriptionData"
      },
      {
        "extension": [
          {
            "url": "http://hl7.org/fhir/tools/StructureDefinition/resource-information",
            "valueString": "MedicationRequest"
          }
        ],
        "reference": {
          "reference": "MedicationRequest/JP-MedReq-ePreData-Example-zenzou02per03"
        },
        "name": "JP-MedReq-ePreData-Example-zenzou02per03",
        "description": "漸増内服処方　次の３日間　処方例１件　MedicationRequestリソースのインスタンス例",
        "exampleCanonical": "http://jpfhir.jp/fhir/ePrescription/StructureDefinition/JP_MedicationRequest_ePrescriptionData"
      },
      {
        "extension": [
          {
            "url": "http://hl7.org/fhir/tools/StructureDefinition/resource-information",
            "valueString": "MedicationRequest"
          }
        ],
        "reference": {
          "reference": "MedicationRequest/JP-MedReq-ePreData-Example-zenzou03per03"
        },
        "name": "JP-MedReq-ePreData-Example-zenzou03per03",
        "description": "漸増内服処方　最後の２日間処方例１件　MedicationRequestリソースのインスタンス例",
        "exampleCanonical": "http://jpfhir.jp/fhir/ePrescription/StructureDefinition/JP_MedicationRequest_ePrescriptionData"
      },
      {
        "extension": [
          {
            "url": "http://hl7.org/fhir/tools/StructureDefinition/resource-information",
            "valueString": "Organization"
          }
        ],
        "reference": {
          "reference": "Organization/JP-Organization-ePreData-coveragePayer-Example"
        },
        "name": "JP-Organization-ePreData-coveragePayer-Example",
        "description": "健康保険者　 Organizationリソースのインスタンス例",
        "exampleCanonical": "http://jpfhir.jp/fhir/ePrescription/StructureDefinition/JP_Organization_ePrescriptionData_coveragePayer"
      },
      {
        "extension": [
          {
            "url": "http://hl7.org/fhir/tools/StructureDefinition/resource-information",
            "valueString": "Organization"
          }
        ],
        "reference": {
          "reference": "Organization/JP-Organization-ePreData-departmentOfIssuer-Example"
        },
        "name": "JP-Organization-ePreData-departmentOfIssuer-Example",
        "description": "処方発行の診療科　 Organizationリソースのインスタンス例（診療科コードがある例）",
        "exampleCanonical": "http://jpfhir.jp/fhir/ePrescription/StructureDefinition/JP_Organization_ePrescriptionData_departmentOfIssuer"
      },
      {
        "extension": [
          {
            "url": "http://hl7.org/fhir/tools/StructureDefinition/resource-information",
            "valueString": "Organization"
          }
        ],
        "reference": {
          "reference": "Organization/JP-Organization-ePreData-departmentOfIssuer-ExampleType2"
        },
        "name": "JP-Organization-ePreData-departmentOfIssuer-ExampleType2",
        "description": "処方発行の診療科　 Organizationリソースのインスタンス例（診療科コードがない例）",
        "exampleCanonical": "http://jpfhir.jp/fhir/ePrescription/StructureDefinition/JP_Organization_ePrescriptionData_departmentOfIssuer"
      },
      {
        "extension": [
          {
            "url": "http://hl7.org/fhir/tools/StructureDefinition/resource-information",
            "valueString": "Organization"
          }
        ],
        "reference": {
          "reference": "Organization/JP-Organization-ePreData-issuer-Example"
        },
        "name": "JP-Organization-ePreData-issuer-Example",
        "description": "処方発行の医療機関　 Organizationリソースのインスタンス例",
        "exampleCanonical": "http://jpfhir.jp/fhir/ePrescription/StructureDefinition/JP_Organization_ePrescriptionData_issuer"
      },
      {
        "extension": [
          {
            "url": "http://hl7.org/fhir/tools/StructureDefinition/resource-information",
            "valueString": "Organization"
          }
        ],
        "reference": {
          "reference": "Organization/JP-Organization-ePreData-publicPayer-Example"
        },
        "name": "JP-Organization-ePreData-publicPayer-Example",
        "description": "公費負担者組織（自治体） Organizationリソースのインスタンス例",
        "exampleCanonical": "http://jpfhir.jp/fhir/ePrescription/StructureDefinition/JP_Organization_ePrescriptionData_coveragePayer"
      },
      {
        "extension": [
          {
            "url": "http://hl7.org/fhir/tools/StructureDefinition/resource-information",
            "valueString": "Patient"
          }
        ],
        "reference": {
          "reference": "Patient/JP-Patient-ePreData-Example"
        },
        "name": "JP-Patient-ePreData-Example",
        "description": "処方対象の患者 Patientリソースのインスタンス例",
        "exampleCanonical": "http://jpfhir.jp/fhir/ePrescription/StructureDefinition/JP_Patient_ePrescriptionData"
      },
      {
        "extension": [
          {
            "url": "http://hl7.org/fhir/tools/StructureDefinition/resource-information",
            "valueString": "Practitioner"
          }
        ],
        "reference": {
          "reference": "Practitioner/JP-Practitioner-ePreData-author-Example"
        },
        "name": "JP-Practitioner-ePreData-author-Example",
        "description": "処方した医師 Practitionerリソースのインスタンス例（医師免許番号と麻薬施用者番号あり）",
        "exampleCanonical": "http://jpfhir.jp/fhir/ePrescription/StructureDefinition/JP_Practitioner_ePrescriptionData_author"
      },
      {
        "extension": [
          {
            "url": "http://hl7.org/fhir/tools/StructureDefinition/resource-information",
            "valueString": "PractitionerRole"
          }
        ],
        "reference": {
          "reference": "PractitionerRole/JP-PractitionerRole-ePreData-author-Example"
        },
        "name": "JP-PractitionerRole-ePreData-author-Example",
        "description": "処方した医師の役割 PractitionerRoleリソースのインスタンス例",
        "exampleCanonical": "http://jpfhir.jp/fhir/ePrescription/StructureDefinition/JP_PractitionerRole_ePrescriptionData_author"
      }
    ],
    "page": {
      "nameUrl": "toc.html",
      "title": "Table of Contents",
      "generation": "html",
      "page": [
        {
          "nameUrl": "index.html",
          "title": "処方情報HL7&reg; FHIR&reg;記述仕様書 第1版",
          "generation": "markdown"
        },
        {
          "nameUrl": "ePreTables.html",
          "title": "各表一覧",
          "generation": "markdown"
        }
      ]
    },
    "parameter": [
      {
        "code": "path-resource",
        "value": "input/resources"
      },
      {
        "code": "path-resource",
        "value": "fsh-generated/resources"
      },
      {
        "code": "path-pages",
        "value": "input/pagecontent"
      },
      {
        "code": "path-pages",
        "value": "fsh-generated/includes"
      },
      {
        "code": "path-resource",
        "value": "input/capabilities"
      },
      {
        "code": "path-resource",
        "value": "input/examples"
      },
      {
        "code": "path-resource",
        "value": "input/extensions"
      },
      {
        "code": "path-resource",
        "value": "input/models"
      },
      {
        "code": "path-resource",
        "value": "input/operations"
      },
      {
        "code": "path-resource",
        "value": "input/profiles"
      },
      {
        "code": "path-resource",
        "value": "input/vocabulary"
      },
      {
        "code": "path-resource",
        "value": "input/testing"
      },
      {
        "code": "path-resource",
        "value": "input/history"
      },
      {
        "code": "path-pages",
        "value": "template/config"
      },
      {
        "code": "path-pages",
        "value": "input/images"
      },
      {
        "code": "path-tx-cache",
        "value": "input-cache/txcache"
      }
    ]
  }
}